{"BFqwB5ykazbBgDgKBdUQXbF3jTojmvKF1ojkdy8iRRya":5.267176502068671,"Abf5tqSGLUdvFqYXGJNhtuobALKEBE9keLwVa7hWswYs":124.15254604872037,"FLFgs9VSvCE3PNrYA444tqnHMEuYcv4Fm4h4YSiPhNv":9.335545293661141,"BQ1jq8mBXwPKAb3Kw4GjZ82bvphmYsQ5wXJB7NFLGi8T":0,"89KEoMijwKueBGnQRQPRTctFnnecKPubJ3TednYMdHcN":0,"u3eDdAk73RZrnzFpNv57YvYg4wekAiPrjuZ2PVGT7GP":59.888326461834104,"4TSc78uBwxcXoJcU2v42Avnr6ajRAPTkR2Jabs3d5q6p":72.3581219199029,"ANwm5mTBHmc9bNAsDjJTwC1NyEhP6JGRMrbBQh7yr2ke":167958881169.71002,"7grZGsGJF9uzaov5XWpX3MRhdrwpibu2hDEg6dRELvZA":0,"XoPMhuqTbYD5Y2jeY9TzCUxbkDW4BiEVyLUKLwY2p75":9147739.906568661,"51MRiTs3VpwfrPkbrv8tg6dCtNbxbRkrvps1ty3gxQUA":0,"6bDoix6DQ3vMJgPVMasEEaEppPGnAzGtg4gJKihwDDKf":1001,"AXgwRJGua2UTUABsvUa4DrJxo46Eh4zCJZD5hGX8CiAY":2.5564551979127437,"3JTxASz9EFtLZ4KuYpnHwVJws4BqDeaLv1Xvrt4jbE4T":6472.553283490793,"FFmnbpEwoexJf4s4ph9YBEud1mbPsotSiwCFMcwqQG73":2.132605029102419,"BSk5nTn9AWgfkSBTHp1PSCDuGS1ny3TRUv63kZVEShA7":0,"GqkYMBw1sVZPzy8P9v9H8bukjsom3ycjKnvBwmNn2hyr":0,"8Lx16Z9a9miZCFMRoUzDbYjpd5t7Mzgt3DT1xWCt1XeN":2.022209211297543,"2J8K2e6agprbRiDsJS3RS6PPcUKBoFjFSavV5wRQWsXD":31125.126177652724,"9AUFE9igVQaBn3p8tEZ7MYtFNzoERbwAPyJWC8aXHvub":36.09082636369021,"GznBFqJXdWXYBCtXuC2PQv27tHdA44o9v7Nn8CentRx7":27.359143178680554,"8YaMJBo37Uh9mE5bFbwsdSRvGdarMiEounYsgdw4nApS":347.43792134485665,"BeGhPWfHPm7SZfE5PkAxvAD8F47ZpFgP7vcQ6wjm2HK5":0,"BSsWGm1vMeKC5Hyuqch9EDUTLDoeq24bM73Lzjrekaa1":137.38447032320695,"F5kwcjandNtRFjZhUruUjwi3aT1ibc1d7PHw5x4NdX7W":141.375427161119,"GufoVXKw7WNsBPV8dFWzkttyfnyBiKHVFpFQWMUuehZP":362483.6217561572,"AUYtySCkLeZCW7WByZcVoe5Cwu5dXXXDu8fPw9JvweRQ":41.928052479150594,"6BJMRCkLRuLAAh9DZbB8GeSdXNtTFyf8d3pJt17SRqAQ":0.8640272663982485,"ASy3wzu5j9HsLJtcLx3vn2uhYEZ7De5gMjScvpiYg3xT":3.556660155763799e+51,"F6fvGMXQhF5bd9jLGMSALxZ1atrYQRUQe7tA2qEss7v6":19.53379302764542,"FEJnLkggFL1g9aqT9ABytkjNvz9vBzsMN139XSu34J1u":74.50026842319024,"6zAa5rjojoSf7GtE3c1zoHJWuVE2osvJ3Jnx5jtjAL4J":741.782329882491,"8yfsbHsW9rQs7z4bAcFvYbF3mENcaTLy3Zc8mTKn4wHr":1.8829991173835436,"7Dz2hTbQ3spKQMwqHwAygyAjrFJb5Lsz6k3U7UYj4Dgf":0.8905410664463709,"GzFqFH6ZBercta9MXy9Yd6Y5K5XD6oAYDUFVPa2yGcX2":937256.8405794374,"6L4gsPyLPzLabBvRKz6EVJEGUuzM19d6jssk1TpjU81U":313.99584598421796,"4EMu7bf5aSG3Mw3P28L2ZbHPc1g6g2rstZoipxiKCCms":403.77643483938186,"5qRGHYs2vZW7r8EuS9Ue31nG9oT56N1PiwFvvvdmnTP":0,"HZhLjj3coDxp7yJNvfedPWz6uUsx56VuGRonYU7vGPDz":0,"67fFBbVNmQ3WAVQCX9JgJHjoeXsPMSj1LVAPrJv6Wr9Y":12312.472721493768,"2hWb2hvyw9wabWvmBewq5U4741pDhBw6yHieMqU8XY5f":0.9736547810311524,"2E4MHKJJDgd9ck9n1iBCCV1AWtijPch8QA6xSkpc74qm":978.1408951131314,"6rYCysPWUbHmnUYx81ViFx2gqTreTghxirbqXCNKdQm5":831.9382105426733,"HcFjsJxMW3SGQJjT8L2Qj9ZB3GEhoazCQ4GBETWgjri":1938.7740246925684,"Giv3XpwrAbmvHK1Y97sywgeeU75GdZybu5n1qQWyqBHF":445.611653352882,"6goNaEv9WXtKNqKADHBLit6YSwHTu6SoRPfhqcktjg3x":0.8071283398097151,"aU8biCQ1QGwNUTUiqcmqtWraTyAHS4DrgWkPsv6Hn5P":0,"4uf2sXzTpAQDwwvm8vMj8369knyhWmbd5kVo8v79QAYF":1.9180437100450476,"45yiQ41hd6Q3CxkNGaEZJb6qHnMDYnsqTwbEu2iortiJ":0,"BUYuhKiQJ1h5ienwnBRtmE2Uv1VkhNRDcNE7wNCBRXBx":3.0918751942986322,"A7hQtjGcDNAHPamo2uWwFgHWSuRxLPFbU4zM7NwCcPHc":0.18966184099487027,"C1n8x3kT9keCckaJ8XYR3wERHiSJs7wF21Cs87W5qvYZ":1.2136497763408761e+110,"ACXciJLRbU2bNAZHusEvQ6fmdx4zi6raTtwpStcwgPk4":552954860547.1167,"6o5i9bhjxiWvnJiEzJDrcoqKXFFeRfoPxMa2WB6juoT6":0.278691247230034,"2HAq6twVGAE3G78M5gt5nNTaHvZMu6wTXZu8aiTibxM8":112.70161242637099,"6hcsxoHMMiKJNEhKPAeMPTh9Y45ucxNiX5eeX2SjadEg":1.069992483957427,"8BPyRoitZfZavfqu631sTV8qVrcjxB97McrpraiLvJBh":0,"GV7f4PG9SbjmiHdzjAGuaKEjxNWf3iVcC2XWmWcwbMyj":3654.981439845057,"GyBgcGcUrfrQSwFARSXcSTttU1Q4ryq6G5SuG5jo4iQ5":1001,"r5DnUeJuZS58jJyznxSmkXZZK1i2ubdhYvmFJ5nnZa1":1772.967783281038,"2hD563di8oQHaYFGsMoUbPLnxaDhdnyrYGa71GagfJzQ":216.0073122853687,"3mSwwe52Cm1bnTW8UMKsU2bvtQUpkTnnhv4B2TtH4w51":3533.1429708978476,"9CtCnqqZBvia995tGpAk8LXL5WeMoBSty4n5BLrBHZtp":35.94350270695901,"A63nv8YHcj2AbwYtjZNEKE9A5ptsJt8opqW8ZKkzSpzT":37.687990141087234,"CDmjbLNTfHoiGEKeNi7KLChYNbaCyszGkPBDZpaztDC3":3.930917740427242,"BTmk8r1FLmWGswHDk2FmKxN9LxCkXuvGrpv6qfLMw2jU":4.139825217242388,"9gDFKhUKMJw3A5VtNSQcmcbDXoArqSmPrsxvkQKbpkfa":11273.710476437478,"6Ava7y4kwnw1NF4v8ZpmHPb36RuMH8TTJeZwWteamK1H":25923946.399804905,"FAQ9jLb8BTNJyMVad58wJ26Vq4FVsWkSXtmcK9KWkHAb":931.9173254413887,"C3wrLoZyxFBSZZEyWvf1QspzydbE1m3QtPdqkosWcqxQ":1.3730522402778028e+127,"8Li8nmW6Ksdbhry8pwDyPuWgxPnCHvczTsbfzERLBquN":4393.970018954964,"BNk21idaqbkyFDnhF4KZQJfwPkF62PjZRyMUwaGbMBGt":39.22022629640543,"8VFhkSU5otMeR3XhTgbU7Npm2QYvkKyomzRFGUshPTKF":146.11817005400795}