{"67fFBbVNmQ3WAVQCX9JgJHjoeXsPMSj1LVAPrJv6Wr9Y":13225.392670660773,"3mSwwe52Cm1bnTW8UMKsU2bvtQUpkTnnhv4B2TtH4w51":134.68565971654746,"2J8K2e6agprbRiDsJS3RS6PPcUKBoFjFSavV5wRQWsXD":2207296340.9445972,"8YaMJBo37Uh9mE5bFbwsdSRvGdarMiEounYsgdw4nApS":370.8192322501961,"GufoVXKw7WNsBPV8dFWzkttyfnyBiKHVFpFQWMUuehZP":847.1265447300058,"GyBgcGcUrfrQSwFARSXcSTttU1Q4ryq6G5SuG5jo4iQ5":1001,"Giv3XpwrAbmvHK1Y97sywgeeU75GdZybu5n1qQWyqBHF":41.156941192442,"BSk5nTn9AWgfkSBTHp1PSCDuGS1ny3TRUv63kZVEShA7":0,"2hWb2hvyw9wabWvmBewq5U4741pDhBw6yHieMqU8XY5f":0,"GznBFqJXdWXYBCtXuC2PQv27tHdA44o9v7Nn8CentRx7":193.63120915633223,"FLFgs9VSvCE3PNrYA444tqnHMEuYcv4Fm4h4YSiPhNv":2.5836819167587954,"8VFhkSU5otMeR3XhTgbU7Npm2QYvkKyomzRFGUshPTKF":22.84993866475333,"F5kwcjandNtRFjZhUruUjwi3aT1ibc1d7PHw5x4NdX7W":92.27683550933865,"8Li8nmW6Ksdbhry8pwDyPuWgxPnCHvczTsbfzERLBquN":67.68119780353527,"C1n8x3kT9keCckaJ8XYR3wERHiSJs7wF21Cs87W5qvYZ":7636412.41927758,"FFmnbpEwoexJf4s4ph9YBEud1mbPsotSiwCFMcwqQG73":0.677209709361648,"BTmk8r1FLmWGswHDk2FmKxN9LxCkXuvGrpv6qfLMw2jU":2.8098260095847483,"ANwm5mTBHmc9bNAsDjJTwC1NyEhP6JGRMrbBQh7yr2ke":223.5710902703924,"4EMu7bf5aSG3Mw3P28L2ZbHPc1g6g2rstZoipxiKCCms":1011.6963160057799,"9AUFE9igVQaBn3p8tEZ7MYtFNzoERbwAPyJWC8aXHvub":25.26178606894407,"8Lx16Z9a9miZCFMRoUzDbYjpd5t7Mzgt3DT1xWCt1XeN":2.213413341606585,"BNk21idaqbkyFDnhF4KZQJfwPkF62PjZRyMUwaGbMBGt":1001,"ACXciJLRbU2bNAZHusEvQ6fmdx4zi6raTtwpStcwgPk4":471.3473763049242,"2HAq6twVGAE3G78M5gt5nNTaHvZMu6wTXZu8aiTibxM8":38988.798451571565,"CDmjbLNTfHoiGEKeNi7KLChYNbaCyszGkPBDZpaztDC3":2.6050482203289205,"ASy3wzu5j9HsLJtcLx3vn2uhYEZ7De5gMjScvpiYg3xT":4434530.451875781,"7grZGsGJF9uzaov5XWpX3MRhdrwpibu2hDEg6dRELvZA":0,"6Ava7y4kwnw1NF4v8ZpmHPb36RuMH8TTJeZwWteamK1H":452742.84753204783,"6L4gsPyLPzLabBvRKz6EVJEGUuzM19d6jssk1TpjU81U":2.087145728455658e+58,"9CtCnqqZBvia995tGpAk8LXL5WeMoBSty4n5BLrBHZtp":12.210461002592599,"BUYuhKiQJ1h5ienwnBRtmE2Uv1VkhNRDcNE7wNCBRXBx":2.367909425464898,"6BJMRCkLRuLAAh9DZbB8GeSdXNtTFyf8d3pJt17SRqAQ":0.18643324677429796,"6zAa5rjojoSf7GtE3c1zoHJWuVE2osvJ3Jnx5jtjAL4J":460.9553384302215,"51MRiTs3VpwfrPkbrv8tg6dCtNbxbRkrvps1ty3gxQUA":0,"BSsWGm1vMeKC5Hyuqch9EDUTLDoeq24bM73Lzjrekaa1":0,"BFqwB5ykazbBgDgKBdUQXbF3jTojmvKF1ojkdy8iRRya":5.278316138116779,"r5DnUeJuZS58jJyznxSmkXZZK1i2ubdhYvmFJ5nnZa1":82.97370353810139,"u3eDdAk73RZrnzFpNv57YvYg4wekAiPrjuZ2PVGT7GP":16.80695990551675,"HcFjsJxMW3SGQJjT8L2Qj9ZB3GEhoazCQ4GBETWgjri":0,"HZhLjj3coDxp7yJNvfedPWz6uUsx56VuGRonYU7vGPDz":0,"BeGhPWfHPm7SZfE5PkAxvAD8F47ZpFgP7vcQ6wjm2HK5":0,"GzFqFH6ZBercta9MXy9Yd6Y5K5XD6oAYDUFVPa2yGcX2":674.8156312349057,"6hcsxoHMMiKJNEhKPAeMPTh9Y45ucxNiX5eeX2SjadEg":0.017723834049898635,"A63nv8YHcj2AbwYtjZNEKE9A5ptsJt8opqW8ZKkzSpzT":37.68512432874815,"BQ1jq8mBXwPKAb3Kw4GjZ82bvphmYsQ5wXJB7NFLGi8T":0,"GqkYMBw1sVZPzy8P9v9H8bukjsom3ycjKnvBwmNn2hyr":0,"8BPyRoitZfZavfqu631sTV8qVrcjxB97McrpraiLvJBh":0,"6bDoix6DQ3vMJgPVMasEEaEppPGnAzGtg4gJKihwDDKf":0,"C3wrLoZyxFBSZZEyWvf1QspzydbE1m3QtPdqkosWcqxQ":2.9801138788952215e+69,"45yiQ41hd6Q3CxkNGaEZJb6qHnMDYnsqTwbEu2iortiJ":0,"aU8biCQ1QGwNUTUiqcmqtWraTyAHS4DrgWkPsv6Hn5P":0,"4uf2sXzTpAQDwwvm8vMj8369knyhWmbd5kVo8v79QAYF":3.632854573931721,"GV7f4PG9SbjmiHdzjAGuaKEjxNWf3iVcC2XWmWcwbMyj":3645.4906191784794,"A7hQtjGcDNAHPamo2uWwFgHWSuRxLPFbU4zM7NwCcPHc":2.2200947026803863,"Abf5tqSGLUdvFqYXGJNhtuobALKEBE9keLwVa7hWswYs":9.628191861861213,"3JTxASz9EFtLZ4KuYpnHwVJws4BqDeaLv1Xvrt4jbE4T":48053.08542099648,"6goNaEv9WXtKNqKADHBLit6YSwHTu6SoRPfhqcktjg3x":0.821146494221936,"XoPMhuqTbYD5Y2jeY9TzCUxbkDW4BiEVyLUKLwY2p75":1315.5979485842613,"2hD563di8oQHaYFGsMoUbPLnxaDhdnyrYGa71GagfJzQ":29.53029490956409,"AUYtySCkLeZCW7WByZcVoe5Cwu5dXXXDu8fPw9JvweRQ":25.199939270588125,"2E4MHKJJDgd9ck9n1iBCCV1AWtijPch8QA6xSkpc74qm":300.8741498010306,"9gDFKhUKMJw3A5VtNSQcmcbDXoArqSmPrsxvkQKbpkfa":19.02955825708894,"AXgwRJGua2UTUABsvUa4DrJxo46Eh4zCJZD5hGX8CiAY":1.7170340963018171,"6rYCysPWUbHmnUYx81ViFx2gqTreTghxirbqXCNKdQm5":80.32942808634931}