{"GzFqFH6ZBercta9MXy9Yd6Y5K5XD6oAYDUFVPa2yGcX2":0.047118084534281124,"C3wrLoZyxFBSZZEyWvf1QspzydbE1m3QtPdqkosWcqxQ":0,"4uf2sXzTpAQDwwvm8vMj8369knyhWmbd5kVo8v79QAYF":0,"8YaMJBo37Uh9mE5bFbwsdSRvGdarMiEounYsgdw4nApS":0,"BSk5nTn9AWgfkSBTHp1PSCDuGS1ny3TRUv63kZVEShA7":0,"9CtCnqqZBvia995tGpAk8LXL5WeMoBSty4n5BLrBHZtp":0.35317919245398954,"BFqwB5ykazbBgDgKBdUQXbF3jTojmvKF1ojkdy8iRRya":5.40330390243613,"Giv3XpwrAbmvHK1Y97sywgeeU75GdZybu5n1qQWyqBHF":0,"u3eDdAk73RZrnzFpNv57YvYg4wekAiPrjuZ2PVGT7GP":0.05273745148686171,"AXgwRJGua2UTUABsvUa4DrJxo46Eh4zCJZD5hGX8CiAY":0.021057817888658903,"6Ava7y4kwnw1NF4v8ZpmHPb36RuMH8TTJeZwWteamK1H":13.033916803055634,"6rYCysPWUbHmnUYx81ViFx2gqTreTghxirbqXCNKdQm5":1.6598420011239456,"BTmk8r1FLmWGswHDk2FmKxN9LxCkXuvGrpv6qfLMw2jU":0,"67fFBbVNmQ3WAVQCX9JgJHjoeXsPMSj1LVAPrJv6Wr9Y":0.23464078454857873,"3mSwwe52Cm1bnTW8UMKsU2bvtQUpkTnnhv4B2TtH4w51":4.980710437818914,"FLFgs9VSvCE3PNrYA444tqnHMEuYcv4Fm4h4YSiPhNv":0,"F5kwcjandNtRFjZhUruUjwi3aT1ibc1d7PHw5x4NdX7W":0,"FFmnbpEwoexJf4s4ph9YBEud1mbPsotSiwCFMcwqQG73":0.4403952615115614}