{"4uf2sXzTpAQDwwvm8vMj8369knyhWmbd5kVo8v79QAYF":3.632854573931721,"FLFgs9VSvCE3PNrYA444tqnHMEuYcv4Fm4h4YSiPhNv":76.82161038883551,"ANwm5mTBHmc9bNAsDjJTwC1NyEhP6JGRMrbBQh7yr2ke":1748.5840406733412,"BSsWGm1vMeKC5Hyuqch9EDUTLDoeq24bM73Lzjrekaa1":54.5274514556342,"8yfsbHsW9rQs7z4bAcFvYbF3mENcaTLy3Zc8mTKn4wHr":0,"A7hQtjGcDNAHPamo2uWwFgHWSuRxLPFbU4zM7NwCcPHc":2.2200947026803863,"u3eDdAk73RZrnzFpNv57YvYg4wekAiPrjuZ2PVGT7GP":15.794566644398977,"GyBgcGcUrfrQSwFARSXcSTttU1Q4ryq6G5SuG5jo4iQ5":1001,"2hD563di8oQHaYFGsMoUbPLnxaDhdnyrYGa71GagfJzQ":96.87024426206273,"GV7f4PG9SbjmiHdzjAGuaKEjxNWf3iVcC2XWmWcwbMyj":3654.981439845057,"3JTxASz9EFtLZ4KuYpnHwVJws4BqDeaLv1Xvrt4jbE4T":645.5964849197951,"GznBFqJXdWXYBCtXuC2PQv27tHdA44o9v7Nn8CentRx7":13.0978889139042,"7grZGsGJF9uzaov5XWpX3MRhdrwpibu2hDEg6dRELvZA":0,"2J8K2e6agprbRiDsJS3RS6PPcUKBoFjFSavV5wRQWsXD":1927.6864285058678,"8VFhkSU5otMeR3XhTgbU7Npm2QYvkKyomzRFGUshPTKF":32.832253378652986,"A63nv8YHcj2AbwYtjZNEKE9A5ptsJt8opqW8ZKkzSpzT":76.89727708817983,"8YaMJBo37Uh9mE5bFbwsdSRvGdarMiEounYsgdw4nApS":4.256344478553586,"HZhLjj3coDxp7yJNvfedPWz6uUsx56VuGRonYU7vGPDz":0,"ACXciJLRbU2bNAZHusEvQ6fmdx4zi6raTtwpStcwgPk4":6663.169522083362,"6bDoix6DQ3vMJgPVMasEEaEppPGnAzGtg4gJKihwDDKf":1001,"67fFBbVNmQ3WAVQCX9JgJHjoeXsPMSj1LVAPrJv6Wr9Y":1980414645.640395,"BeGhPWfHPm7SZfE5PkAxvAD8F47ZpFgP7vcQ6wjm2HK5":0,"BTmk8r1FLmWGswHDk2FmKxN9LxCkXuvGrpv6qfLMw2jU":2.5371666086021483,"BUYuhKiQJ1h5ienwnBRtmE2Uv1VkhNRDcNE7wNCBRXBx":19.989531424086415,"2HAq6twVGAE3G78M5gt5nNTaHvZMu6wTXZu8aiTibxM8":14217468.43163471,"BFqwB5ykazbBgDgKBdUQXbF3jTojmvKF1ojkdy8iRRya":3.772993936507163,"FAQ9jLb8BTNJyMVad58wJ26Vq4FVsWkSXtmcK9KWkHAb":0,"r5DnUeJuZS58jJyznxSmkXZZK1i2ubdhYvmFJ5nnZa1":25204.535267639105,"9gDFKhUKMJw3A5VtNSQcmcbDXoArqSmPrsxvkQKbpkfa":255.6809620463265,"aU8biCQ1QGwNUTUiqcmqtWraTyAHS4DrgWkPsv6Hn5P":0,"8Li8nmW6Ksdbhry8pwDyPuWgxPnCHvczTsbfzERLBquN":1347.8870309712552,"F5kwcjandNtRFjZhUruUjwi3aT1ibc1d7PHw5x4NdX7W":9.029417335564993,"FFmnbpEwoexJf4s4ph9YBEud1mbPsotSiwCFMcwqQG73":0.5442294484898413,"BSk5nTn9AWgfkSBTHp1PSCDuGS1ny3TRUv63kZVEShA7":0,"8BPyRoitZfZavfqu631sTV8qVrcjxB97McrpraiLvJBh":0,"3mSwwe52Cm1bnTW8UMKsU2bvtQUpkTnnhv4B2TtH4w51":9115480.455029212,"9CtCnqqZBvia995tGpAk8LXL5WeMoBSty4n5BLrBHZtp":74.0576087772956,"GufoVXKw7WNsBPV8dFWzkttyfnyBiKHVFpFQWMUuehZP":15634585.739298439,"C1n8x3kT9keCckaJ8XYR3wERHiSJs7wF21Cs87W5qvYZ":7.224039531340315e+21,"GqkYMBw1sVZPzy8P9v9H8bukjsom3ycjKnvBwmNn2hyr":0,"6o5i9bhjxiWvnJiEzJDrcoqKXFFeRfoPxMa2WB6juoT6":0,"6L4gsPyLPzLabBvRKz6EVJEGUuzM19d6jssk1TpjU81U":2.3947938670399083e+23,"ASy3wzu5j9HsLJtcLx3vn2uhYEZ7De5gMjScvpiYg3xT":3586.5969897144773,"8Lx16Z9a9miZCFMRoUzDbYjpd5t7Mzgt3DT1xWCt1XeN":2.213413341606585,"BQ1jq8mBXwPKAb3Kw4GjZ82bvphmYsQ5wXJB7NFLGi8T":0,"Giv3XpwrAbmvHK1Y97sywgeeU75GdZybu5n1qQWyqBHF":39.78103127991093,"AXgwRJGua2UTUABsvUa4DrJxo46Eh4zCJZD5hGX8CiAY":12.835406387967542,"51MRiTs3VpwfrPkbrv8tg6dCtNbxbRkrvps1ty3gxQUA":0,"2E4MHKJJDgd9ck9n1iBCCV1AWtijPch8QA6xSkpc74qm":116.77502341956453,"CDmjbLNTfHoiGEKeNi7KLChYNbaCyszGkPBDZpaztDC3":3.968354855599454,"6zAa5rjojoSf7GtE3c1zoHJWuVE2osvJ3Jnx5jtjAL4J":754.5496905701203,"C3wrLoZyxFBSZZEyWvf1QspzydbE1m3QtPdqkosWcqxQ":41390331146.15264,"FEJnLkggFL1g9aqT9ABytkjNvz9vBzsMN139XSu34J1u":11.865774904938853,"6BJMRCkLRuLAAh9DZbB8GeSdXNtTFyf8d3pJt17SRqAQ":2.386585562468313,"45yiQ41hd6Q3CxkNGaEZJb6qHnMDYnsqTwbEu2iortiJ":0,"6Ava7y4kwnw1NF4v8ZpmHPb36RuMH8TTJeZwWteamK1H":4134499087.3445807,"9AUFE9igVQaBn3p8tEZ7MYtFNzoERbwAPyJWC8aXHvub":149.76464530847576,"HcFjsJxMW3SGQJjT8L2Qj9ZB3GEhoazCQ4GBETWgjri":402.2908583010369,"BNk21idaqbkyFDnhF4KZQJfwPkF62PjZRyMUwaGbMBGt":78.16243222763819,"GzFqFH6ZBercta9MXy9Yd6Y5K5XD6oAYDUFVPa2yGcX2":6870.529134897596,"6hcsxoHMMiKJNEhKPAeMPTh9Y45ucxNiX5eeX2SjadEg":0.02985975417870712,"6rYCysPWUbHmnUYx81ViFx2gqTreTghxirbqXCNKdQm5":59087.3882022641,"4EMu7bf5aSG3Mw3P28L2ZbHPc1g6g2rstZoipxiKCCms":37499.34573399388,"6goNaEv9WXtKNqKADHBLit6YSwHTu6SoRPfhqcktjg3x":1.4595955531211402,"XoPMhuqTbYD5Y2jeY9TzCUxbkDW4BiEVyLUKLwY2p75":512793.0430952826,"Abf5tqSGLUdvFqYXGJNhtuobALKEBE9keLwVa7hWswYs":35.255659415985804,"AUYtySCkLeZCW7WByZcVoe5Cwu5dXXXDu8fPw9JvweRQ":40.91881704983713,"7Dz2hTbQ3spKQMwqHwAygyAjrFJb5Lsz6k3U7UYj4Dgf":0,"2hWb2hvyw9wabWvmBewq5U4741pDhBw6yHieMqU8XY5f":442.18668229867984}