{"A63nv8YHcj2AbwYtjZNEKE9A5ptsJt8opqW8ZKkzSpzT":37.687990141087234,"BSk5nTn9AWgfkSBTHp1PSCDuGS1ny3TRUv63kZVEShA7":0,"BQ1jq8mBXwPKAb3Kw4GjZ82bvphmYsQ5wXJB7NFLGi8T":0,"AXgwRJGua2UTUABsvUa4DrJxo46Eh4zCJZD5hGX8CiAY":2.5302666292502662,"GV7f4PG9SbjmiHdzjAGuaKEjxNWf3iVcC2XWmWcwbMyj":3654.981439845057,"CDmjbLNTfHoiGEKeNi7KLChYNbaCyszGkPBDZpaztDC3":5.276014100401771,"FAQ9jLb8BTNJyMVad58wJ26Vq4FVsWkSXtmcK9KWkHAb":9.246187509127335,"FEJnLkggFL1g9aqT9ABytkjNvz9vBzsMN139XSu34J1u":47.77547362545369,"A7hQtjGcDNAHPamo2uWwFgHWSuRxLPFbU4zM7NwCcPHc":0.18966184099487027,"HZhLjj3coDxp7yJNvfedPWz6uUsx56VuGRonYU7vGPDz":0,"89KEoMijwKueBGnQRQPRTctFnnecKPubJ3TednYMdHcN":0,"ASy3wzu5j9HsLJtcLx3vn2uhYEZ7De5gMjScvpiYg3xT":2.0774545170542616e+44,"EhjoykTD4YrGpW7Ciri6VB1Va3xpEB5RKfmVg5hDpmYa":0,"ANwm5mTBHmc9bNAsDjJTwC1NyEhP6JGRMrbBQh7yr2ke":174358041012.81613,"8u9HiTKFWxFKtM3haudfVrjD31ZDWb8K24vpiDgPyJr7":1281.1661285790512,"GqkYMBw1sVZPzy8P9v9H8bukjsom3ycjKnvBwmNn2hyr":0,"3mSwwe52Cm1bnTW8UMKsU2bvtQUpkTnnhv4B2TtH4w51":3093.909040859188,"9AUFE9igVQaBn3p8tEZ7MYtFNzoERbwAPyJWC8aXHvub":47.167145973074454,"6rYCysPWUbHmnUYx81ViFx2gqTreTghxirbqXCNKdQm5":875.7213336024982,"4uf2sXzTpAQDwwvm8vMj8369knyhWmbd5kVo8v79QAYF":2.6835308144681047,"6hcsxoHMMiKJNEhKPAeMPTh9Y45ucxNiX5eeX2SjadEg":2.4342734203113947,"45yiQ41hd6Q3CxkNGaEZJb6qHnMDYnsqTwbEu2iortiJ":0,"AUYtySCkLeZCW7WByZcVoe5Cwu5dXXXDu8fPw9JvweRQ":41.928052479150594,"FFmnbpEwoexJf4s4ph9YBEud1mbPsotSiwCFMcwqQG73":2.2706876411140664,"Abf5tqSGLUdvFqYXGJNhtuobALKEBE9keLwVa7hWswYs":181.01501606853105,"BeGhPWfHPm7SZfE5PkAxvAD8F47ZpFgP7vcQ6wjm2HK5":0,"2E4MHKJJDgd9ck9n1iBCCV1AWtijPch8QA6xSkpc74qm":218.07058646044118,"GzFqFH6ZBercta9MXy9Yd6Y5K5XD6oAYDUFVPa2yGcX2":37169602.61048983,"5qRGHYs2vZW7r8EuS9Ue31nG9oT56N1PiwFvvvdmnTP":0,"BTmk8r1FLmWGswHDk2FmKxN9LxCkXuvGrpv6qfLMw2jU":4.073989655581878,"2hWb2hvyw9wabWvmBewq5U4741pDhBw6yHieMqU8XY5f":1.4985419484910167,"4RKEnBNoqajQCTDzY1foEMTJMN8e3SBRD1WgPUwnoJ1P":14.340381386122324,"2hD563di8oQHaYFGsMoUbPLnxaDhdnyrYGa71GagfJzQ":175.28557503863325,"9gDFKhUKMJw3A5VtNSQcmcbDXoArqSmPrsxvkQKbpkfa":5.072220124897147e+106,"8BPyRoitZfZavfqu631sTV8qVrcjxB97McrpraiLvJBh":0,"6BGbkm5HPbsPcJ6fjWm2c6VKSKwtUHbGiY5XcAMz3SwM":0,"Giv3XpwrAbmvHK1Y97sywgeeU75GdZybu5n1qQWyqBHF":1019.2140914108103,"8Li8nmW6Ksdbhry8pwDyPuWgxPnCHvczTsbfzERLBquN":4393.970018954964,"BUYuhKiQJ1h5ienwnBRtmE2Uv1VkhNRDcNE7wNCBRXBx":3.2038981977616787,"6BJMRCkLRuLAAh9DZbB8GeSdXNtTFyf8d3pJt17SRqAQ":0.8517837503320136,"BFqwB5ykazbBgDgKBdUQXbF3jTojmvKF1ojkdy8iRRya":5.268977453713308,"8Lx16Z9a9miZCFMRoUzDbYjpd5t7Mzgt3DT1xWCt1XeN":2.022209211297543,"2J8K2e6agprbRiDsJS3RS6PPcUKBoFjFSavV5wRQWsXD":44512.96880653142,"9CtCnqqZBvia995tGpAk8LXL5WeMoBSty4n5BLrBHZtp":37.213315361795395,"3JTxASz9EFtLZ4KuYpnHwVJws4BqDeaLv1Xvrt4jbE4T":6472.565770840384,"BNk21idaqbkyFDnhF4KZQJfwPkF62PjZRyMUwaGbMBGt":64.99031352286781,"u3eDdAk73RZrnzFpNv57YvYg4wekAiPrjuZ2PVGT7GP":85.46182679550216,"7Dz2hTbQ3spKQMwqHwAygyAjrFJb5Lsz6k3U7UYj4Dgf":0.8905410664463709,"6L4gsPyLPzLabBvRKz6EVJEGUuzM19d6jssk1TpjU81U":7200.188523657124,"8VFhkSU5otMeR3XhTgbU7Npm2QYvkKyomzRFGUshPTKF":146.11817005400795,"8yfsbHsW9rQs7z4bAcFvYbF3mENcaTLy3Zc8mTKn4wHr":1.8829991173835436,"6o5i9bhjxiWvnJiEzJDrcoqKXFFeRfoPxMa2WB6juoT6":0.1477657185908532,"8YaMJBo37Uh9mE5bFbwsdSRvGdarMiEounYsgdw4nApS":352.6252254306245,"67fFBbVNmQ3WAVQCX9JgJHjoeXsPMSj1LVAPrJv6Wr9Y":2196.3864793708317,"GznBFqJXdWXYBCtXuC2PQv27tHdA44o9v7Nn8CentRx7":28.19637899285712,"ACXciJLRbU2bNAZHusEvQ6fmdx4zi6raTtwpStcwgPk4":553886380041.9006,"GyBgcGcUrfrQSwFARSXcSTttU1Q4ryq6G5SuG5jo4iQ5":1001,"6goNaEv9WXtKNqKADHBLit6YSwHTu6SoRPfhqcktjg3x":0.817718472509732,"r5DnUeJuZS58jJyznxSmkXZZK1i2ubdhYvmFJ5nnZa1":783.5318792674567,"51MRiTs3VpwfrPkbrv8tg6dCtNbxbRkrvps1ty3gxQUA":0,"6Ava7y4kwnw1NF4v8ZpmHPb36RuMH8TTJeZwWteamK1H":6964656.694413421,"C1n8x3kT9keCckaJ8XYR3wERHiSJs7wF21Cs87W5qvYZ":1.2136497763408761e+110,"C3wrLoZyxFBSZZEyWvf1QspzydbE1m3QtPdqkosWcqxQ":0,"4TSc78uBwxcXoJcU2v42Avnr6ajRAPTkR2Jabs3d5q6p":72.3581219199029,"4EMu7bf5aSG3Mw3P28L2ZbHPc1g6g2rstZoipxiKCCms":403.77643483938186,"7grZGsGJF9uzaov5XWpX3MRhdrwpibu2hDEg6dRELvZA":0,"HcFjsJxMW3SGQJjT8L2Qj9ZB3GEhoazCQ4GBETWgjri":2.786301681150441e+141,"6zAa5rjojoSf7GtE3c1zoHJWuVE2osvJ3Jnx5jtjAL4J":41.55323412221086,"F5kwcjandNtRFjZhUruUjwi3aT1ibc1d7PHw5x4NdX7W":143.77892797090485,"2HAq6twVGAE3G78M5gt5nNTaHvZMu6wTXZu8aiTibxM8":112.69792576838414,"F6fvGMXQhF5bd9jLGMSALxZ1atrYQRUQe7tA2qEss7v6":19.53379302764542,"BSsWGm1vMeKC5Hyuqch9EDUTLDoeq24bM73Lzjrekaa1":137.38613296216423,"6bDoix6DQ3vMJgPVMasEEaEppPGnAzGtg4gJKihwDDKf":1001,"aU8biCQ1QGwNUTUiqcmqtWraTyAHS4DrgWkPsv6Hn5P":0,"FLFgs9VSvCE3PNrYA444tqnHMEuYcv4Fm4h4YSiPhNv":9.877869981378428,"XoPMhuqTbYD5Y2jeY9TzCUxbkDW4BiEVyLUKLwY2p75":14805890.950135743,"GufoVXKw7WNsBPV8dFWzkttyfnyBiKHVFpFQWMUuehZP":352814.36382644775}