{"HcFjsJxMW3SGQJjT8L2Qj9ZB3GEhoazCQ4GBETWgjri":255.68770986439156,"4EMu7bf5aSG3Mw3P28L2ZbHPc1g6g2rstZoipxiKCCms":69373.1768100029,"Giv3XpwrAbmvHK1Y97sywgeeU75GdZybu5n1qQWyqBHF":557.7668035665143,"BNk21idaqbkyFDnhF4KZQJfwPkF62PjZRyMUwaGbMBGt":66.59100184873017,"HZhLjj3coDxp7yJNvfedPWz6uUsx56VuGRonYU7vGPDz":0,"6L4gsPyLPzLabBvRKz6EVJEGUuzM19d6jssk1TpjU81U":2.3947938670399083e+23,"AUYtySCkLeZCW7WByZcVoe5Cwu5dXXXDu8fPw9JvweRQ":49.10274437850815,"5qRGHYs2vZW7r8EuS9Ue31nG9oT56N1PiwFvvvdmnTP":0,"8VFhkSU5otMeR3XhTgbU7Npm2QYvkKyomzRFGUshPTKF":85.92091697330117,"2E4MHKJJDgd9ck9n1iBCCV1AWtijPch8QA6xSkpc74qm":152.1444869574843,"4uf2sXzTpAQDwwvm8vMj8369knyhWmbd5kVo8v79QAYF":1.300187096373584,"3mSwwe52Cm1bnTW8UMKsU2bvtQUpkTnnhv4B2TtH4w51":879988.5482266415,"XoPMhuqTbYD5Y2jeY9TzCUxbkDW4BiEVyLUKLwY2p75":3794482.650256202,"u3eDdAk73RZrnzFpNv57YvYg4wekAiPrjuZ2PVGT7GP":47.55956299471333,"6BJMRCkLRuLAAh9DZbB8GeSdXNtTFyf8d3pJt17SRqAQ":2.4776986966097203,"8yfsbHsW9rQs7z4bAcFvYbF3mENcaTLy3Zc8mTKn4wHr":1.8829991173835436,"A7hQtjGcDNAHPamo2uWwFgHWSuRxLPFbU4zM7NwCcPHc":2.2201001316062063,"9AUFE9igVQaBn3p8tEZ7MYtFNzoERbwAPyJWC8aXHvub":156.2060265794984,"2hWb2hvyw9wabWvmBewq5U4741pDhBw6yHieMqU8XY5f":2.0662669030563574,"A63nv8YHcj2AbwYtjZNEKE9A5ptsJt8opqW8ZKkzSpzT":76.89727708817983,"9CtCnqqZBvia995tGpAk8LXL5WeMoBSty4n5BLrBHZtp":85.04593837928121,"6rYCysPWUbHmnUYx81ViFx2gqTreTghxirbqXCNKdQm5":185441.1009848137,"EhjoykTD4YrGpW7Ciri6VB1Va3xpEB5RKfmVg5hDpmYa":0,"CDmjbLNTfHoiGEKeNi7KLChYNbaCyszGkPBDZpaztDC3":5.259924596228394,"ANwm5mTBHmc9bNAsDjJTwC1NyEhP6JGRMrbBQh7yr2ke":5839841.614188125,"GufoVXKw7WNsBPV8dFWzkttyfnyBiKHVFpFQWMUuehZP":50797123.789440334,"Abf5tqSGLUdvFqYXGJNhtuobALKEBE9keLwVa7hWswYs":496.39613244871583,"6Ava7y4kwnw1NF4v8ZpmHPb36RuMH8TTJeZwWteamK1H":27854100.091643155,"8Lx16Z9a9miZCFMRoUzDbYjpd5t7Mzgt3DT1xWCt1XeN":2.2134020053117043,"aU8biCQ1QGwNUTUiqcmqtWraTyAHS4DrgWkPsv6Hn5P":0,"9gDFKhUKMJw3A5VtNSQcmcbDXoArqSmPrsxvkQKbpkfa":5802580208.449707,"8BPyRoitZfZavfqu631sTV8qVrcjxB97McrpraiLvJBh":0,"8YaMJBo37Uh9mE5bFbwsdSRvGdarMiEounYsgdw4nApS":6.237944654933503,"GznBFqJXdWXYBCtXuC2PQv27tHdA44o9v7Nn8CentRx7":13.017522347381494,"6o5i9bhjxiWvnJiEzJDrcoqKXFFeRfoPxMa2WB6juoT6":0.157615353727536,"AXgwRJGua2UTUABsvUa4DrJxo46Eh4zCJZD5hGX8CiAY":9.686068928253233,"F5kwcjandNtRFjZhUruUjwi3aT1ibc1d7PHw5x4NdX7W":10.248196361959527,"BSk5nTn9AWgfkSBTHp1PSCDuGS1ny3TRUv63kZVEShA7":0,"FFmnbpEwoexJf4s4ph9YBEud1mbPsotSiwCFMcwqQG73":0.8886655855401493,"GV7f4PG9SbjmiHdzjAGuaKEjxNWf3iVcC2XWmWcwbMyj":3654.981439845057,"FAQ9jLb8BTNJyMVad58wJ26Vq4FVsWkSXtmcK9KWkHAb":287.84197793998777,"51MRiTs3VpwfrPkbrv8tg6dCtNbxbRkrvps1ty3gxQUA":0,"2HAq6twVGAE3G78M5gt5nNTaHvZMu6wTXZu8aiTibxM8":112.70161242637099,"7Dz2hTbQ3spKQMwqHwAygyAjrFJb5Lsz6k3U7UYj4Dgf":1.2489680621882382,"6bDoix6DQ3vMJgPVMasEEaEppPGnAzGtg4gJKihwDDKf":1001,"BFqwB5ykazbBgDgKBdUQXbF3jTojmvKF1ojkdy8iRRya":3.765087720787097,"45yiQ41hd6Q3CxkNGaEZJb6qHnMDYnsqTwbEu2iortiJ":0,"FEJnLkggFL1g9aqT9ABytkjNvz9vBzsMN139XSu34J1u":62.03184824214396,"6goNaEv9WXtKNqKADHBLit6YSwHTu6SoRPfhqcktjg3x":1.5678958608686733,"BTmk8r1FLmWGswHDk2FmKxN9LxCkXuvGrpv6qfLMw2jU":3.1545413130350086,"r5DnUeJuZS58jJyznxSmkXZZK1i2ubdhYvmFJ5nnZa1":1525.496504334913,"GyBgcGcUrfrQSwFARSXcSTttU1Q4ryq6G5SuG5jo4iQ5":1001,"BQ1jq8mBXwPKAb3Kw4GjZ82bvphmYsQ5wXJB7NFLGi8T":0,"F6fvGMXQhF5bd9jLGMSALxZ1atrYQRUQe7tA2qEss7v6":19.53379302764542,"ASy3wzu5j9HsLJtcLx3vn2uhYEZ7De5gMjScvpiYg3xT":749126612296256.2,"ACXciJLRbU2bNAZHusEvQ6fmdx4zi6raTtwpStcwgPk4":4703993574953.716,"GqkYMBw1sVZPzy8P9v9H8bukjsom3ycjKnvBwmNn2hyr":0,"BSsWGm1vMeKC5Hyuqch9EDUTLDoeq24bM73Lzjrekaa1":137.38447032320695,"6hcsxoHMMiKJNEhKPAeMPTh9Y45ucxNiX5eeX2SjadEg":3.502106914669789,"GzFqFH6ZBercta9MXy9Yd6Y5K5XD6oAYDUFVPa2yGcX2":615928.6473173031,"8u9HiTKFWxFKtM3haudfVrjD31ZDWb8K24vpiDgPyJr7":0,"89KEoMijwKueBGnQRQPRTctFnnecKPubJ3TednYMdHcN":0,"8Li8nmW6Ksdbhry8pwDyPuWgxPnCHvczTsbfzERLBquN":1357.7995047590732,"C1n8x3kT9keCckaJ8XYR3wERHiSJs7wF21Cs87W5qvYZ":250.4235215322438,"3JTxASz9EFtLZ4KuYpnHwVJws4BqDeaLv1Xvrt4jbE4T":663.044107232683,"2J8K2e6agprbRiDsJS3RS6PPcUKBoFjFSavV5wRQWsXD":14888.631855464762,"4TSc78uBwxcXoJcU2v42Avnr6ajRAPTkR2Jabs3d5q6p":72.3581219199029,"67fFBbVNmQ3WAVQCX9JgJHjoeXsPMSj1LVAPrJv6Wr9Y":107842.35825726998,"2hD563di8oQHaYFGsMoUbPLnxaDhdnyrYGa71GagfJzQ":159.2377798709972,"BeGhPWfHPm7SZfE5PkAxvAD8F47ZpFgP7vcQ6wjm2HK5":0,"BUYuhKiQJ1h5ienwnBRtmE2Uv1VkhNRDcNE7wNCBRXBx":20.018165682291624,"6zAa5rjojoSf7GtE3c1zoHJWuVE2osvJ3Jnx5jtjAL4J":1951.3312110326858,"7grZGsGJF9uzaov5XWpX3MRhdrwpibu2hDEg6dRELvZA":0,"FLFgs9VSvCE3PNrYA444tqnHMEuYcv4Fm4h4YSiPhNv":47.21710719766066,"4RKEnBNoqajQCTDzY1foEMTJMN8e3SBRD1WgPUwnoJ1P":0,"C3wrLoZyxFBSZZEyWvf1QspzydbE1m3QtPdqkosWcqxQ":0}