{"2hD563di8oQHaYFGsMoUbPLnxaDhdnyrYGa71GagfJzQ":7.844244253739308,"8Lx16Z9a9miZCFMRoUzDbYjpd5t7Mzgt3DT1xWCt1XeN":0.18035029633343136,"BUYuhKiQJ1h5ienwnBRtmE2Uv1VkhNRDcNE7wNCBRXBx":2.2726360643717136,"GzFqFH6ZBercta9MXy9Yd6Y5K5XD6oAYDUFVPa2yGcX2":550507240.4400522,"67fFBbVNmQ3WAVQCX9JgJHjoeXsPMSj1LVAPrJv6Wr9Y":20.38757368372106,"u3eDdAk73RZrnzFpNv57YvYg4wekAiPrjuZ2PVGT7GP":6.396886554166414,"GznBFqJXdWXYBCtXuC2PQv27tHdA44o9v7Nn8CentRx7":13.299302932872891,"FFmnbpEwoexJf4s4ph9YBEud1mbPsotSiwCFMcwqQG73":0.4483259433614828,"2hWb2hvyw9wabWvmBewq5U4741pDhBw6yHieMqU8XY5f":0,"FLFgs9VSvCE3PNrYA444tqnHMEuYcv4Fm4h4YSiPhNv":0.8446951472319997,"45yiQ41hd6Q3CxkNGaEZJb6qHnMDYnsqTwbEu2iortiJ":0,"Giv3XpwrAbmvHK1Y97sywgeeU75GdZybu5n1qQWyqBHF":36.88100829914713,"GqkYMBw1sVZPzy8P9v9H8bukjsom3ycjKnvBwmNn2hyr":0,"AUYtySCkLeZCW7WByZcVoe5Cwu5dXXXDu8fPw9JvweRQ":0,"6hcsxoHMMiKJNEhKPAeMPTh9Y45ucxNiX5eeX2SjadEg":0.22822249163609865,"Abf5tqSGLUdvFqYXGJNhtuobALKEBE9keLwVa7hWswYs":15.75203079545906,"6L4gsPyLPzLabBvRKz6EVJEGUuzM19d6jssk1TpjU81U":0.5791988444440399,"C1n8x3kT9keCckaJ8XYR3wERHiSJs7wF21Cs87W5qvYZ":0,"C3wrLoZyxFBSZZEyWvf1QspzydbE1m3QtPdqkosWcqxQ":62.706254055241615,"BFqwB5ykazbBgDgKBdUQXbF3jTojmvKF1ojkdy8iRRya":5.284239581449546,"GufoVXKw7WNsBPV8dFWzkttyfnyBiKHVFpFQWMUuehZP":615.1991993462659,"BSk5nTn9AWgfkSBTHp1PSCDuGS1ny3TRUv63kZVEShA7":0,"BTmk8r1FLmWGswHDk2FmKxN9LxCkXuvGrpv6qfLMw2jU":3.202683484010138,"r5DnUeJuZS58jJyznxSmkXZZK1i2ubdhYvmFJ5nnZa1":57.29430451438884,"6goNaEv9WXtKNqKADHBLit6YSwHTu6SoRPfhqcktjg3x":0,"51MRiTs3VpwfrPkbrv8tg6dCtNbxbRkrvps1ty3gxQUA":0,"XoPMhuqTbYD5Y2jeY9TzCUxbkDW4BiEVyLUKLwY2p75":1326.7153264237093,"A7hQtjGcDNAHPamo2uWwFgHWSuRxLPFbU4zM7NwCcPHc":0.1797580610403804,"BNk21idaqbkyFDnhF4KZQJfwPkF62PjZRyMUwaGbMBGt":1001,"F5kwcjandNtRFjZhUruUjwi3aT1ibc1d7PHw5x4NdX7W":80.38161092511697,"3JTxASz9EFtLZ4KuYpnHwVJws4BqDeaLv1Xvrt4jbE4T":1.714335500617318e+119,"8VFhkSU5otMeR3XhTgbU7Npm2QYvkKyomzRFGUshPTKF":1.8150001294096052,"4EMu7bf5aSG3Mw3P28L2ZbHPc1g6g2rstZoipxiKCCms":0.10548642421301935,"4uf2sXzTpAQDwwvm8vMj8369knyhWmbd5kVo8v79QAYF":0,"ASy3wzu5j9HsLJtcLx3vn2uhYEZ7De5gMjScvpiYg3xT":57.95440645523169,"8YaMJBo37Uh9mE5bFbwsdSRvGdarMiEounYsgdw4nApS":369.7527126705732,"BeGhPWfHPm7SZfE5PkAxvAD8F47ZpFgP7vcQ6wjm2HK5":0,"3mSwwe52Cm1bnTW8UMKsU2bvtQUpkTnnhv4B2TtH4w51":87.53147744411724,"2J8K2e6agprbRiDsJS3RS6PPcUKBoFjFSavV5wRQWsXD":7078.976932184077,"AXgwRJGua2UTUABsvUa4DrJxo46Eh4zCJZD5hGX8CiAY":0.6134794723238635,"6rYCysPWUbHmnUYx81ViFx2gqTreTghxirbqXCNKdQm5":29.284356494095,"6Ava7y4kwnw1NF4v8ZpmHPb36RuMH8TTJeZwWteamK1H":50.8749904399344,"9CtCnqqZBvia995tGpAk8LXL5WeMoBSty4n5BLrBHZtp":6.891915405982729,"6BJMRCkLRuLAAh9DZbB8GeSdXNtTFyf8d3pJt17SRqAQ":2.524973557012622,"8Li8nmW6Ksdbhry8pwDyPuWgxPnCHvczTsbfzERLBquN":19.901222740418145}