{"BFqwB5ykazbBgDgKBdUQXbF3jTojmvKF1ojkdy8iRRya":5.278316138116779,"Abf5tqSGLUdvFqYXGJNhtuobALKEBE9keLwVa7hWswYs":10.974570906353032,"FLFgs9VSvCE3PNrYA444tqnHMEuYcv4Fm4h4YSiPhNv":2.65572043118365,"BQ1jq8mBXwPKAb3Kw4GjZ82bvphmYsQ5wXJB7NFLGi8T":0,"u3eDdAk73RZrnzFpNv57YvYg4wekAiPrjuZ2PVGT7GP":16.084749031572798,"ANwm5mTBHmc9bNAsDjJTwC1NyEhP6JGRMrbBQh7yr2ke":668.2338939113487,"7grZGsGJF9uzaov5XWpX3MRhdrwpibu2hDEg6dRELvZA":0,"XoPMhuqTbYD5Y2jeY9TzCUxbkDW4BiEVyLUKLwY2p75":1315.5979485842613,"51MRiTs3VpwfrPkbrv8tg6dCtNbxbRkrvps1ty3gxQUA":0,"6bDoix6DQ3vMJgPVMasEEaEppPGnAzGtg4gJKihwDDKf":1001,"AXgwRJGua2UTUABsvUa4DrJxo46Eh4zCJZD5hGX8CiAY":1.8341153327381399,"3JTxASz9EFtLZ4KuYpnHwVJws4BqDeaLv1Xvrt4jbE4T":4734.02499121483,"FFmnbpEwoexJf4s4ph9YBEud1mbPsotSiwCFMcwqQG73":0.7248517727578729,"BSk5nTn9AWgfkSBTHp1PSCDuGS1ny3TRUv63kZVEShA7":0,"GqkYMBw1sVZPzy8P9v9H8bukjsom3ycjKnvBwmNn2hyr":0,"8Lx16Z9a9miZCFMRoUzDbYjpd5t7Mzgt3DT1xWCt1XeN":2.213413341606585,"2J8K2e6agprbRiDsJS3RS6PPcUKBoFjFSavV5wRQWsXD":139498.92507744054,"9AUFE9igVQaBn3p8tEZ7MYtFNzoERbwAPyJWC8aXHvub":30.06212833596871,"GznBFqJXdWXYBCtXuC2PQv27tHdA44o9v7Nn8CentRx7":194.9798764297012,"8YaMJBo37Uh9mE5bFbwsdSRvGdarMiEounYsgdw4nApS":370.51462031071924,"BeGhPWfHPm7SZfE5PkAxvAD8F47ZpFgP7vcQ6wjm2HK5":0,"BSsWGm1vMeKC5Hyuqch9EDUTLDoeq24bM73Lzjrekaa1":0,"F5kwcjandNtRFjZhUruUjwi3aT1ibc1d7PHw5x4NdX7W":95.0751791565629,"GufoVXKw7WNsBPV8dFWzkttyfnyBiKHVFpFQWMUuehZP":847.1265447300058,"AUYtySCkLeZCW7WByZcVoe5Cwu5dXXXDu8fPw9JvweRQ":31.423425010826488,"6BJMRCkLRuLAAh9DZbB8GeSdXNtTFyf8d3pJt17SRqAQ":0.23450524099322134,"ASy3wzu5j9HsLJtcLx3vn2uhYEZ7De5gMjScvpiYg3xT":949602293.7267263,"6zAa5rjojoSf7GtE3c1zoHJWuVE2osvJ3Jnx5jtjAL4J":135.85553207038492,"GzFqFH6ZBercta9MXy9Yd6Y5K5XD6oAYDUFVPa2yGcX2":2821.971266304426,"6L4gsPyLPzLabBvRKz6EVJEGUuzM19d6jssk1TpjU81U":1.4279398283647164e+63,"4EMu7bf5aSG3Mw3P28L2ZbHPc1g6g2rstZoipxiKCCms":1021.6450576489091,"HZhLjj3coDxp7yJNvfedPWz6uUsx56VuGRonYU7vGPDz":0,"67fFBbVNmQ3WAVQCX9JgJHjoeXsPMSj1LVAPrJv6Wr9Y":2848.5882787533706,"2hWb2hvyw9wabWvmBewq5U4741pDhBw6yHieMqU8XY5f":442.18668229867984,"2E4MHKJJDgd9ck9n1iBCCV1AWtijPch8QA6xSkpc74qm":239.34990504869248,"6rYCysPWUbHmnUYx81ViFx2gqTreTghxirbqXCNKdQm5":77.20609016416469,"HcFjsJxMW3SGQJjT8L2Qj9ZB3GEhoazCQ4GBETWgjri":1881.2498900072508,"Giv3XpwrAbmvHK1Y97sywgeeU75GdZybu5n1qQWyqBHF":42.82072486827842,"6goNaEv9WXtKNqKADHBLit6YSwHTu6SoRPfhqcktjg3x":0.8122855764828074,"aU8biCQ1QGwNUTUiqcmqtWraTyAHS4DrgWkPsv6Hn5P":0,"4uf2sXzTpAQDwwvm8vMj8369knyhWmbd5kVo8v79QAYF":3.632854573931721,"45yiQ41hd6Q3CxkNGaEZJb6qHnMDYnsqTwbEu2iortiJ":0,"BUYuhKiQJ1h5ienwnBRtmE2Uv1VkhNRDcNE7wNCBRXBx":2.367909425464898,"A7hQtjGcDNAHPamo2uWwFgHWSuRxLPFbU4zM7NwCcPHc":2.2200947026803863,"C1n8x3kT9keCckaJ8XYR3wERHiSJs7wF21Cs87W5qvYZ":63242.27588819356,"ACXciJLRbU2bNAZHusEvQ6fmdx4zi6raTtwpStcwgPk4":3834.081492706692,"6o5i9bhjxiWvnJiEzJDrcoqKXFFeRfoPxMa2WB6juoT6":0,"2HAq6twVGAE3G78M5gt5nNTaHvZMu6wTXZu8aiTibxM8":14217468.43163471,"6hcsxoHMMiKJNEhKPAeMPTh9Y45ucxNiX5eeX2SjadEg":0.026280580371995654,"8BPyRoitZfZavfqu631sTV8qVrcjxB97McrpraiLvJBh":0,"GV7f4PG9SbjmiHdzjAGuaKEjxNWf3iVcC2XWmWcwbMyj":3654.981439845057,"GyBgcGcUrfrQSwFARSXcSTttU1Q4ryq6G5SuG5jo4iQ5":1001,"r5DnUeJuZS58jJyznxSmkXZZK1i2ubdhYvmFJ5nnZa1":147.529342043718,"2hD563di8oQHaYFGsMoUbPLnxaDhdnyrYGa71GagfJzQ":11.906515232574556,"3mSwwe52Cm1bnTW8UMKsU2bvtQUpkTnnhv4B2TtH4w51":152.08876068711277,"9CtCnqqZBvia995tGpAk8LXL5WeMoBSty4n5BLrBHZtp":9.813321834429933,"A63nv8YHcj2AbwYtjZNEKE9A5ptsJt8opqW8ZKkzSpzT":37.687990141087234,"CDmjbLNTfHoiGEKeNi7KLChYNbaCyszGkPBDZpaztDC3":1.3057098990891802,"BTmk8r1FLmWGswHDk2FmKxN9LxCkXuvGrpv6qfLMw2jU":2.8935670272027147,"9gDFKhUKMJw3A5VtNSQcmcbDXoArqSmPrsxvkQKbpkfa":59.053721555146275,"6Ava7y4kwnw1NF4v8ZpmHPb36RuMH8TTJeZwWteamK1H":56848.38278082943,"C3wrLoZyxFBSZZEyWvf1QspzydbE1m3QtPdqkosWcqxQ":1.9696393828223248e+49,"8Li8nmW6Ksdbhry8pwDyPuWgxPnCHvczTsbfzERLBquN":67.68119780353527,"BNk21idaqbkyFDnhF4KZQJfwPkF62PjZRyMUwaGbMBGt":1001,"8VFhkSU5otMeR3XhTgbU7Npm2QYvkKyomzRFGUshPTKF":22.84993866475333}