{"4uf2sXzTpAQDwwvm8vMj8369knyhWmbd5kVo8v79QAYF":3.632854573931721,"FLFgs9VSvCE3PNrYA444tqnHMEuYcv4Fm4h4YSiPhNv":75.99706474880352,"ANwm5mTBHmc9bNAsDjJTwC1NyEhP6JGRMrbBQh7yr2ke":1748.5840406733412,"BSsWGm1vMeKC5Hyuqch9EDUTLDoeq24bM73Lzjrekaa1":54.5274514556342,"A7hQtjGcDNAHPamo2uWwFgHWSuRxLPFbU4zM7NwCcPHc":2.2200947026803863,"u3eDdAk73RZrnzFpNv57YvYg4wekAiPrjuZ2PVGT7GP":15.849877402923628,"GyBgcGcUrfrQSwFARSXcSTttU1Q4ryq6G5SuG5jo4iQ5":1001,"2hD563di8oQHaYFGsMoUbPLnxaDhdnyrYGa71GagfJzQ":20.046525139452488,"GV7f4PG9SbjmiHdzjAGuaKEjxNWf3iVcC2XWmWcwbMyj":3654.981439845057,"3JTxASz9EFtLZ4KuYpnHwVJws4BqDeaLv1Xvrt4jbE4T":627.4766809604628,"GznBFqJXdWXYBCtXuC2PQv27tHdA44o9v7Nn8CentRx7":36.81076158037608,"7grZGsGJF9uzaov5XWpX3MRhdrwpibu2hDEg6dRELvZA":0,"2J8K2e6agprbRiDsJS3RS6PPcUKBoFjFSavV5wRQWsXD":505.3033588880316,"8VFhkSU5otMeR3XhTgbU7Npm2QYvkKyomzRFGUshPTKF":32.832253378652986,"A63nv8YHcj2AbwYtjZNEKE9A5ptsJt8opqW8ZKkzSpzT":76.89727708817983,"8YaMJBo37Uh9mE5bFbwsdSRvGdarMiEounYsgdw4nApS":4.359822033847505,"HZhLjj3coDxp7yJNvfedPWz6uUsx56VuGRonYU7vGPDz":0,"ACXciJLRbU2bNAZHusEvQ6fmdx4zi6raTtwpStcwgPk4":6322.276512015234,"6bDoix6DQ3vMJgPVMasEEaEppPGnAzGtg4gJKihwDDKf":1001,"67fFBbVNmQ3WAVQCX9JgJHjoeXsPMSj1LVAPrJv6Wr9Y":149398.21373997512,"BeGhPWfHPm7SZfE5PkAxvAD8F47ZpFgP7vcQ6wjm2HK5":0,"BTmk8r1FLmWGswHDk2FmKxN9LxCkXuvGrpv6qfLMw2jU":2.5375839090195917,"BUYuhKiQJ1h5ienwnBRtmE2Uv1VkhNRDcNE7wNCBRXBx":20.01361410322371,"2HAq6twVGAE3G78M5gt5nNTaHvZMu6wTXZu8aiTibxM8":14217468.43163471,"BFqwB5ykazbBgDgKBdUQXbF3jTojmvKF1ojkdy8iRRya":3.772993936507163,"FAQ9jLb8BTNJyMVad58wJ26Vq4FVsWkSXtmcK9KWkHAb":0,"r5DnUeJuZS58jJyznxSmkXZZK1i2ubdhYvmFJ5nnZa1":25518.14422305592,"9gDFKhUKMJw3A5VtNSQcmcbDXoArqSmPrsxvkQKbpkfa":255.6809620463265,"aU8biCQ1QGwNUTUiqcmqtWraTyAHS4DrgWkPsv6Hn5P":0,"8Li8nmW6Ksdbhry8pwDyPuWgxPnCHvczTsbfzERLBquN":1347.8870309712552,"F5kwcjandNtRFjZhUruUjwi3aT1ibc1d7PHw5x4NdX7W":9.036514403699169,"FFmnbpEwoexJf4s4ph9YBEud1mbPsotSiwCFMcwqQG73":0.5291988579355866,"BSk5nTn9AWgfkSBTHp1PSCDuGS1ny3TRUv63kZVEShA7":0,"8BPyRoitZfZavfqu631sTV8qVrcjxB97McrpraiLvJBh":0,"3mSwwe52Cm1bnTW8UMKsU2bvtQUpkTnnhv4B2TtH4w51":2767.142843744279,"9CtCnqqZBvia995tGpAk8LXL5WeMoBSty4n5BLrBHZtp":15.939472969887646,"GufoVXKw7WNsBPV8dFWzkttyfnyBiKHVFpFQWMUuehZP":15505709.285883803,"C1n8x3kT9keCckaJ8XYR3wERHiSJs7wF21Cs87W5qvYZ":2820459.2040269854,"GqkYMBw1sVZPzy8P9v9H8bukjsom3ycjKnvBwmNn2hyr":0,"6o5i9bhjxiWvnJiEzJDrcoqKXFFeRfoPxMa2WB6juoT6":0,"6L4gsPyLPzLabBvRKz6EVJEGUuzM19d6jssk1TpjU81U":1.728568544547021e+63,"ASy3wzu5j9HsLJtcLx3vn2uhYEZ7De5gMjScvpiYg3xT":979.9076004998863,"8Lx16Z9a9miZCFMRoUzDbYjpd5t7Mzgt3DT1xWCt1XeN":2.213413341606585,"BQ1jq8mBXwPKAb3Kw4GjZ82bvphmYsQ5wXJB7NFLGi8T":0,"Giv3XpwrAbmvHK1Y97sywgeeU75GdZybu5n1qQWyqBHF":39.78103127991093,"AXgwRJGua2UTUABsvUa4DrJxo46Eh4zCJZD5hGX8CiAY":7.458219996001225,"51MRiTs3VpwfrPkbrv8tg6dCtNbxbRkrvps1ty3gxQUA":0,"2E4MHKJJDgd9ck9n1iBCCV1AWtijPch8QA6xSkpc74qm":115.29011928295141,"CDmjbLNTfHoiGEKeNi7KLChYNbaCyszGkPBDZpaztDC3":3.968354855599454,"6zAa5rjojoSf7GtE3c1zoHJWuVE2osvJ3Jnx5jtjAL4J":754.5496905701203,"C3wrLoZyxFBSZZEyWvf1QspzydbE1m3QtPdqkosWcqxQ":28417500.21673476,"6BJMRCkLRuLAAh9DZbB8GeSdXNtTFyf8d3pJt17SRqAQ":2.386585562468313,"45yiQ41hd6Q3CxkNGaEZJb6qHnMDYnsqTwbEu2iortiJ":0,"6Ava7y4kwnw1NF4v8ZpmHPb36RuMH8TTJeZwWteamK1H":549942.2046476083,"9AUFE9igVQaBn3p8tEZ7MYtFNzoERbwAPyJWC8aXHvub":149.76464530847576,"HcFjsJxMW3SGQJjT8L2Qj9ZB3GEhoazCQ4GBETWgjri":402.2908583010369,"BNk21idaqbkyFDnhF4KZQJfwPkF62PjZRyMUwaGbMBGt":78.16243222763819,"GzFqFH6ZBercta9MXy9Yd6Y5K5XD6oAYDUFVPa2yGcX2":6870.529047022622,"6hcsxoHMMiKJNEhKPAeMPTh9Y45ucxNiX5eeX2SjadEg":0.029071138788161477,"6rYCysPWUbHmnUYx81ViFx2gqTreTghxirbqXCNKdQm5":708.0027275409908,"4EMu7bf5aSG3Mw3P28L2ZbHPc1g6g2rstZoipxiKCCms":37499.34573399388,"6goNaEv9WXtKNqKADHBLit6YSwHTu6SoRPfhqcktjg3x":1.4595955531211402,"XoPMhuqTbYD5Y2jeY9TzCUxbkDW4BiEVyLUKLwY2p75":512793.0430952826,"Abf5tqSGLUdvFqYXGJNhtuobALKEBE9keLwVa7hWswYs":24.097712745206714,"AUYtySCkLeZCW7WByZcVoe5Cwu5dXXXDu8fPw9JvweRQ":42.29576888368651,"2hWb2hvyw9wabWvmBewq5U4741pDhBw6yHieMqU8XY5f":442.18668229867984}