{"BNk21idaqbkyFDnhF4KZQJfwPkF62PjZRyMUwaGbMBGt":1001,"AXgwRJGua2UTUABsvUa4DrJxo46Eh4zCJZD5hGX8CiAY":1.0584357909219078,"2E4MHKJJDgd9ck9n1iBCCV1AWtijPch8QA6xSkpc74qm":51.64723552165671,"FFmnbpEwoexJf4s4ph9YBEud1mbPsotSiwCFMcwqQG73":0.48958863509833694,"3mSwwe52Cm1bnTW8UMKsU2bvtQUpkTnnhv4B2TtH4w51":116.1911441480762,"BFqwB5ykazbBgDgKBdUQXbF3jTojmvKF1ojkdy8iRRya":5.278316138116779,"u3eDdAk73RZrnzFpNv57YvYg4wekAiPrjuZ2PVGT7GP":18.23615396118321,"GufoVXKw7WNsBPV8dFWzkttyfnyBiKHVFpFQWMUuehZP":837.4796237073131,"BeGhPWfHPm7SZfE5PkAxvAD8F47ZpFgP7vcQ6wjm2HK5":0,"4uf2sXzTpAQDwwvm8vMj8369knyhWmbd5kVo8v79QAYF":0,"GzFqFH6ZBercta9MXy9Yd6Y5K5XD6oAYDUFVPa2yGcX2":7126380.4937920915,"67fFBbVNmQ3WAVQCX9JgJHjoeXsPMSj1LVAPrJv6Wr9Y":55.36409547322785,"8VFhkSU5otMeR3XhTgbU7Npm2QYvkKyomzRFGUshPTKF":22.419301043968254,"8YaMJBo37Uh9mE5bFbwsdSRvGdarMiEounYsgdw4nApS":369.84915429780256,"2J8K2e6agprbRiDsJS3RS6PPcUKBoFjFSavV5wRQWsXD":2826136680.233902,"8Lx16Z9a9miZCFMRoUzDbYjpd5t7Mzgt3DT1xWCt1XeN":0.18062815942452293,"F5kwcjandNtRFjZhUruUjwi3aT1ibc1d7PHw5x4NdX7W":86.62891443661967,"BUYuhKiQJ1h5ienwnBRtmE2Uv1VkhNRDcNE7wNCBRXBx":2.312656221813092,"BSk5nTn9AWgfkSBTHp1PSCDuGS1ny3TRUv63kZVEShA7":0,"r5DnUeJuZS58jJyznxSmkXZZK1i2ubdhYvmFJ5nnZa1":57.738654549785906,"6BJMRCkLRuLAAh9DZbB8GeSdXNtTFyf8d3pJt17SRqAQ":0.1441506009215443,"FLFgs9VSvCE3PNrYA444tqnHMEuYcv4Fm4h4YSiPhNv":1.1412385996131036,"6hcsxoHMMiKJNEhKPAeMPTh9Y45ucxNiX5eeX2SjadEg":0.017595682639459653,"45yiQ41hd6Q3CxkNGaEZJb6qHnMDYnsqTwbEu2iortiJ":0,"ACXciJLRbU2bNAZHusEvQ6fmdx4zi6raTtwpStcwgPk4":99.2303311050422,"C3wrLoZyxFBSZZEyWvf1QspzydbE1m3QtPdqkosWcqxQ":6.195947069774927e+81,"6rYCysPWUbHmnUYx81ViFx2gqTreTghxirbqXCNKdQm5":51.170020562621346,"BTmk8r1FLmWGswHDk2FmKxN9LxCkXuvGrpv6qfLMw2jU":2.6445878341159412,"GznBFqJXdWXYBCtXuC2PQv27tHdA44o9v7Nn8CentRx7":164.43995956851018,"2hD563di8oQHaYFGsMoUbPLnxaDhdnyrYGa71GagfJzQ":22.95057418448112,"6Ava7y4kwnw1NF4v8ZpmHPb36RuMH8TTJeZwWteamK1H":6442.488395953786,"Giv3XpwrAbmvHK1Y97sywgeeU75GdZybu5n1qQWyqBHF":36.87971315420056,"4EMu7bf5aSG3Mw3P28L2ZbHPc1g6g2rstZoipxiKCCms":3319.565110704612,"A7hQtjGcDNAHPamo2uWwFgHWSuRxLPFbU4zM7NwCcPHc":0.18003405604829492,"3JTxASz9EFtLZ4KuYpnHwVJws4BqDeaLv1Xvrt4jbE4T":1.4263091717193168e+29,"2hWb2hvyw9wabWvmBewq5U4741pDhBw6yHieMqU8XY5f":0,"ASy3wzu5j9HsLJtcLx3vn2uhYEZ7De5gMjScvpiYg3xT":1013.3543648662716,"C1n8x3kT9keCckaJ8XYR3wERHiSJs7wF21Cs87W5qvYZ":399.5690477153381,"Abf5tqSGLUdvFqYXGJNhtuobALKEBE9keLwVa7hWswYs":39.20702875827797,"51MRiTs3VpwfrPkbrv8tg6dCtNbxbRkrvps1ty3gxQUA":0,"8Li8nmW6Ksdbhry8pwDyPuWgxPnCHvczTsbfzERLBquN":45.523735525788524,"6goNaEv9WXtKNqKADHBLit6YSwHTu6SoRPfhqcktjg3x":0.050651291089987005,"6L4gsPyLPzLabBvRKz6EVJEGUuzM19d6jssk1TpjU81U":11779.528004771812,"A63nv8YHcj2AbwYtjZNEKE9A5ptsJt8opqW8ZKkzSpzT":15.717782729461582,"GqkYMBw1sVZPzy8P9v9H8bukjsom3ycjKnvBwmNn2hyr":0,"AUYtySCkLeZCW7WByZcVoe5Cwu5dXXXDu8fPw9JvweRQ":13.546122958965467,"XoPMhuqTbYD5Y2jeY9TzCUxbkDW4BiEVyLUKLwY2p75":1315.5947733981739,"9CtCnqqZBvia995tGpAk8LXL5WeMoBSty4n5BLrBHZtp":6.845987088079175}