{"BSk5nTn9AWgfkSBTHp1PSCDuGS1ny3TRUv63kZVEShA7":0,"FFmnbpEwoexJf4s4ph9YBEud1mbPsotSiwCFMcwqQG73":0.4403952615115614,"2J8K2e6agprbRiDsJS3RS6PPcUKBoFjFSavV5wRQWsXD":0,"45yiQ41hd6Q3CxkNGaEZJb6qHnMDYnsqTwbEu2iortiJ":0,"9CtCnqqZBvia995tGpAk8LXL5WeMoBSty4n5BLrBHZtp":2.171573309910735,"6Ava7y4kwnw1NF4v8ZpmHPb36RuMH8TTJeZwWteamK1H":22.40483440731882,"GznBFqJXdWXYBCtXuC2PQv27tHdA44o9v7Nn8CentRx7":0,"ASy3wzu5j9HsLJtcLx3vn2uhYEZ7De5gMjScvpiYg3xT":0,"3mSwwe52Cm1bnTW8UMKsU2bvtQUpkTnnhv4B2TtH4w51":10.38741232230418,"FLFgs9VSvCE3PNrYA444tqnHMEuYcv4Fm4h4YSiPhNv":45.14612205421265,"BTmk8r1FLmWGswHDk2FmKxN9LxCkXuvGrpv6qfLMw2jU":0.0025634744018399047,"2hD563di8oQHaYFGsMoUbPLnxaDhdnyrYGa71GagfJzQ":0,"XoPMhuqTbYD5Y2jeY9TzCUxbkDW4BiEVyLUKLwY2p75":54.75650758261923,"AXgwRJGua2UTUABsvUa4DrJxo46Eh4zCJZD5hGX8CiAY":0.41386995509111735,"u3eDdAk73RZrnzFpNv57YvYg4wekAiPrjuZ2PVGT7GP":1.4983957897413358,"r5DnUeJuZS58jJyznxSmkXZZK1i2ubdhYvmFJ5nnZa1":15.589831851786062,"GufoVXKw7WNsBPV8dFWzkttyfnyBiKHVFpFQWMUuehZP":19.703105466791946,"6goNaEv9WXtKNqKADHBLit6YSwHTu6SoRPfhqcktjg3x":0,"6rYCysPWUbHmnUYx81ViFx2gqTreTghxirbqXCNKdQm5":0.7438419196456048,"8YaMJBo37Uh9mE5bFbwsdSRvGdarMiEounYsgdw4nApS":373.06308992205527,"GzFqFH6ZBercta9MXy9Yd6Y5K5XD6oAYDUFVPa2yGcX2":0.01213996853390853,"F5kwcjandNtRFjZhUruUjwi3aT1ibc1d7PHw5x4NdX7W":81.58427385254541,"67fFBbVNmQ3WAVQCX9JgJHjoeXsPMSj1LVAPrJv6Wr9Y":5.278851829028075,"C3wrLoZyxFBSZZEyWvf1QspzydbE1m3QtPdqkosWcqxQ":0.46528699896017933,"BFqwB5ykazbBgDgKBdUQXbF3jTojmvKF1ojkdy8iRRya":5.40330390243613,"4uf2sXzTpAQDwwvm8vMj8369knyhWmbd5kVo8v79QAYF":0,"3JTxASz9EFtLZ4KuYpnHwVJws4BqDeaLv1Xvrt4jbE4T":0,"Giv3XpwrAbmvHK1Y97sywgeeU75GdZybu5n1qQWyqBHF":32.5892929153621}