{"A63nv8YHcj2AbwYtjZNEKE9A5ptsJt8opqW8ZKkzSpzT":76.89727708817983,"BSk5nTn9AWgfkSBTHp1PSCDuGS1ny3TRUv63kZVEShA7":0,"BQ1jq8mBXwPKAb3Kw4GjZ82bvphmYsQ5wXJB7NFLGi8T":0,"AXgwRJGua2UTUABsvUa4DrJxo46Eh4zCJZD5hGX8CiAY":9.689187186477977,"GV7f4PG9SbjmiHdzjAGuaKEjxNWf3iVcC2XWmWcwbMyj":3654.981439845057,"CDmjbLNTfHoiGEKeNi7KLChYNbaCyszGkPBDZpaztDC3":5.276014100401771,"FAQ9jLb8BTNJyMVad58wJ26Vq4FVsWkSXtmcK9KWkHAb":11.429282703333321,"FEJnLkggFL1g9aqT9ABytkjNvz9vBzsMN139XSu34J1u":29.817368661775866,"A7hQtjGcDNAHPamo2uWwFgHWSuRxLPFbU4zM7NwCcPHc":2.2201001316062063,"HZhLjj3coDxp7yJNvfedPWz6uUsx56VuGRonYU7vGPDz":0,"89KEoMijwKueBGnQRQPRTctFnnecKPubJ3TednYMdHcN":0,"ASy3wzu5j9HsLJtcLx3vn2uhYEZ7De5gMjScvpiYg3xT":6827829616237.196,"EhjoykTD4YrGpW7Ciri6VB1Va3xpEB5RKfmVg5hDpmYa":0,"ANwm5mTBHmc9bNAsDjJTwC1NyEhP6JGRMrbBQh7yr2ke":5839841.614188125,"8u9HiTKFWxFKtM3haudfVrjD31ZDWb8K24vpiDgPyJr7":53223.831685272344,"GqkYMBw1sVZPzy8P9v9H8bukjsom3ycjKnvBwmNn2hyr":0,"3mSwwe52Cm1bnTW8UMKsU2bvtQUpkTnnhv4B2TtH4w51":121909.25923011167,"9AUFE9igVQaBn3p8tEZ7MYtFNzoERbwAPyJWC8aXHvub":156.2060265794984,"6rYCysPWUbHmnUYx81ViFx2gqTreTghxirbqXCNKdQm5":85922.17437897704,"4uf2sXzTpAQDwwvm8vMj8369knyhWmbd5kVo8v79QAYF":1.300187096373584,"6hcsxoHMMiKJNEhKPAeMPTh9Y45ucxNiX5eeX2SjadEg":3.5897200955272046,"45yiQ41hd6Q3CxkNGaEZJb6qHnMDYnsqTwbEu2iortiJ":0,"AUYtySCkLeZCW7WByZcVoe5Cwu5dXXXDu8fPw9JvweRQ":49.10274437850815,"FFmnbpEwoexJf4s4ph9YBEud1mbPsotSiwCFMcwqQG73":1.018958766561151,"Abf5tqSGLUdvFqYXGJNhtuobALKEBE9keLwVa7hWswYs":496.7451247661599,"BeGhPWfHPm7SZfE5PkAxvAD8F47ZpFgP7vcQ6wjm2HK5":0,"2E4MHKJJDgd9ck9n1iBCCV1AWtijPch8QA6xSkpc74qm":152.1444869574843,"GzFqFH6ZBercta9MXy9Yd6Y5K5XD6oAYDUFVPa2yGcX2":4430909.136142804,"5qRGHYs2vZW7r8EuS9Ue31nG9oT56N1PiwFvvvdmnTP":0,"BTmk8r1FLmWGswHDk2FmKxN9LxCkXuvGrpv6qfLMw2jU":3.1425617318009857,"2hWb2hvyw9wabWvmBewq5U4741pDhBw6yHieMqU8XY5f":2.256192065476248,"4RKEnBNoqajQCTDzY1foEMTJMN8e3SBRD1WgPUwnoJ1P":14.351812409792553,"2hD563di8oQHaYFGsMoUbPLnxaDhdnyrYGa71GagfJzQ":150.11211080895973,"9gDFKhUKMJw3A5VtNSQcmcbDXoArqSmPrsxvkQKbpkfa":1.7470794481664946e+81,"8BPyRoitZfZavfqu631sTV8qVrcjxB97McrpraiLvJBh":0,"6BGbkm5HPbsPcJ6fjWm2c6VKSKwtUHbGiY5XcAMz3SwM":0,"Giv3XpwrAbmvHK1Y97sywgeeU75GdZybu5n1qQWyqBHF":557.7652504043591,"8Li8nmW6Ksdbhry8pwDyPuWgxPnCHvczTsbfzERLBquN":1357.7995047590732,"BUYuhKiQJ1h5ienwnBRtmE2Uv1VkhNRDcNE7wNCBRXBx":20.042638948264745,"6BJMRCkLRuLAAh9DZbB8GeSdXNtTFyf8d3pJt17SRqAQ":2.4788885681671147,"BFqwB5ykazbBgDgKBdUQXbF3jTojmvKF1ojkdy8iRRya":3.765087720787097,"8Lx16Z9a9miZCFMRoUzDbYjpd5t7Mzgt3DT1xWCt1XeN":2.2134020053117043,"2J8K2e6agprbRiDsJS3RS6PPcUKBoFjFSavV5wRQWsXD":19120.70607907829,"9CtCnqqZBvia995tGpAk8LXL5WeMoBSty4n5BLrBHZtp":82.91593868763016,"3JTxASz9EFtLZ4KuYpnHwVJws4BqDeaLv1Xvrt4jbE4T":663.0720666881703,"BNk21idaqbkyFDnhF4KZQJfwPkF62PjZRyMUwaGbMBGt":0.7313078613113255,"u3eDdAk73RZrnzFpNv57YvYg4wekAiPrjuZ2PVGT7GP":60.105065420688476,"7Dz2hTbQ3spKQMwqHwAygyAjrFJb5Lsz6k3U7UYj4Dgf":1.2489680621882382,"6L4gsPyLPzLabBvRKz6EVJEGUuzM19d6jssk1TpjU81U":1.4982681301839103e+75,"8VFhkSU5otMeR3XhTgbU7Npm2QYvkKyomzRFGUshPTKF":85.92091697330117,"8yfsbHsW9rQs7z4bAcFvYbF3mENcaTLy3Zc8mTKn4wHr":1.8829991173835436,"6o5i9bhjxiWvnJiEzJDrcoqKXFFeRfoPxMa2WB6juoT6":0.1477657185908532,"8YaMJBo37Uh9mE5bFbwsdSRvGdarMiEounYsgdw4nApS":6.1931447640717785,"67fFBbVNmQ3WAVQCX9JgJHjoeXsPMSj1LVAPrJv6Wr9Y":60745.54417457487,"GznBFqJXdWXYBCtXuC2PQv27tHdA44o9v7Nn8CentRx7":12.983655022340223,"ACXciJLRbU2bNAZHusEvQ6fmdx4zi6raTtwpStcwgPk4":4712649800571.556,"GyBgcGcUrfrQSwFARSXcSTttU1Q4ryq6G5SuG5jo4iQ5":1001,"6goNaEv9WXtKNqKADHBLit6YSwHTu6SoRPfhqcktjg3x":1.5698405299415352,"r5DnUeJuZS58jJyznxSmkXZZK1i2ubdhYvmFJ5nnZa1":1443.7115143681172,"51MRiTs3VpwfrPkbrv8tg6dCtNbxbRkrvps1ty3gxQUA":0,"6Ava7y4kwnw1NF4v8ZpmHPb36RuMH8TTJeZwWteamK1H":1847298.2872860976,"C1n8x3kT9keCckaJ8XYR3wERHiSJs7wF21Cs87W5qvYZ":250.4235215322438,"C3wrLoZyxFBSZZEyWvf1QspzydbE1m3QtPdqkosWcqxQ":0,"4TSc78uBwxcXoJcU2v42Avnr6ajRAPTkR2Jabs3d5q6p":72.3581219199029,"4EMu7bf5aSG3Mw3P28L2ZbHPc1g6g2rstZoipxiKCCms":69373.1768100029,"7grZGsGJF9uzaov5XWpX3MRhdrwpibu2hDEg6dRELvZA":0,"HcFjsJxMW3SGQJjT8L2Qj9ZB3GEhoazCQ4GBETWgjri":1.0719107713954339e+62,"6zAa5rjojoSf7GtE3c1zoHJWuVE2osvJ3Jnx5jtjAL4J":133.22713951485636,"F5kwcjandNtRFjZhUruUjwi3aT1ibc1d7PHw5x4NdX7W":10.258919922176158,"2HAq6twVGAE3G78M5gt5nNTaHvZMu6wTXZu8aiTibxM8":112.69792576838414,"F6fvGMXQhF5bd9jLGMSALxZ1atrYQRUQe7tA2qEss7v6":19.53379302764542,"BSsWGm1vMeKC5Hyuqch9EDUTLDoeq24bM73Lzjrekaa1":137.38613296216423,"6bDoix6DQ3vMJgPVMasEEaEppPGnAzGtg4gJKihwDDKf":1001,"aU8biCQ1QGwNUTUiqcmqtWraTyAHS4DrgWkPsv6Hn5P":0,"FLFgs9VSvCE3PNrYA444tqnHMEuYcv4Fm4h4YSiPhNv":47.58025865624178,"XoPMhuqTbYD5Y2jeY9TzCUxbkDW4BiEVyLUKLwY2p75":8998246.597403776,"GufoVXKw7WNsBPV8dFWzkttyfnyBiKHVFpFQWMUuehZP":5457814.957133373}