{"2J8K2e6agprbRiDsJS3RS6PPcUKBoFjFSavV5wRQWsXD":2259.750974324404,"BTmk8r1FLmWGswHDk2FmKxN9LxCkXuvGrpv6qfLMw2jU":1.5015166975514527,"67fFBbVNmQ3WAVQCX9JgJHjoeXsPMSj1LVAPrJv6Wr9Y":189.733735986329,"6Ava7y4kwnw1NF4v8ZpmHPb36RuMH8TTJeZwWteamK1H":61.959800791432464,"6rYCysPWUbHmnUYx81ViFx2gqTreTghxirbqXCNKdQm5":51.505400266390254,"GznBFqJXdWXYBCtXuC2PQv27tHdA44o9v7Nn8CentRx7":18.823276889607655,"8VFhkSU5otMeR3XhTgbU7Npm2QYvkKyomzRFGUshPTKF":0,"XoPMhuqTbYD5Y2jeY9TzCUxbkDW4BiEVyLUKLwY2p75":154851.07806093319,"6goNaEv9WXtKNqKADHBLit6YSwHTu6SoRPfhqcktjg3x":0,"BFqwB5ykazbBgDgKBdUQXbF3jTojmvKF1ojkdy8iRRya":3.8193255232128243,"u3eDdAk73RZrnzFpNv57YvYg4wekAiPrjuZ2PVGT7GP":7.088431726955058,"3JTxASz9EFtLZ4KuYpnHwVJws4BqDeaLv1Xvrt4jbE4T":0,"C1n8x3kT9keCckaJ8XYR3wERHiSJs7wF21Cs87W5qvYZ":0,"BSk5nTn9AWgfkSBTHp1PSCDuGS1ny3TRUv63kZVEShA7":0,"6L4gsPyLPzLabBvRKz6EVJEGUuzM19d6jssk1TpjU81U":0,"2hD563di8oQHaYFGsMoUbPLnxaDhdnyrYGa71GagfJzQ":4.108362248835995,"FLFgs9VSvCE3PNrYA444tqnHMEuYcv4Fm4h4YSiPhNv":75.6364784570795,"F5kwcjandNtRFjZhUruUjwi3aT1ibc1d7PHw5x4NdX7W":1.6241044503308766,"Giv3XpwrAbmvHK1Y97sywgeeU75GdZybu5n1qQWyqBHF":37.21031472673006,"GqkYMBw1sVZPzy8P9v9H8bukjsom3ycjKnvBwmNn2hyr":0,"4uf2sXzTpAQDwwvm8vMj8369knyhWmbd5kVo8v79QAYF":0,"9CtCnqqZBvia995tGpAk8LXL5WeMoBSty4n5BLrBHZtp":3.194001291807891,"6hcsxoHMMiKJNEhKPAeMPTh9Y45ucxNiX5eeX2SjadEg":0,"3mSwwe52Cm1bnTW8UMKsU2bvtQUpkTnnhv4B2TtH4w51":95.39750407615206,"GzFqFH6ZBercta9MXy9Yd6Y5K5XD6oAYDUFVPa2yGcX2":434.13926805418595,"r5DnUeJuZS58jJyznxSmkXZZK1i2ubdhYvmFJ5nnZa1":97.34594445692922,"FFmnbpEwoexJf4s4ph9YBEud1mbPsotSiwCFMcwqQG73":0.1461050785777518,"GufoVXKw7WNsBPV8dFWzkttyfnyBiKHVFpFQWMUuehZP":1565884.5661465407,"51MRiTs3VpwfrPkbrv8tg6dCtNbxbRkrvps1ty3gxQUA":0,"AXgwRJGua2UTUABsvUa4DrJxo46Eh4zCJZD5hGX8CiAY":0.40484949412318283,"A7hQtjGcDNAHPamo2uWwFgHWSuRxLPFbU4zM7NwCcPHc":0,"6BJMRCkLRuLAAh9DZbB8GeSdXNtTFyf8d3pJt17SRqAQ":2.5461905551340536,"8Lx16Z9a9miZCFMRoUzDbYjpd5t7Mzgt3DT1xWCt1XeN":0,"BUYuhKiQJ1h5ienwnBRtmE2Uv1VkhNRDcNE7wNCBRXBx":19.577429710369355,"45yiQ41hd6Q3CxkNGaEZJb6qHnMDYnsqTwbEu2iortiJ":0,"ASy3wzu5j9HsLJtcLx3vn2uhYEZ7De5gMjScvpiYg3xT":112.99848131213865,"AUYtySCkLeZCW7WByZcVoe5Cwu5dXXXDu8fPw9JvweRQ":0,"C3wrLoZyxFBSZZEyWvf1QspzydbE1m3QtPdqkosWcqxQ":94.90199008416892,"8YaMJBo37Uh9mE5bFbwsdSRvGdarMiEounYsgdw4nApS":3.139654725980656}