{"FFmnbpEwoexJf4s4ph9YBEud1mbPsotSiwCFMcwqQG73":0.1560373500720802,"F5kwcjandNtRFjZhUruUjwi3aT1ibc1d7PHw5x4NdX7W":2.1625424344178468,"GufoVXKw7WNsBPV8dFWzkttyfnyBiKHVFpFQWMUuehZP":4374502.977747639,"4EMu7bf5aSG3Mw3P28L2ZbHPc1g6g2rstZoipxiKCCms":0.20579794073676272,"AUYtySCkLeZCW7WByZcVoe5Cwu5dXXXDu8fPw9JvweRQ":0,"ASy3wzu5j9HsLJtcLx3vn2uhYEZ7De5gMjScvpiYg3xT":88.34662299629255,"45yiQ41hd6Q3CxkNGaEZJb6qHnMDYnsqTwbEu2iortiJ":0,"8VFhkSU5otMeR3XhTgbU7Npm2QYvkKyomzRFGUshPTKF":19.014304656042945,"2J8K2e6agprbRiDsJS3RS6PPcUKBoFjFSavV5wRQWsXD":203.15982680399605,"9CtCnqqZBvia995tGpAk8LXL5WeMoBSty4n5BLrBHZtp":3.0426418706692715,"2hWb2hvyw9wabWvmBewq5U4741pDhBw6yHieMqU8XY5f":0,"6Ava7y4kwnw1NF4v8ZpmHPb36RuMH8TTJeZwWteamK1H":54.49698590944294,"FLFgs9VSvCE3PNrYA444tqnHMEuYcv4Fm4h4YSiPhNv":70.46475273140851,"2E4MHKJJDgd9ck9n1iBCCV1AWtijPch8QA6xSkpc74qm":4.384209258168892,"8YaMJBo37Uh9mE5bFbwsdSRvGdarMiEounYsgdw4nApS":3.1665883493295244,"2hD563di8oQHaYFGsMoUbPLnxaDhdnyrYGa71GagfJzQ":32.8395532623057,"BTmk8r1FLmWGswHDk2FmKxN9LxCkXuvGrpv6qfLMw2jU":1.5548623574298759,"BeGhPWfHPm7SZfE5PkAxvAD8F47ZpFgP7vcQ6wjm2HK5":0,"4uf2sXzTpAQDwwvm8vMj8369knyhWmbd5kVo8v79QAYF":0,"BFqwB5ykazbBgDgKBdUQXbF3jTojmvKF1ojkdy8iRRya":3.7712148090822017,"BSk5nTn9AWgfkSBTHp1PSCDuGS1ny3TRUv63kZVEShA7":0,"C3wrLoZyxFBSZZEyWvf1QspzydbE1m3QtPdqkosWcqxQ":218.6523599144979,"u3eDdAk73RZrnzFpNv57YvYg4wekAiPrjuZ2PVGT7GP":7.972611905440963,"6goNaEv9WXtKNqKADHBLit6YSwHTu6SoRPfhqcktjg3x":0,"AXgwRJGua2UTUABsvUa4DrJxo46Eh4zCJZD5hGX8CiAY":0.548269075459995,"8Lx16Z9a9miZCFMRoUzDbYjpd5t7Mzgt3DT1xWCt1XeN":0.18062815942452293,"A7hQtjGcDNAHPamo2uWwFgHWSuRxLPFbU4zM7NwCcPHc":0.18003405604829492,"BUYuhKiQJ1h5ienwnBRtmE2Uv1VkhNRDcNE7wNCBRXBx":18.93655102875922,"BNk21idaqbkyFDnhF4KZQJfwPkF62PjZRyMUwaGbMBGt":1001,"ACXciJLRbU2bNAZHusEvQ6fmdx4zi6raTtwpStcwgPk4":0,"C1n8x3kT9keCckaJ8XYR3wERHiSJs7wF21Cs87W5qvYZ":1720.5951930618753,"3JTxASz9EFtLZ4KuYpnHwVJws4BqDeaLv1Xvrt4jbE4T":9.111691419113274e+37,"XoPMhuqTbYD5Y2jeY9TzCUxbkDW4BiEVyLUKLwY2p75":510098.36628313933,"67fFBbVNmQ3WAVQCX9JgJHjoeXsPMSj1LVAPrJv6Wr9Y":200.0687520987237,"8Li8nmW6Ksdbhry8pwDyPuWgxPnCHvczTsbfzERLBquN":19.901222740418145,"Giv3XpwrAbmvHK1Y97sywgeeU75GdZybu5n1qQWyqBHF":36.88100829914713,"6rYCysPWUbHmnUYx81ViFx2gqTreTghxirbqXCNKdQm5":52.944579691424764,"GqkYMBw1sVZPzy8P9v9H8bukjsom3ycjKnvBwmNn2hyr":0,"r5DnUeJuZS58jJyznxSmkXZZK1i2ubdhYvmFJ5nnZa1":282.3005463141276,"6L4gsPyLPzLabBvRKz6EVJEGUuzM19d6jssk1TpjU81U":440630.3481490607,"6BJMRCkLRuLAAh9DZbB8GeSdXNtTFyf8d3pJt17SRqAQ":2.3899209993009762,"3mSwwe52Cm1bnTW8UMKsU2bvtQUpkTnnhv4B2TtH4w51":96.92119651949164,"51MRiTs3VpwfrPkbrv8tg6dCtNbxbRkrvps1ty3gxQUA":0,"6hcsxoHMMiKJNEhKPAeMPTh9Y45ucxNiX5eeX2SjadEg":0.030053027822551925,"Abf5tqSGLUdvFqYXGJNhtuobALKEBE9keLwVa7hWswYs":28.919925499498156,"GzFqFH6ZBercta9MXy9Yd6Y5K5XD6oAYDUFVPa2yGcX2":1.9676016482000428e+26,"GznBFqJXdWXYBCtXuC2PQv27tHdA44o9v7Nn8CentRx7":16.48329717509025}