{"8Li8nmW6Ksdbhry8pwDyPuWgxPnCHvczTsbfzERLBquN":4393.970018954964,"GyBgcGcUrfrQSwFARSXcSTttU1Q4ryq6G5SuG5jo4iQ5":1001,"aU8biCQ1QGwNUTUiqcmqtWraTyAHS4DrgWkPsv6Hn5P":0,"BUYuhKiQJ1h5ienwnBRtmE2Uv1VkhNRDcNE7wNCBRXBx":3.0918751942986322,"6hcsxoHMMiKJNEhKPAeMPTh9Y45ucxNiX5eeX2SjadEg":1.7974379528283624,"5qRGHYs2vZW7r8EuS9Ue31nG9oT56N1PiwFvvvdmnTP":0,"r5DnUeJuZS58jJyznxSmkXZZK1i2ubdhYvmFJ5nnZa1":2379.456706421427,"4EMu7bf5aSG3Mw3P28L2ZbHPc1g6g2rstZoipxiKCCms":403.77643483938186,"3mSwwe52Cm1bnTW8UMKsU2bvtQUpkTnnhv4B2TtH4w51":75896.12577595914,"8VFhkSU5otMeR3XhTgbU7Npm2QYvkKyomzRFGUshPTKF":146.11817005400795,"C1n8x3kT9keCckaJ8XYR3wERHiSJs7wF21Cs87W5qvYZ":1.2136497763408761e+110,"6zAa5rjojoSf7GtE3c1zoHJWuVE2osvJ3Jnx5jtjAL4J":372.1048715151063,"BSsWGm1vMeKC5Hyuqch9EDUTLDoeq24bM73Lzjrekaa1":137.38447032320695,"8yfsbHsW9rQs7z4bAcFvYbF3mENcaTLy3Zc8mTKn4wHr":1.8829991173835436,"51MRiTs3VpwfrPkbrv8tg6dCtNbxbRkrvps1ty3gxQUA":0,"GqkYMBw1sVZPzy8P9v9H8bukjsom3ycjKnvBwmNn2hyr":0,"ACXciJLRbU2bNAZHusEvQ6fmdx4zi6raTtwpStcwgPk4":552954860547.1167,"6rYCysPWUbHmnUYx81ViFx2gqTreTghxirbqXCNKdQm5":53769.63241825391,"GznBFqJXdWXYBCtXuC2PQv27tHdA44o9v7Nn8CentRx7":27.592717383424326,"F5kwcjandNtRFjZhUruUjwi3aT1ibc1d7PHw5x4NdX7W":143.26552037924407,"6L4gsPyLPzLabBvRKz6EVJEGUuzM19d6jssk1TpjU81U":313.99584598421796,"45yiQ41hd6Q3CxkNGaEZJb6qHnMDYnsqTwbEu2iortiJ":0,"6bDoix6DQ3vMJgPVMasEEaEppPGnAzGtg4gJKihwDDKf":1001,"89KEoMijwKueBGnQRQPRTctFnnecKPubJ3TednYMdHcN":0,"Giv3XpwrAbmvHK1Y97sywgeeU75GdZybu5n1qQWyqBHF":1019.2174614738178,"7Dz2hTbQ3spKQMwqHwAygyAjrFJb5Lsz6k3U7UYj4Dgf":0.8905410664463709,"9gDFKhUKMJw3A5VtNSQcmcbDXoArqSmPrsxvkQKbpkfa":25086716137.705032,"6Ava7y4kwnw1NF4v8ZpmHPb36RuMH8TTJeZwWteamK1H":647190614.7618777,"6o5i9bhjxiWvnJiEzJDrcoqKXFFeRfoPxMa2WB6juoT6":0.19199136134708805,"2hD563di8oQHaYFGsMoUbPLnxaDhdnyrYGa71GagfJzQ":192.3887992117953,"BSk5nTn9AWgfkSBTHp1PSCDuGS1ny3TRUv63kZVEShA7":0,"4RKEnBNoqajQCTDzY1foEMTJMN8e3SBRD1WgPUwnoJ1P":0,"8Lx16Z9a9miZCFMRoUzDbYjpd5t7Mzgt3DT1xWCt1XeN":2.022209211297543,"9AUFE9igVQaBn3p8tEZ7MYtFNzoERbwAPyJWC8aXHvub":47.167145973074454,"2J8K2e6agprbRiDsJS3RS6PPcUKBoFjFSavV5wRQWsXD":26985.064653242553,"4TSc78uBwxcXoJcU2v42Avnr6ajRAPTkR2Jabs3d5q6p":72.3581219199029,"XoPMhuqTbYD5Y2jeY9TzCUxbkDW4BiEVyLUKLwY2p75":24503581.40351564,"GufoVXKw7WNsBPV8dFWzkttyfnyBiKHVFpFQWMUuehZP":238717462.49150363,"GzFqFH6ZBercta9MXy9Yd6Y5K5XD6oAYDUFVPa2yGcX2":1617263.073505992,"BFqwB5ykazbBgDgKBdUQXbF3jTojmvKF1ojkdy8iRRya":5.267176502068671,"FEJnLkggFL1g9aqT9ABytkjNvz9vBzsMN139XSu34J1u":130.93159062728682,"7grZGsGJF9uzaov5XWpX3MRhdrwpibu2hDEg6dRELvZA":0,"FFmnbpEwoexJf4s4ph9YBEud1mbPsotSiwCFMcwqQG73":2.2122148734712077,"2HAq6twVGAE3G78M5gt5nNTaHvZMu6wTXZu8aiTibxM8":112.70161242637099,"FAQ9jLb8BTNJyMVad58wJ26Vq4FVsWkSXtmcK9KWkHAb":900.2270377678,"BeGhPWfHPm7SZfE5PkAxvAD8F47ZpFgP7vcQ6wjm2HK5":0,"6goNaEv9WXtKNqKADHBLit6YSwHTu6SoRPfhqcktjg3x":0.8024783850195671,"4uf2sXzTpAQDwwvm8vMj8369knyhWmbd5kVo8v79QAYF":2.686379771006009,"Abf5tqSGLUdvFqYXGJNhtuobALKEBE9keLwVa7hWswYs":180.97389630433676,"C3wrLoZyxFBSZZEyWvf1QspzydbE1m3QtPdqkosWcqxQ":2.9097210821765384e+83,"2hWb2hvyw9wabWvmBewq5U4741pDhBw6yHieMqU8XY5f":1.1216619163855635,"HcFjsJxMW3SGQJjT8L2Qj9ZB3GEhoazCQ4GBETWgjri":5.726792687814197,"ANwm5mTBHmc9bNAsDjJTwC1NyEhP6JGRMrbBQh7yr2ke":174358041012.81613,"9CtCnqqZBvia995tGpAk8LXL5WeMoBSty4n5BLrBHZtp":52.99935837393181,"A7hQtjGcDNAHPamo2uWwFgHWSuRxLPFbU4zM7NwCcPHc":0.18966184099487027,"HZhLjj3coDxp7yJNvfedPWz6uUsx56VuGRonYU7vGPDz":0,"67fFBbVNmQ3WAVQCX9JgJHjoeXsPMSj1LVAPrJv6Wr9Y":9888.826229577817,"FLFgs9VSvCE3PNrYA444tqnHMEuYcv4Fm4h4YSiPhNv":9.50417042037568,"BTmk8r1FLmWGswHDk2FmKxN9LxCkXuvGrpv6qfLMw2jU":4.092997994465697,"F6fvGMXQhF5bd9jLGMSALxZ1atrYQRUQe7tA2qEss7v6":19.53379302764542,"u3eDdAk73RZrnzFpNv57YvYg4wekAiPrjuZ2PVGT7GP":58.488201528998296,"BQ1jq8mBXwPKAb3Kw4GjZ82bvphmYsQ5wXJB7NFLGi8T":0,"2E4MHKJJDgd9ck9n1iBCCV1AWtijPch8QA6xSkpc74qm":978.1408951131314,"AXgwRJGua2UTUABsvUa4DrJxo46Eh4zCJZD5hGX8CiAY":2.5302659016033235,"ASy3wzu5j9HsLJtcLx3vn2uhYEZ7De5gMjScvpiYg3xT":3.556660155763799e+51,"AUYtySCkLeZCW7WByZcVoe5Cwu5dXXXDu8fPw9JvweRQ":41.928052479150594,"BNk21idaqbkyFDnhF4KZQJfwPkF62PjZRyMUwaGbMBGt":39.222600752640034,"8YaMJBo37Uh9mE5bFbwsdSRvGdarMiEounYsgdw4nApS":352.0215318980836,"6BJMRCkLRuLAAh9DZbB8GeSdXNtTFyf8d3pJt17SRqAQ":0.8517837426571306,"3JTxASz9EFtLZ4KuYpnHwVJws4BqDeaLv1Xvrt4jbE4T":6472.553283490793,"A63nv8YHcj2AbwYtjZNEKE9A5ptsJt8opqW8ZKkzSpzT":37.687990141087234,"8BPyRoitZfZavfqu631sTV8qVrcjxB97McrpraiLvJBh":0,"CDmjbLNTfHoiGEKeNi7KLChYNbaCyszGkPBDZpaztDC3":3.933773607271429,"GV7f4PG9SbjmiHdzjAGuaKEjxNWf3iVcC2XWmWcwbMyj":3654.981439845057}