{"A63nv8YHcj2AbwYtjZNEKE9A5ptsJt8opqW8ZKkzSpzT":12.632220985055188,"BSk5nTn9AWgfkSBTHp1PSCDuGS1ny3TRUv63kZVEShA7":0,"7AyMoppTruYRVtZ3NgaQpUttwVwwDmffLkP1V9JUSuzF":0,"BQ1jq8mBXwPKAb3Kw4GjZ82bvphmYsQ5wXJB7NFLGi8T":0,"AXgwRJGua2UTUABsvUa4DrJxo46Eh4zCJZD5hGX8CiAY":9.689186571372721,"GV7f4PG9SbjmiHdzjAGuaKEjxNWf3iVcC2XWmWcwbMyj":3654.981439845057,"CDmjbLNTfHoiGEKeNi7KLChYNbaCyszGkPBDZpaztDC3":5.276014100401771,"FAQ9jLb8BTNJyMVad58wJ26Vq4FVsWkSXtmcK9KWkHAb":11.721147141827103,"FEJnLkggFL1g9aqT9ABytkjNvz9vBzsMN139XSu34J1u":35.553441586571054,"A7hQtjGcDNAHPamo2uWwFgHWSuRxLPFbU4zM7NwCcPHc":2.2201001316062063,"HZhLjj3coDxp7yJNvfedPWz6uUsx56VuGRonYU7vGPDz":0,"89KEoMijwKueBGnQRQPRTctFnnecKPubJ3TednYMdHcN":0,"ASy3wzu5j9HsLJtcLx3vn2uhYEZ7De5gMjScvpiYg3xT":5817379178684.373,"EhjoykTD4YrGpW7Ciri6VB1Va3xpEB5RKfmVg5hDpmYa":0,"ANwm5mTBHmc9bNAsDjJTwC1NyEhP6JGRMrbBQh7yr2ke":5839841.614188125,"8u9HiTKFWxFKtM3haudfVrjD31ZDWb8K24vpiDgPyJr7":39948415.06447778,"GqkYMBw1sVZPzy8P9v9H8bukjsom3ycjKnvBwmNn2hyr":488.45693027226275,"3mSwwe52Cm1bnTW8UMKsU2bvtQUpkTnnhv4B2TtH4w51":4725.367122471266,"9AUFE9igVQaBn3p8tEZ7MYtFNzoERbwAPyJWC8aXHvub":149.7304503364304,"6rYCysPWUbHmnUYx81ViFx2gqTreTghxirbqXCNKdQm5":7304.561291276383,"4uf2sXzTpAQDwwvm8vMj8369knyhWmbd5kVo8v79QAYF":1.300187096373584,"6hcsxoHMMiKJNEhKPAeMPTh9Y45ucxNiX5eeX2SjadEg":3.852723150688875,"45yiQ41hd6Q3CxkNGaEZJb6qHnMDYnsqTwbEu2iortiJ":0,"AUYtySCkLeZCW7WByZcVoe5Cwu5dXXXDu8fPw9JvweRQ":49.10274437850815,"FFmnbpEwoexJf4s4ph9YBEud1mbPsotSiwCFMcwqQG73":1.0929118722121656,"Abf5tqSGLUdvFqYXGJNhtuobALKEBE9keLwVa7hWswYs":497.10500616268405,"BeGhPWfHPm7SZfE5PkAxvAD8F47ZpFgP7vcQ6wjm2HK5":0,"2E4MHKJJDgd9ck9n1iBCCV1AWtijPch8QA6xSkpc74qm":21.98689498190727,"GzFqFH6ZBercta9MXy9Yd6Y5K5XD6oAYDUFVPa2yGcX2":1339248.4024266142,"5qRGHYs2vZW7r8EuS9Ue31nG9oT56N1PiwFvvvdmnTP":0,"BTmk8r1FLmWGswHDk2FmKxN9LxCkXuvGrpv6qfLMw2jU":2.9141963449217823,"2hWb2hvyw9wabWvmBewq5U4741pDhBw6yHieMqU8XY5f":2.256184449769072,"4RKEnBNoqajQCTDzY1foEMTJMN8e3SBRD1WgPUwnoJ1P":14.340381386122324,"2hD563di8oQHaYFGsMoUbPLnxaDhdnyrYGa71GagfJzQ":150.422465361111,"9gDFKhUKMJw3A5VtNSQcmcbDXoArqSmPrsxvkQKbpkfa":280597379787837.78,"8BPyRoitZfZavfqu631sTV8qVrcjxB97McrpraiLvJBh":0,"6BGbkm5HPbsPcJ6fjWm2c6VKSKwtUHbGiY5XcAMz3SwM":0,"Giv3XpwrAbmvHK1Y97sywgeeU75GdZybu5n1qQWyqBHF":562.1511944798458,"8Li8nmW6Ksdbhry8pwDyPuWgxPnCHvczTsbfzERLBquN":1357.7995047590732,"BUYuhKiQJ1h5ienwnBRtmE2Uv1VkhNRDcNE7wNCBRXBx":20.041449508918863,"6BJMRCkLRuLAAh9DZbB8GeSdXNtTFyf8d3pJt17SRqAQ":2.4788885969355468,"BFqwB5ykazbBgDgKBdUQXbF3jTojmvKF1ojkdy8iRRya":3.7647442496308026,"8Lx16Z9a9miZCFMRoUzDbYjpd5t7Mzgt3DT1xWCt1XeN":2.2134020053117043,"2J8K2e6agprbRiDsJS3RS6PPcUKBoFjFSavV5wRQWsXD":15635.367115243094,"9CtCnqqZBvia995tGpAk8LXL5WeMoBSty4n5BLrBHZtp":64.2115577671011,"3JTxASz9EFtLZ4KuYpnHwVJws4BqDeaLv1Xvrt4jbE4T":663.3225162247392,"BNk21idaqbkyFDnhF4KZQJfwPkF62PjZRyMUwaGbMBGt":1.0584977952518448,"u3eDdAk73RZrnzFpNv57YvYg4wekAiPrjuZ2PVGT7GP":59.67542617135406,"7Dz2hTbQ3spKQMwqHwAygyAjrFJb5Lsz6k3U7UYj4Dgf":1.2489680621882382,"6L4gsPyLPzLabBvRKz6EVJEGUuzM19d6jssk1TpjU81U":1.4982681301839103e+75,"8VFhkSU5otMeR3XhTgbU7Npm2QYvkKyomzRFGUshPTKF":85.93487765243457,"8yfsbHsW9rQs7z4bAcFvYbF3mENcaTLy3Zc8mTKn4wHr":1.8829991173835436,"6o5i9bhjxiWvnJiEzJDrcoqKXFFeRfoPxMa2WB6juoT6":7.029018766649342,"8YaMJBo37Uh9mE5bFbwsdSRvGdarMiEounYsgdw4nApS":6.193185650218869,"67fFBbVNmQ3WAVQCX9JgJHjoeXsPMSj1LVAPrJv6Wr9Y":97634.20518820435,"GznBFqJXdWXYBCtXuC2PQv27tHdA44o9v7Nn8CentRx7":251.67818111020003,"ACXciJLRbU2bNAZHusEvQ6fmdx4zi6raTtwpStcwgPk4":4712649799984.171,"GyBgcGcUrfrQSwFARSXcSTttU1Q4ryq6G5SuG5jo4iQ5":1001,"6goNaEv9WXtKNqKADHBLit6YSwHTu6SoRPfhqcktjg3x":1.5698405299415352,"r5DnUeJuZS58jJyznxSmkXZZK1i2ubdhYvmFJ5nnZa1":1113.1407899395774,"51MRiTs3VpwfrPkbrv8tg6dCtNbxbRkrvps1ty3gxQUA":0,"6Ava7y4kwnw1NF4v8ZpmHPb36RuMH8TTJeZwWteamK1H":14554288019.934378,"C1n8x3kT9keCckaJ8XYR3wERHiSJs7wF21Cs87W5qvYZ":183.81526199384578,"C3wrLoZyxFBSZZEyWvf1QspzydbE1m3QtPdqkosWcqxQ":6.548001251230769e+132,"4TSc78uBwxcXoJcU2v42Avnr6ajRAPTkR2Jabs3d5q6p":72.3581219199029,"4EMu7bf5aSG3Mw3P28L2ZbHPc1g6g2rstZoipxiKCCms":61485.32651217459,"7grZGsGJF9uzaov5XWpX3MRhdrwpibu2hDEg6dRELvZA":34.35442428206561,"HcFjsJxMW3SGQJjT8L2Qj9ZB3GEhoazCQ4GBETWgjri":1.2003892222358435e+33,"6zAa5rjojoSf7GtE3c1zoHJWuVE2osvJ3Jnx5jtjAL4J":385.78281527868035,"F5kwcjandNtRFjZhUruUjwi3aT1ibc1d7PHw5x4NdX7W":10.428677275036847,"2HAq6twVGAE3G78M5gt5nNTaHvZMu6wTXZu8aiTibxM8":210.45118625534292,"F6fvGMXQhF5bd9jLGMSALxZ1atrYQRUQe7tA2qEss7v6":19.53379302764542,"BSsWGm1vMeKC5Hyuqch9EDUTLDoeq24bM73Lzjrekaa1":267.30724686423457,"6bDoix6DQ3vMJgPVMasEEaEppPGnAzGtg4gJKihwDDKf":1001,"aU8biCQ1QGwNUTUiqcmqtWraTyAHS4DrgWkPsv6Hn5P":0,"FLFgs9VSvCE3PNrYA444tqnHMEuYcv4Fm4h4YSiPhNv":45.03832693942273,"XoPMhuqTbYD5Y2jeY9TzCUxbkDW4BiEVyLUKLwY2p75":5760318.3552036835,"GufoVXKw7WNsBPV8dFWzkttyfnyBiKHVFpFQWMUuehZP":2922186.7388205756}