{"8YaMJBo37Uh9mE5bFbwsdSRvGdarMiEounYsgdw4nApS":3.1693550199551,"AUYtySCkLeZCW7WByZcVoe5Cwu5dXXXDu8fPw9JvweRQ":17.926842566882083,"Abf5tqSGLUdvFqYXGJNhtuobALKEBE9keLwVa7hWswYs":8.705788738866428,"GzFqFH6ZBercta9MXy9Yd6Y5K5XD6oAYDUFVPa2yGcX2":55326.334603962605,"BNk21idaqbkyFDnhF4KZQJfwPkF62PjZRyMUwaGbMBGt":1001,"GufoVXKw7WNsBPV8dFWzkttyfnyBiKHVFpFQWMUuehZP":10767858.253232772,"3JTxASz9EFtLZ4KuYpnHwVJws4BqDeaLv1Xvrt4jbE4T":4463.099928925399,"r5DnUeJuZS58jJyznxSmkXZZK1i2ubdhYvmFJ5nnZa1":182.35356776253101,"BFqwB5ykazbBgDgKBdUQXbF3jTojmvKF1ojkdy8iRRya":3.7712148090822017,"ASy3wzu5j9HsLJtcLx3vn2uhYEZ7De5gMjScvpiYg3xT":125.97210705883053,"6L4gsPyLPzLabBvRKz6EVJEGUuzM19d6jssk1TpjU81U":11779.528004771812,"4EMu7bf5aSG3Mw3P28L2ZbHPc1g6g2rstZoipxiKCCms":3399.2851594565436,"6rYCysPWUbHmnUYx81ViFx2gqTreTghxirbqXCNKdQm5":30392.00564565241,"A7hQtjGcDNAHPamo2uWwFgHWSuRxLPFbU4zM7NwCcPHc":2.240419695024798,"GqkYMBw1sVZPzy8P9v9H8bukjsom3ycjKnvBwmNn2hyr":0,"2J8K2e6agprbRiDsJS3RS6PPcUKBoFjFSavV5wRQWsXD":297367.96497226076,"A63nv8YHcj2AbwYtjZNEKE9A5ptsJt8opqW8ZKkzSpzT":37.86925746100751,"8Li8nmW6Ksdbhry8pwDyPuWgxPnCHvczTsbfzERLBquN":176.40441978926722,"AXgwRJGua2UTUABsvUa4DrJxo46Eh4zCJZD5hGX8CiAY":8.472012780220872,"BeGhPWfHPm7SZfE5PkAxvAD8F47ZpFgP7vcQ6wjm2HK5":0,"FFmnbpEwoexJf4s4ph9YBEud1mbPsotSiwCFMcwqQG73":0.27975248192133595,"9gDFKhUKMJw3A5VtNSQcmcbDXoArqSmPrsxvkQKbpkfa":0,"6goNaEv9WXtKNqKADHBLit6YSwHTu6SoRPfhqcktjg3x":1.3440212471328428,"BSk5nTn9AWgfkSBTHp1PSCDuGS1ny3TRUv63kZVEShA7":0,"6hcsxoHMMiKJNEhKPAeMPTh9Y45ucxNiX5eeX2SjadEg":0.021071373375769475,"C1n8x3kT9keCckaJ8XYR3wERHiSJs7wF21Cs87W5qvYZ":399.5690477153381,"ANwm5mTBHmc9bNAsDjJTwC1NyEhP6JGRMrbBQh7yr2ke":0,"C3wrLoZyxFBSZZEyWvf1QspzydbE1m3QtPdqkosWcqxQ":6.017645253737053e+59,"45yiQ41hd6Q3CxkNGaEZJb6qHnMDYnsqTwbEu2iortiJ":0,"u3eDdAk73RZrnzFpNv57YvYg4wekAiPrjuZ2PVGT7GP":34.899387847189466,"XoPMhuqTbYD5Y2jeY9TzCUxbkDW4BiEVyLUKLwY2p75":512784.9569536477,"6Ava7y4kwnw1NF4v8ZpmHPb36RuMH8TTJeZwWteamK1H":32956148.653928306,"F5kwcjandNtRFjZhUruUjwi3aT1ibc1d7PHw5x4NdX7W":4.925144643595214,"ACXciJLRbU2bNAZHusEvQ6fmdx4zi6raTtwpStcwgPk4":100.23477082003139,"BTmk8r1FLmWGswHDk2FmKxN9LxCkXuvGrpv6qfLMw2jU":1.654707357049201,"2E4MHKJJDgd9ck9n1iBCCV1AWtijPch8QA6xSkpc74qm":65.8225917122212,"Giv3XpwrAbmvHK1Y97sywgeeU75GdZybu5n1qQWyqBHF":33.741341180823085,"GznBFqJXdWXYBCtXuC2PQv27tHdA44o9v7Nn8CentRx7":18.56588547871205,"3mSwwe52Cm1bnTW8UMKsU2bvtQUpkTnnhv4B2TtH4w51":29589.04719227984,"BUYuhKiQJ1h5ienwnBRtmE2Uv1VkhNRDcNE7wNCBRXBx":20.734566415717516,"9AUFE9igVQaBn3p8tEZ7MYtFNzoERbwAPyJWC8aXHvub":0,"4uf2sXzTpAQDwwvm8vMj8369knyhWmbd5kVo8v79QAYF":0,"2hWb2hvyw9wabWvmBewq5U4741pDhBw6yHieMqU8XY5f":0,"6BJMRCkLRuLAAh9DZbB8GeSdXNtTFyf8d3pJt17SRqAQ":2.4169248965623336,"67fFBbVNmQ3WAVQCX9JgJHjoeXsPMSj1LVAPrJv6Wr9Y":1198.2371560452852,"51MRiTs3VpwfrPkbrv8tg6dCtNbxbRkrvps1ty3gxQUA":0,"6zAa5rjojoSf7GtE3c1zoHJWuVE2osvJ3Jnx5jtjAL4J":0,"8VFhkSU5otMeR3XhTgbU7Npm2QYvkKyomzRFGUshPTKF":76.10156052455228,"8Lx16Z9a9miZCFMRoUzDbYjpd5t7Mzgt3DT1xWCt1XeN":2.2336872226153215,"2hD563di8oQHaYFGsMoUbPLnxaDhdnyrYGa71GagfJzQ":13.273458438319775,"FLFgs9VSvCE3PNrYA444tqnHMEuYcv4Fm4h4YSiPhNv":71.40374724034469,"9CtCnqqZBvia995tGpAk8LXL5WeMoBSty4n5BLrBHZtp":38.779375756196835}