{"u3eDdAk73RZrnzFpNv57YvYg4wekAiPrjuZ2PVGT7GP":1.4983957897413358,"8YaMJBo37Uh9mE5bFbwsdSRvGdarMiEounYsgdw4nApS":373.06308992205527,"XoPMhuqTbYD5Y2jeY9TzCUxbkDW4BiEVyLUKLwY2p75":54.83747564768851,"4uf2sXzTpAQDwwvm8vMj8369knyhWmbd5kVo8v79QAYF":0,"BFqwB5ykazbBgDgKBdUQXbF3jTojmvKF1ojkdy8iRRya":5.40330390243613,"67fFBbVNmQ3WAVQCX9JgJHjoeXsPMSj1LVAPrJv6Wr9Y":4.958250172717338,"2hD563di8oQHaYFGsMoUbPLnxaDhdnyrYGa71GagfJzQ":0,"GufoVXKw7WNsBPV8dFWzkttyfnyBiKHVFpFQWMUuehZP":19.703105466791946,"9CtCnqqZBvia995tGpAk8LXL5WeMoBSty4n5BLrBHZtp":2.171573309910735,"ASy3wzu5j9HsLJtcLx3vn2uhYEZ7De5gMjScvpiYg3xT":0,"FFmnbpEwoexJf4s4ph9YBEud1mbPsotSiwCFMcwqQG73":0.4403952615115614,"r5DnUeJuZS58jJyznxSmkXZZK1i2ubdhYvmFJ5nnZa1":15.589831851786062,"3JTxASz9EFtLZ4KuYpnHwVJws4BqDeaLv1Xvrt4jbE4T":0,"FLFgs9VSvCE3PNrYA444tqnHMEuYcv4Fm4h4YSiPhNv":44.742525704871184,"6Ava7y4kwnw1NF4v8ZpmHPb36RuMH8TTJeZwWteamK1H":22.40483440731882,"3mSwwe52Cm1bnTW8UMKsU2bvtQUpkTnnhv4B2TtH4w51":10.38741232230418,"GznBFqJXdWXYBCtXuC2PQv27tHdA44o9v7Nn8CentRx7":0.3619158312071713,"BTmk8r1FLmWGswHDk2FmKxN9LxCkXuvGrpv6qfLMw2jU":0.0025634744018399047,"6goNaEv9WXtKNqKADHBLit6YSwHTu6SoRPfhqcktjg3x":0,"6rYCysPWUbHmnUYx81ViFx2gqTreTghxirbqXCNKdQm5":0.7438419196456048,"2J8K2e6agprbRiDsJS3RS6PPcUKBoFjFSavV5wRQWsXD":0,"Giv3XpwrAbmvHK1Y97sywgeeU75GdZybu5n1qQWyqBHF":32.5892929153621,"F5kwcjandNtRFjZhUruUjwi3aT1ibc1d7PHw5x4NdX7W":81.58427385254541,"BSk5nTn9AWgfkSBTHp1PSCDuGS1ny3TRUv63kZVEShA7":0,"45yiQ41hd6Q3CxkNGaEZJb6qHnMDYnsqTwbEu2iortiJ":0,"C3wrLoZyxFBSZZEyWvf1QspzydbE1m3QtPdqkosWcqxQ":0.46405012323276207,"GzFqFH6ZBercta9MXy9Yd6Y5K5XD6oAYDUFVPa2yGcX2":0.01213996853390853,"AXgwRJGua2UTUABsvUa4DrJxo46Eh4zCJZD5hGX8CiAY":0.36725775718078335,"6BJMRCkLRuLAAh9DZbB8GeSdXNtTFyf8d3pJt17SRqAQ":0}