{"6rYCysPWUbHmnUYx81ViFx2gqTreTghxirbqXCNKdQm5":1.6598420011239456,"Giv3XpwrAbmvHK1Y97sywgeeU75GdZybu5n1qQWyqBHF":0,"BTmk8r1FLmWGswHDk2FmKxN9LxCkXuvGrpv6qfLMw2jU":0,"F5kwcjandNtRFjZhUruUjwi3aT1ibc1d7PHw5x4NdX7W":0,"3mSwwe52Cm1bnTW8UMKsU2bvtQUpkTnnhv4B2TtH4w51":0.3290970857179776,"AXgwRJGua2UTUABsvUa4DrJxo46Eh4zCJZD5hGX8CiAY":1.9402336026716593,"8YaMJBo37Uh9mE5bFbwsdSRvGdarMiEounYsgdw4nApS":0,"FFmnbpEwoexJf4s4ph9YBEud1mbPsotSiwCFMcwqQG73":0.4403952615115614,"BSk5nTn9AWgfkSBTHp1PSCDuGS1ny3TRUv63kZVEShA7":0,"BFqwB5ykazbBgDgKBdUQXbF3jTojmvKF1ojkdy8iRRya":5.40330390243613,"67fFBbVNmQ3WAVQCX9JgJHjoeXsPMSj1LVAPrJv6Wr9Y":5.043047688627578,"u3eDdAk73RZrnzFpNv57YvYg4wekAiPrjuZ2PVGT7GP":0.07911773490947294,"FLFgs9VSvCE3PNrYA444tqnHMEuYcv4Fm4h4YSiPhNv":0,"GzFqFH6ZBercta9MXy9Yd6Y5K5XD6oAYDUFVPa2yGcX2":0.26141177095424517,"9CtCnqqZBvia995tGpAk8LXL5WeMoBSty4n5BLrBHZtp":0.8453702925859563,"6Ava7y4kwnw1NF4v8ZpmHPb36RuMH8TTJeZwWteamK1H":17.225668334608635,"C3wrLoZyxFBSZZEyWvf1QspzydbE1m3QtPdqkosWcqxQ":0}