{"A63nv8YHcj2AbwYtjZNEKE9A5ptsJt8opqW8ZKkzSpzT":37.687990141087234,"BSk5nTn9AWgfkSBTHp1PSCDuGS1ny3TRUv63kZVEShA7":0,"BQ1jq8mBXwPKAb3Kw4GjZ82bvphmYsQ5wXJB7NFLGi8T":0,"AXgwRJGua2UTUABsvUa4DrJxo46Eh4zCJZD5hGX8CiAY":2.530265671648202,"GV7f4PG9SbjmiHdzjAGuaKEjxNWf3iVcC2XWmWcwbMyj":3654.981439845057,"CDmjbLNTfHoiGEKeNi7KLChYNbaCyszGkPBDZpaztDC3":5.28006429245762,"FAQ9jLb8BTNJyMVad58wJ26Vq4FVsWkSXtmcK9KWkHAb":945.1851409420042,"FEJnLkggFL1g9aqT9ABytkjNvz9vBzsMN139XSu34J1u":66.01601233065672,"A7hQtjGcDNAHPamo2uWwFgHWSuRxLPFbU4zM7NwCcPHc":0.18966184099487027,"HZhLjj3coDxp7yJNvfedPWz6uUsx56VuGRonYU7vGPDz":0,"89KEoMijwKueBGnQRQPRTctFnnecKPubJ3TednYMdHcN":0,"ASy3wzu5j9HsLJtcLx3vn2uhYEZ7De5gMjScvpiYg3xT":4.8699708507924384e+47,"EhjoykTD4YrGpW7Ciri6VB1Va3xpEB5RKfmVg5hDpmYa":0,"ANwm5mTBHmc9bNAsDjJTwC1NyEhP6JGRMrbBQh7yr2ke":174358041012.81613,"8u9HiTKFWxFKtM3haudfVrjD31ZDWb8K24vpiDgPyJr7":4014168.0980728967,"GqkYMBw1sVZPzy8P9v9H8bukjsom3ycjKnvBwmNn2hyr":0,"3mSwwe52Cm1bnTW8UMKsU2bvtQUpkTnnhv4B2TtH4w51":7002.963446774788,"9AUFE9igVQaBn3p8tEZ7MYtFNzoERbwAPyJWC8aXHvub":47.167145973074454,"6rYCysPWUbHmnUYx81ViFx2gqTreTghxirbqXCNKdQm5":1089.4337598287173,"4uf2sXzTpAQDwwvm8vMj8369knyhWmbd5kVo8v79QAYF":2.6835308144681047,"6hcsxoHMMiKJNEhKPAeMPTh9Y45ucxNiX5eeX2SjadEg":2.0637712089784266,"45yiQ41hd6Q3CxkNGaEZJb6qHnMDYnsqTwbEu2iortiJ":0,"AUYtySCkLeZCW7WByZcVoe5Cwu5dXXXDu8fPw9JvweRQ":41.928052479150594,"FFmnbpEwoexJf4s4ph9YBEud1mbPsotSiwCFMcwqQG73":2.2518905863179395,"Abf5tqSGLUdvFqYXGJNhtuobALKEBE9keLwVa7hWswYs":180.97389630433676,"BeGhPWfHPm7SZfE5PkAxvAD8F47ZpFgP7vcQ6wjm2HK5":0,"2E4MHKJJDgd9ck9n1iBCCV1AWtijPch8QA6xSkpc74qm":978.1408951131314,"GzFqFH6ZBercta9MXy9Yd6Y5K5XD6oAYDUFVPa2yGcX2":460814.7728541672,"5qRGHYs2vZW7r8EuS9Ue31nG9oT56N1PiwFvvvdmnTP":0,"BTmk8r1FLmWGswHDk2FmKxN9LxCkXuvGrpv6qfLMw2jU":4.1017107293504385,"2hWb2hvyw9wabWvmBewq5U4741pDhBw6yHieMqU8XY5f":1.4981768009616259,"4RKEnBNoqajQCTDzY1foEMTJMN8e3SBRD1WgPUwnoJ1P":0,"2hD563di8oQHaYFGsMoUbPLnxaDhdnyrYGa71GagfJzQ":183.89277367833805,"9gDFKhUKMJw3A5VtNSQcmcbDXoArqSmPrsxvkQKbpkfa":5.097583172234256e+102,"8BPyRoitZfZavfqu631sTV8qVrcjxB97McrpraiLvJBh":0,"6BGbkm5HPbsPcJ6fjWm2c6VKSKwtUHbGiY5XcAMz3SwM":0,"Giv3XpwrAbmvHK1Y97sywgeeU75GdZybu5n1qQWyqBHF":1019.215784774876,"8Li8nmW6Ksdbhry8pwDyPuWgxPnCHvczTsbfzERLBquN":4393.970018954964,"BUYuhKiQJ1h5ienwnBRtmE2Uv1VkhNRDcNE7wNCBRXBx":3.122131197610911,"6BJMRCkLRuLAAh9DZbB8GeSdXNtTFyf8d3pJt17SRqAQ":0.8517837426571306,"BFqwB5ykazbBgDgKBdUQXbF3jTojmvKF1ojkdy8iRRya":5.267176502068671,"8Lx16Z9a9miZCFMRoUzDbYjpd5t7Mzgt3DT1xWCt1XeN":2.022209211297543,"2J8K2e6agprbRiDsJS3RS6PPcUKBoFjFSavV5wRQWsXD":35915.15560332208,"9CtCnqqZBvia995tGpAk8LXL5WeMoBSty4n5BLrBHZtp":44.957510264509224,"3JTxASz9EFtLZ4KuYpnHwVJws4BqDeaLv1Xvrt4jbE4T":6472.553283490793,"BNk21idaqbkyFDnhF4KZQJfwPkF62PjZRyMUwaGbMBGt":161.91546545480944,"u3eDdAk73RZrnzFpNv57YvYg4wekAiPrjuZ2PVGT7GP":49.508524318767,"7Dz2hTbQ3spKQMwqHwAygyAjrFJb5Lsz6k3U7UYj4Dgf":0.8905410664463709,"6L4gsPyLPzLabBvRKz6EVJEGUuzM19d6jssk1TpjU81U":412.3678936839037,"8VFhkSU5otMeR3XhTgbU7Npm2QYvkKyomzRFGUshPTKF":146.11817005400795,"8yfsbHsW9rQs7z4bAcFvYbF3mENcaTLy3Zc8mTKn4wHr":1.8829991173835436,"6o5i9bhjxiWvnJiEzJDrcoqKXFFeRfoPxMa2WB6juoT6":0.1525318381045082,"8YaMJBo37Uh9mE5bFbwsdSRvGdarMiEounYsgdw4nApS":355.44529697602434,"67fFBbVNmQ3WAVQCX9JgJHjoeXsPMSj1LVAPrJv6Wr9Y":5754.628183242002,"GznBFqJXdWXYBCtXuC2PQv27tHdA44o9v7Nn8CentRx7":28.27437108777864,"ACXciJLRbU2bNAZHusEvQ6fmdx4zi6raTtwpStcwgPk4":553420406824.2756,"GyBgcGcUrfrQSwFARSXcSTttU1Q4ryq6G5SuG5jo4iQ5":1001,"6goNaEv9WXtKNqKADHBLit6YSwHTu6SoRPfhqcktjg3x":0.8177356804698999,"r5DnUeJuZS58jJyznxSmkXZZK1i2ubdhYvmFJ5nnZa1":1659.5959251225786,"51MRiTs3VpwfrPkbrv8tg6dCtNbxbRkrvps1ty3gxQUA":0,"6Ava7y4kwnw1NF4v8ZpmHPb36RuMH8TTJeZwWteamK1H":6610351256379.992,"C1n8x3kT9keCckaJ8XYR3wERHiSJs7wF21Cs87W5qvYZ":1.2136497763408761e+110,"C3wrLoZyxFBSZZEyWvf1QspzydbE1m3QtPdqkosWcqxQ":0,"4TSc78uBwxcXoJcU2v42Avnr6ajRAPTkR2Jabs3d5q6p":72.3581219199029,"4EMu7bf5aSG3Mw3P28L2ZbHPc1g6g2rstZoipxiKCCms":403.77643483938186,"7grZGsGJF9uzaov5XWpX3MRhdrwpibu2hDEg6dRELvZA":0,"HcFjsJxMW3SGQJjT8L2Qj9ZB3GEhoazCQ4GBETWgjri":3.11910520456957e+182,"6zAa5rjojoSf7GtE3c1zoHJWuVE2osvJ3Jnx5jtjAL4J":72.12577387087207,"F5kwcjandNtRFjZhUruUjwi3aT1ibc1d7PHw5x4NdX7W":143.2519607482715,"2HAq6twVGAE3G78M5gt5nNTaHvZMu6wTXZu8aiTibxM8":112.71462793203825,"F6fvGMXQhF5bd9jLGMSALxZ1atrYQRUQe7tA2qEss7v6":19.53379302764542,"BSsWGm1vMeKC5Hyuqch9EDUTLDoeq24bM73Lzjrekaa1":137.38861477410236,"6bDoix6DQ3vMJgPVMasEEaEppPGnAzGtg4gJKihwDDKf":1001,"aU8biCQ1QGwNUTUiqcmqtWraTyAHS4DrgWkPsv6Hn5P":0,"FLFgs9VSvCE3PNrYA444tqnHMEuYcv4Fm4h4YSiPhNv":9.666149196402095,"XoPMhuqTbYD5Y2jeY9TzCUxbkDW4BiEVyLUKLwY2p75":29702474.73821668,"GufoVXKw7WNsBPV8dFWzkttyfnyBiKHVFpFQWMUuehZP":646209.9949500241}