{"4uf2sXzTpAQDwwvm8vMj8369knyhWmbd5kVo8v79QAYF":3.63285439133727,"FLFgs9VSvCE3PNrYA444tqnHMEuYcv4Fm4h4YSiPhNv":45.70714976070265,"ANwm5mTBHmc9bNAsDjJTwC1NyEhP6JGRMrbBQh7yr2ke":5886.042289872434,"BSsWGm1vMeKC5Hyuqch9EDUTLDoeq24bM73Lzjrekaa1":137.38447032320695,"8yfsbHsW9rQs7z4bAcFvYbF3mENcaTLy3Zc8mTKn4wHr":1.8829991173835436,"A7hQtjGcDNAHPamo2uWwFgHWSuRxLPFbU4zM7NwCcPHc":2.2201001316062063,"u3eDdAk73RZrnzFpNv57YvYg4wekAiPrjuZ2PVGT7GP":18.64368180648439,"GyBgcGcUrfrQSwFARSXcSTttU1Q4ryq6G5SuG5jo4iQ5":1001,"2hD563di8oQHaYFGsMoUbPLnxaDhdnyrYGa71GagfJzQ":10785.49934417577,"GV7f4PG9SbjmiHdzjAGuaKEjxNWf3iVcC2XWmWcwbMyj":3654.981439845057,"3JTxASz9EFtLZ4KuYpnHwVJws4BqDeaLv1Xvrt4jbE4T":663.044107232683,"GznBFqJXdWXYBCtXuC2PQv27tHdA44o9v7Nn8CentRx7":5.964329755368714,"7grZGsGJF9uzaov5XWpX3MRhdrwpibu2hDEg6dRELvZA":0,"2J8K2e6agprbRiDsJS3RS6PPcUKBoFjFSavV5wRQWsXD":9943.337441084659,"8VFhkSU5otMeR3XhTgbU7Npm2QYvkKyomzRFGUshPTKF":85.92091697330117,"A63nv8YHcj2AbwYtjZNEKE9A5ptsJt8opqW8ZKkzSpzT":76.89727708817983,"8YaMJBo37Uh9mE5bFbwsdSRvGdarMiEounYsgdw4nApS":5.537932735167694,"HZhLjj3coDxp7yJNvfedPWz6uUsx56VuGRonYU7vGPDz":0,"ACXciJLRbU2bNAZHusEvQ6fmdx4zi6raTtwpStcwgPk4":4703993574953.716,"6bDoix6DQ3vMJgPVMasEEaEppPGnAzGtg4gJKihwDDKf":1001,"67fFBbVNmQ3WAVQCX9JgJHjoeXsPMSj1LVAPrJv6Wr9Y":3.0238002349759573e+23,"BeGhPWfHPm7SZfE5PkAxvAD8F47ZpFgP7vcQ6wjm2HK5":0,"BTmk8r1FLmWGswHDk2FmKxN9LxCkXuvGrpv6qfLMw2jU":2.973109798816931,"BUYuhKiQJ1h5ienwnBRtmE2Uv1VkhNRDcNE7wNCBRXBx":20.64298440686305,"2HAq6twVGAE3G78M5gt5nNTaHvZMu6wTXZu8aiTibxM8":514.146022669892,"BFqwB5ykazbBgDgKBdUQXbF3jTojmvKF1ojkdy8iRRya":3.7728268340217808,"FAQ9jLb8BTNJyMVad58wJ26Vq4FVsWkSXtmcK9KWkHAb":116.75644312615003,"r5DnUeJuZS58jJyznxSmkXZZK1i2ubdhYvmFJ5nnZa1":565.4804025255326,"9gDFKhUKMJw3A5VtNSQcmcbDXoArqSmPrsxvkQKbpkfa":3.7254294937149712,"aU8biCQ1QGwNUTUiqcmqtWraTyAHS4DrgWkPsv6Hn5P":0,"8Li8nmW6Ksdbhry8pwDyPuWgxPnCHvczTsbfzERLBquN":1357.7995047590732,"F5kwcjandNtRFjZhUruUjwi3aT1ibc1d7PHw5x4NdX7W":9.173365373476328,"FFmnbpEwoexJf4s4ph9YBEud1mbPsotSiwCFMcwqQG73":0.6259260070818451,"BSk5nTn9AWgfkSBTHp1PSCDuGS1ny3TRUv63kZVEShA7":0,"8BPyRoitZfZavfqu631sTV8qVrcjxB97McrpraiLvJBh":0,"3mSwwe52Cm1bnTW8UMKsU2bvtQUpkTnnhv4B2TtH4w51":16122.901171802712,"9CtCnqqZBvia995tGpAk8LXL5WeMoBSty4n5BLrBHZtp":100.60971608004436,"GufoVXKw7WNsBPV8dFWzkttyfnyBiKHVFpFQWMUuehZP":8728105.672205178,"C1n8x3kT9keCckaJ8XYR3wERHiSJs7wF21Cs87W5qvYZ":250.4235215322438,"GqkYMBw1sVZPzy8P9v9H8bukjsom3ycjKnvBwmNn2hyr":0,"6o5i9bhjxiWvnJiEzJDrcoqKXFFeRfoPxMa2WB6juoT6":0.3221831537976616,"6L4gsPyLPzLabBvRKz6EVJEGUuzM19d6jssk1TpjU81U":2.3947938670399083e+23,"ASy3wzu5j9HsLJtcLx3vn2uhYEZ7De5gMjScvpiYg3xT":7110623414351866,"8Lx16Z9a9miZCFMRoUzDbYjpd5t7Mzgt3DT1xWCt1XeN":2.213413341606585,"F6fvGMXQhF5bd9jLGMSALxZ1atrYQRUQe7tA2qEss7v6":19.53379302764542,"BQ1jq8mBXwPKAb3Kw4GjZ82bvphmYsQ5wXJB7NFLGi8T":0,"Giv3XpwrAbmvHK1Y97sywgeeU75GdZybu5n1qQWyqBHF":48.9882253870459,"AXgwRJGua2UTUABsvUa4DrJxo46Eh4zCJZD5hGX8CiAY":11.109765006613447,"51MRiTs3VpwfrPkbrv8tg6dCtNbxbRkrvps1ty3gxQUA":0,"2E4MHKJJDgd9ck9n1iBCCV1AWtijPch8QA6xSkpc74qm":152.1444869574843,"CDmjbLNTfHoiGEKeNi7KLChYNbaCyszGkPBDZpaztDC3":5.381316103524791,"6zAa5rjojoSf7GtE3c1zoHJWuVE2osvJ3Jnx5jtjAL4J":8655.315326845799,"C3wrLoZyxFBSZZEyWvf1QspzydbE1m3QtPdqkosWcqxQ":2813573435323563.5,"FEJnLkggFL1g9aqT9ABytkjNvz9vBzsMN139XSu34J1u":74.29705247779373,"6BJMRCkLRuLAAh9DZbB8GeSdXNtTFyf8d3pJt17SRqAQ":2.407144960670471,"45yiQ41hd6Q3CxkNGaEZJb6qHnMDYnsqTwbEu2iortiJ":0,"6Ava7y4kwnw1NF4v8ZpmHPb36RuMH8TTJeZwWteamK1H":337561.3863032602,"9AUFE9igVQaBn3p8tEZ7MYtFNzoERbwAPyJWC8aXHvub":149.76464530847576,"89KEoMijwKueBGnQRQPRTctFnnecKPubJ3TednYMdHcN":0,"HcFjsJxMW3SGQJjT8L2Qj9ZB3GEhoazCQ4GBETWgjri":2036.8868078001897,"BNk21idaqbkyFDnhF4KZQJfwPkF62PjZRyMUwaGbMBGt":142.58009362270084,"GzFqFH6ZBercta9MXy9Yd6Y5K5XD6oAYDUFVPa2yGcX2":3835.124738719273,"6hcsxoHMMiKJNEhKPAeMPTh9Y45ucxNiX5eeX2SjadEg":1.0123845031990042,"6rYCysPWUbHmnUYx81ViFx2gqTreTghxirbqXCNKdQm5":30535.377880731026,"4EMu7bf5aSG3Mw3P28L2ZbHPc1g6g2rstZoipxiKCCms":68726.52175399587,"6goNaEv9WXtKNqKADHBLit6YSwHTu6SoRPfhqcktjg3x":1.591963047325784,"XoPMhuqTbYD5Y2jeY9TzCUxbkDW4BiEVyLUKLwY2p75":11969.101482846003,"5qRGHYs2vZW7r8EuS9Ue31nG9oT56N1PiwFvvvdmnTP":0,"Abf5tqSGLUdvFqYXGJNhtuobALKEBE9keLwVa7hWswYs":298.2428361584116,"AUYtySCkLeZCW7WByZcVoe5Cwu5dXXXDu8fPw9JvweRQ":49.10274437850815,"7Dz2hTbQ3spKQMwqHwAygyAjrFJb5Lsz6k3U7UYj4Dgf":1.2489680621882382,"2hWb2hvyw9wabWvmBewq5U4741pDhBw6yHieMqU8XY5f":440.7902905118585}