{"8YaMJBo37Uh9mE5bFbwsdSRvGdarMiEounYsgdw4nApS":374.6996789228008,"AUYtySCkLeZCW7WByZcVoe5Cwu5dXXXDu8fPw9JvweRQ":9.391478637645957,"Abf5tqSGLUdvFqYXGJNhtuobALKEBE9keLwVa7hWswYs":7.70487283836041,"GV7f4PG9SbjmiHdzjAGuaKEjxNWf3iVcC2XWmWcwbMyj":0,"GzFqFH6ZBercta9MXy9Yd6Y5K5XD6oAYDUFVPa2yGcX2":27170.50765680828,"BNk21idaqbkyFDnhF4KZQJfwPkF62PjZRyMUwaGbMBGt":1001,"GufoVXKw7WNsBPV8dFWzkttyfnyBiKHVFpFQWMUuehZP":846.1974283107035,"3JTxASz9EFtLZ4KuYpnHwVJws4BqDeaLv1Xvrt4jbE4T":5897.1300946116135,"r5DnUeJuZS58jJyznxSmkXZZK1i2ubdhYvmFJ5nnZa1":79.24324454373158,"BFqwB5ykazbBgDgKBdUQXbF3jTojmvKF1ojkdy8iRRya":5.278316138116779,"ASy3wzu5j9HsLJtcLx3vn2uhYEZ7De5gMjScvpiYg3xT":4515538.543530638,"BSsWGm1vMeKC5Hyuqch9EDUTLDoeq24bM73Lzjrekaa1":0,"6L4gsPyLPzLabBvRKz6EVJEGUuzM19d6jssk1TpjU81U":11779.528004771812,"4EMu7bf5aSG3Mw3P28L2ZbHPc1g6g2rstZoipxiKCCms":1260.3813840216176,"6rYCysPWUbHmnUYx81ViFx2gqTreTghxirbqXCNKdQm5":73.53410598677085,"A7hQtjGcDNAHPamo2uWwFgHWSuRxLPFbU4zM7NwCcPHc":2.2200947026803863,"GqkYMBw1sVZPzy8P9v9H8bukjsom3ycjKnvBwmNn2hyr":0,"2J8K2e6agprbRiDsJS3RS6PPcUKBoFjFSavV5wRQWsXD":713434076.0093948,"A63nv8YHcj2AbwYtjZNEKE9A5ptsJt8opqW8ZKkzSpzT":36.66865632626581,"8Li8nmW6Ksdbhry8pwDyPuWgxPnCHvczTsbfzERLBquN":67.70273673259572,"AXgwRJGua2UTUABsvUa4DrJxo46Eh4zCJZD5hGX8CiAY":2.599881579498864,"BeGhPWfHPm7SZfE5PkAxvAD8F47ZpFgP7vcQ6wjm2HK5":0,"FFmnbpEwoexJf4s4ph9YBEud1mbPsotSiwCFMcwqQG73":0.6462428425288325,"9gDFKhUKMJw3A5VtNSQcmcbDXoArqSmPrsxvkQKbpkfa":0,"6goNaEv9WXtKNqKADHBLit6YSwHTu6SoRPfhqcktjg3x":0.33479512812650825,"BSk5nTn9AWgfkSBTHp1PSCDuGS1ny3TRUv63kZVEShA7":0,"6hcsxoHMMiKJNEhKPAeMPTh9Y45ucxNiX5eeX2SjadEg":0.020289364259218345,"C1n8x3kT9keCckaJ8XYR3wERHiSJs7wF21Cs87W5qvYZ":399.5690477153381,"ANwm5mTBHmc9bNAsDjJTwC1NyEhP6JGRMrbBQh7yr2ke":106.94030008627342,"C3wrLoZyxFBSZZEyWvf1QspzydbE1m3QtPdqkosWcqxQ":3.624075801304658e+41,"45yiQ41hd6Q3CxkNGaEZJb6qHnMDYnsqTwbEu2iortiJ":0,"u3eDdAk73RZrnzFpNv57YvYg4wekAiPrjuZ2PVGT7GP":26.464479207538936,"GyBgcGcUrfrQSwFARSXcSTttU1Q4ryq6G5SuG5jo4iQ5":6.041538219839548,"HcFjsJxMW3SGQJjT8L2Qj9ZB3GEhoazCQ4GBETWgjri":0,"XoPMhuqTbYD5Y2jeY9TzCUxbkDW4BiEVyLUKLwY2p75":1315.5979318936218,"6Ava7y4kwnw1NF4v8ZpmHPb36RuMH8TTJeZwWteamK1H":2311.7367014568026,"F5kwcjandNtRFjZhUruUjwi3aT1ibc1d7PHw5x4NdX7W":89.76912001012832,"ACXciJLRbU2bNAZHusEvQ6fmdx4zi6raTtwpStcwgPk4":211.32844251049926,"BTmk8r1FLmWGswHDk2FmKxN9LxCkXuvGrpv6qfLMw2jU":2.739337837159983,"2E4MHKJJDgd9ck9n1iBCCV1AWtijPch8QA6xSkpc74qm":101.76112994291677,"Giv3XpwrAbmvHK1Y97sywgeeU75GdZybu5n1qQWyqBHF":39.0901297413925,"GznBFqJXdWXYBCtXuC2PQv27tHdA44o9v7Nn8CentRx7":194.09595909399619,"3mSwwe52Cm1bnTW8UMKsU2bvtQUpkTnnhv4B2TtH4w51":72.66691745644907,"BUYuhKiQJ1h5ienwnBRtmE2Uv1VkhNRDcNE7wNCBRXBx":2.2940056993326463,"9AUFE9igVQaBn3p8tEZ7MYtFNzoERbwAPyJWC8aXHvub":0,"4uf2sXzTpAQDwwvm8vMj8369knyhWmbd5kVo8v79QAYF":3.6605922125960477,"2hWb2hvyw9wabWvmBewq5U4741pDhBw6yHieMqU8XY5f":0,"6BJMRCkLRuLAAh9DZbB8GeSdXNtTFyf8d3pJt17SRqAQ":0.18539851213341674,"67fFBbVNmQ3WAVQCX9JgJHjoeXsPMSj1LVAPrJv6Wr9Y":2190.6131371338156,"51MRiTs3VpwfrPkbrv8tg6dCtNbxbRkrvps1ty3gxQUA":0,"7grZGsGJF9uzaov5XWpX3MRhdrwpibu2hDEg6dRELvZA":0,"6zAa5rjojoSf7GtE3c1zoHJWuVE2osvJ3Jnx5jtjAL4J":0,"8VFhkSU5otMeR3XhTgbU7Npm2QYvkKyomzRFGUshPTKF":22.84993866475333,"8Lx16Z9a9miZCFMRoUzDbYjpd5t7Mzgt3DT1xWCt1XeN":2.213413341606585,"2hD563di8oQHaYFGsMoUbPLnxaDhdnyrYGa71GagfJzQ":78.3109407883243,"FLFgs9VSvCE3PNrYA444tqnHMEuYcv4Fm4h4YSiPhNv":2.5413327057310697,"9CtCnqqZBvia995tGpAk8LXL5WeMoBSty4n5BLrBHZtp":3.721486774054261}