{"AXgwRJGua2UTUABsvUa4DrJxo46Eh4zCJZD5hGX8CiAY":0.042119952384411796,"4uf2sXzTpAQDwwvm8vMj8369knyhWmbd5kVo8v79QAYF":0,"45yiQ41hd6Q3CxkNGaEZJb6qHnMDYnsqTwbEu2iortiJ":0,"3mSwwe52Cm1bnTW8UMKsU2bvtQUpkTnnhv4B2TtH4w51":19.537933495727167,"r5DnUeJuZS58jJyznxSmkXZZK1i2ubdhYvmFJ5nnZa1":0,"BSk5nTn9AWgfkSBTHp1PSCDuGS1ny3TRUv63kZVEShA7":0,"F5kwcjandNtRFjZhUruUjwi3aT1ibc1d7PHw5x4NdX7W":0,"BTmk8r1FLmWGswHDk2FmKxN9LxCkXuvGrpv6qfLMw2jU":0.009034129445906203,"FLFgs9VSvCE3PNrYA444tqnHMEuYcv4Fm4h4YSiPhNv":0,"2hD563di8oQHaYFGsMoUbPLnxaDhdnyrYGa71GagfJzQ":0,"3JTxASz9EFtLZ4KuYpnHwVJws4BqDeaLv1Xvrt4jbE4T":0,"6Ava7y4kwnw1NF4v8ZpmHPb36RuMH8TTJeZwWteamK1H":134.72541449867248,"67fFBbVNmQ3WAVQCX9JgJHjoeXsPMSj1LVAPrJv6Wr9Y":2.306273204855014,"GzFqFH6ZBercta9MXy9Yd6Y5K5XD6oAYDUFVPa2yGcX2":0.06665802273102539,"6rYCysPWUbHmnUYx81ViFx2gqTreTghxirbqXCNKdQm5":1.6251329475180265,"8YaMJBo37Uh9mE5bFbwsdSRvGdarMiEounYsgdw4nApS":0,"C3wrLoZyxFBSZZEyWvf1QspzydbE1m3QtPdqkosWcqxQ":7.51532634590788,"Giv3XpwrAbmvHK1Y97sywgeeU75GdZybu5n1qQWyqBHF":0,"BFqwB5ykazbBgDgKBdUQXbF3jTojmvKF1ojkdy8iRRya":5.40330390243613,"9CtCnqqZBvia995tGpAk8LXL5WeMoBSty4n5BLrBHZtp":0.35317919245398954,"FFmnbpEwoexJf4s4ph9YBEud1mbPsotSiwCFMcwqQG73":0.4403952615115614,"XoPMhuqTbYD5Y2jeY9TzCUxbkDW4BiEVyLUKLwY2p75":0,"u3eDdAk73RZrnzFpNv57YvYg4wekAiPrjuZ2PVGT7GP":3.258127366782837,"GufoVXKw7WNsBPV8dFWzkttyfnyBiKHVFpFQWMUuehZP":0}