{"BFqwB5ykazbBgDgKBdUQXbF3jTojmvKF1ojkdy8iRRya":3.772993936507163,"Abf5tqSGLUdvFqYXGJNhtuobALKEBE9keLwVa7hWswYs":298.2428361584116,"FLFgs9VSvCE3PNrYA444tqnHMEuYcv4Fm4h4YSiPhNv":74.84707366824439,"BQ1jq8mBXwPKAb3Kw4GjZ82bvphmYsQ5wXJB7NFLGi8T":0,"89KEoMijwKueBGnQRQPRTctFnnecKPubJ3TednYMdHcN":0,"u3eDdAk73RZrnzFpNv57YvYg4wekAiPrjuZ2PVGT7GP":18.34852394890585,"ANwm5mTBHmc9bNAsDjJTwC1NyEhP6JGRMrbBQh7yr2ke":5886.042289872434,"7grZGsGJF9uzaov5XWpX3MRhdrwpibu2hDEg6dRELvZA":0,"XoPMhuqTbYD5Y2jeY9TzCUxbkDW4BiEVyLUKLwY2p75":56527.7134564363,"51MRiTs3VpwfrPkbrv8tg6dCtNbxbRkrvps1ty3gxQUA":0,"6bDoix6DQ3vMJgPVMasEEaEppPGnAzGtg4gJKihwDDKf":1001,"AXgwRJGua2UTUABsvUa4DrJxo46Eh4zCJZD5hGX8CiAY":11.065299764183422,"3JTxASz9EFtLZ4KuYpnHwVJws4BqDeaLv1Xvrt4jbE4T":663.0450922333769,"FFmnbpEwoexJf4s4ph9YBEud1mbPsotSiwCFMcwqQG73":0.6056195505779405,"BSk5nTn9AWgfkSBTHp1PSCDuGS1ny3TRUv63kZVEShA7":0,"GqkYMBw1sVZPzy8P9v9H8bukjsom3ycjKnvBwmNn2hyr":0,"8Lx16Z9a9miZCFMRoUzDbYjpd5t7Mzgt3DT1xWCt1XeN":2.213413341606585,"2J8K2e6agprbRiDsJS3RS6PPcUKBoFjFSavV5wRQWsXD":76916.20823883793,"9AUFE9igVQaBn3p8tEZ7MYtFNzoERbwAPyJWC8aXHvub":149.76464530847576,"GznBFqJXdWXYBCtXuC2PQv27tHdA44o9v7Nn8CentRx7":0.8780108154919475,"8YaMJBo37Uh9mE5bFbwsdSRvGdarMiEounYsgdw4nApS":5.341275988442451,"BeGhPWfHPm7SZfE5PkAxvAD8F47ZpFgP7vcQ6wjm2HK5":0,"BSsWGm1vMeKC5Hyuqch9EDUTLDoeq24bM73Lzjrekaa1":137.38447032320695,"F5kwcjandNtRFjZhUruUjwi3aT1ibc1d7PHw5x4NdX7W":9.0677703910665,"GufoVXKw7WNsBPV8dFWzkttyfnyBiKHVFpFQWMUuehZP":8402276.34319098,"AUYtySCkLeZCW7WByZcVoe5Cwu5dXXXDu8fPw9JvweRQ":44.304351235955686,"6BJMRCkLRuLAAh9DZbB8GeSdXNtTFyf8d3pJt17SRqAQ":2.4085036941142945,"ASy3wzu5j9HsLJtcLx3vn2uhYEZ7De5gMjScvpiYg3xT":1272923355270377.2,"F6fvGMXQhF5bd9jLGMSALxZ1atrYQRUQe7tA2qEss7v6":0,"FEJnLkggFL1g9aqT9ABytkjNvz9vBzsMN139XSu34J1u":56.774801089249664,"6zAa5rjojoSf7GtE3c1zoHJWuVE2osvJ3Jnx5jtjAL4J":8655.315326845799,"8yfsbHsW9rQs7z4bAcFvYbF3mENcaTLy3Zc8mTKn4wHr":1.8829991173835436,"7Dz2hTbQ3spKQMwqHwAygyAjrFJb5Lsz6k3U7UYj4Dgf":1.2476815986938616,"GzFqFH6ZBercta9MXy9Yd6Y5K5XD6oAYDUFVPa2yGcX2":43977941.7386508,"6L4gsPyLPzLabBvRKz6EVJEGUuzM19d6jssk1TpjU81U":2.3947938670399083e+23,"4EMu7bf5aSG3Mw3P28L2ZbHPc1g6g2rstZoipxiKCCms":70352.15819609769,"5qRGHYs2vZW7r8EuS9Ue31nG9oT56N1PiwFvvvdmnTP":0,"HZhLjj3coDxp7yJNvfedPWz6uUsx56VuGRonYU7vGPDz":0,"67fFBbVNmQ3WAVQCX9JgJHjoeXsPMSj1LVAPrJv6Wr9Y":5920123.755602531,"2hWb2hvyw9wabWvmBewq5U4741pDhBw6yHieMqU8XY5f":440.7902905118585,"2E4MHKJJDgd9ck9n1iBCCV1AWtijPch8QA6xSkpc74qm":152.1444869574843,"6rYCysPWUbHmnUYx81ViFx2gqTreTghxirbqXCNKdQm5":7199.559245251939,"HcFjsJxMW3SGQJjT8L2Qj9ZB3GEhoazCQ4GBETWgjri":402.2908583010369,"Giv3XpwrAbmvHK1Y97sywgeeU75GdZybu5n1qQWyqBHF":48.57886506612432,"6goNaEv9WXtKNqKADHBLit6YSwHTu6SoRPfhqcktjg3x":1.54693063674185,"aU8biCQ1QGwNUTUiqcmqtWraTyAHS4DrgWkPsv6Hn5P":0,"4uf2sXzTpAQDwwvm8vMj8369knyhWmbd5kVo8v79QAYF":3.63285439133727,"45yiQ41hd6Q3CxkNGaEZJb6qHnMDYnsqTwbEu2iortiJ":0,"BUYuhKiQJ1h5ienwnBRtmE2Uv1VkhNRDcNE7wNCBRXBx":19.9667382873169,"A7hQtjGcDNAHPamo2uWwFgHWSuRxLPFbU4zM7NwCcPHc":2.2200947026803863,"C1n8x3kT9keCckaJ8XYR3wERHiSJs7wF21Cs87W5qvYZ":250.4235215322438,"ACXciJLRbU2bNAZHusEvQ6fmdx4zi6raTtwpStcwgPk4":4703993574953.716,"6o5i9bhjxiWvnJiEzJDrcoqKXFFeRfoPxMa2WB6juoT6":0.3229181775773471,"2HAq6twVGAE3G78M5gt5nNTaHvZMu6wTXZu8aiTibxM8":514.146022669892,"6hcsxoHMMiKJNEhKPAeMPTh9Y45ucxNiX5eeX2SjadEg":0.030545670173398598,"8BPyRoitZfZavfqu631sTV8qVrcjxB97McrpraiLvJBh":0,"GV7f4PG9SbjmiHdzjAGuaKEjxNWf3iVcC2XWmWcwbMyj":3654.981439845057,"GyBgcGcUrfrQSwFARSXcSTttU1Q4ryq6G5SuG5jo4iQ5":1001,"r5DnUeJuZS58jJyznxSmkXZZK1i2ubdhYvmFJ5nnZa1":1107.8784261001379,"2hD563di8oQHaYFGsMoUbPLnxaDhdnyrYGa71GagfJzQ":7872.420392325338,"3mSwwe52Cm1bnTW8UMKsU2bvtQUpkTnnhv4B2TtH4w51":3608.459990527846,"9CtCnqqZBvia995tGpAk8LXL5WeMoBSty4n5BLrBHZtp":42.26056823451587,"A63nv8YHcj2AbwYtjZNEKE9A5ptsJt8opqW8ZKkzSpzT":76.89727708817983,"CDmjbLNTfHoiGEKeNi7KLChYNbaCyszGkPBDZpaztDC3":5.381316103524791,"BTmk8r1FLmWGswHDk2FmKxN9LxCkXuvGrpv6qfLMw2jU":2.8985674438698483,"9gDFKhUKMJw3A5VtNSQcmcbDXoArqSmPrsxvkQKbpkfa":341.37189754756827,"6Ava7y4kwnw1NF4v8ZpmHPb36RuMH8TTJeZwWteamK1H":1895322.914547722,"FAQ9jLb8BTNJyMVad58wJ26Vq4FVsWkSXtmcK9KWkHAb":116.75644312615003,"C3wrLoZyxFBSZZEyWvf1QspzydbE1m3QtPdqkosWcqxQ":1.1274431708572025e+31,"8Li8nmW6Ksdbhry8pwDyPuWgxPnCHvczTsbfzERLBquN":1357.7995047590732,"BNk21idaqbkyFDnhF4KZQJfwPkF62PjZRyMUwaGbMBGt":83.24844573899873,"8VFhkSU5otMeR3XhTgbU7Npm2QYvkKyomzRFGUshPTKF":85.92091697330117}