{"AXgwRJGua2UTUABsvUa4DrJxo46Eh4zCJZD5hGX8CiAY":0.8117245383228999,"4uf2sXzTpAQDwwvm8vMj8369knyhWmbd5kVo8v79QAYF":0,"45yiQ41hd6Q3CxkNGaEZJb6qHnMDYnsqTwbEu2iortiJ":0,"3mSwwe52Cm1bnTW8UMKsU2bvtQUpkTnnhv4B2TtH4w51":11.435648001588117,"r5DnUeJuZS58jJyznxSmkXZZK1i2ubdhYvmFJ5nnZa1":0,"BSk5nTn9AWgfkSBTHp1PSCDuGS1ny3TRUv63kZVEShA7":0,"F5kwcjandNtRFjZhUruUjwi3aT1ibc1d7PHw5x4NdX7W":0,"BTmk8r1FLmWGswHDk2FmKxN9LxCkXuvGrpv6qfLMw2jU":0.009034125012274963,"FLFgs9VSvCE3PNrYA444tqnHMEuYcv4Fm4h4YSiPhNv":0,"2hD563di8oQHaYFGsMoUbPLnxaDhdnyrYGa71GagfJzQ":0,"3JTxASz9EFtLZ4KuYpnHwVJws4BqDeaLv1Xvrt4jbE4T":0,"6Ava7y4kwnw1NF4v8ZpmHPb36RuMH8TTJeZwWteamK1H":212.36865508455486,"67fFBbVNmQ3WAVQCX9JgJHjoeXsPMSj1LVAPrJv6Wr9Y":5.994400411925671,"GzFqFH6ZBercta9MXy9Yd6Y5K5XD6oAYDUFVPa2yGcX2":0.07583857208577349,"6rYCysPWUbHmnUYx81ViFx2gqTreTghxirbqXCNKdQm5":1.3266537903444675,"8YaMJBo37Uh9mE5bFbwsdSRvGdarMiEounYsgdw4nApS":0,"C3wrLoZyxFBSZZEyWvf1QspzydbE1m3QtPdqkosWcqxQ":6.891913375631975,"Giv3XpwrAbmvHK1Y97sywgeeU75GdZybu5n1qQWyqBHF":0,"BFqwB5ykazbBgDgKBdUQXbF3jTojmvKF1ojkdy8iRRya":5.40330390243613,"9CtCnqqZBvia995tGpAk8LXL5WeMoBSty4n5BLrBHZtp":1.2125902710371284,"FFmnbpEwoexJf4s4ph9YBEud1mbPsotSiwCFMcwqQG73":0.4403952615115614,"XoPMhuqTbYD5Y2jeY9TzCUxbkDW4BiEVyLUKLwY2p75":0,"u3eDdAk73RZrnzFpNv57YvYg4wekAiPrjuZ2PVGT7GP":2.4916472992274397,"GufoVXKw7WNsBPV8dFWzkttyfnyBiKHVFpFQWMUuehZP":0}