{"43Vb8tUUGNtXEdoAxjkUtT3g9RPnDDZFXgkB462upLsY":0,"Eenc7whEWoRHsPnjGrHRP61ZNWqgnWXfSU1vXbN3qzxK":0.21003110858139884,"zvutv1mAKyB3gmbwRqRkCvwbKJvHWe56auxKyq4XHpT":1001,"5zwqkorhx7oyija12n1waaRY6Y1HqJUjkXVjqWyAvTpU":61.95050546013836,"4UzNwpTSqx28uRSsBdG8kXpo7reTLjLZLwmXyhZy64Xy":14.132605614751824,"2zG4LxFfusG3DdUAsnTN8Dwve7CcK4NhhccvPUsMyypH":0}