{"5zwqkorhx7oyija12n1waaRY6Y1HqJUjkXVjqWyAvTpU":0,"Eenc7whEWoRHsPnjGrHRP61ZNWqgnWXfSU1vXbN3qzxK":0.19259965318536576,"4UzNwpTSqx28uRSsBdG8kXpo7reTLjLZLwmXyhZy64Xy":76.51533320109655,"43Vb8tUUGNtXEdoAxjkUtT3g9RPnDDZFXgkB462upLsY":0,"2zG4LxFfusG3DdUAsnTN8Dwve7CcK4NhhccvPUsMyypH":0,"zvutv1mAKyB3gmbwRqRkCvwbKJvHWe56auxKyq4XHpT":2.521574369199464}