{"43Vb8tUUGNtXEdoAxjkUtT3g9RPnDDZFXgkB462upLsY":0,"Eenc7whEWoRHsPnjGrHRP61ZNWqgnWXfSU1vXbN3qzxK":0.0006416292486211006,"zvutv1mAKyB3gmbwRqRkCvwbKJvHWe56auxKyq4XHpT":1001,"5zwqkorhx7oyija12n1waaRY6Y1HqJUjkXVjqWyAvTpU":72.64564959962986,"4UzNwpTSqx28uRSsBdG8kXpo7reTLjLZLwmXyhZy64Xy":70.3106344318201,"2zG4LxFfusG3DdUAsnTN8Dwve7CcK4NhhccvPUsMyypH":0}