{"4UzNwpTSqx28uRSsBdG8kXpo7reTLjLZLwmXyhZy64Xy":76.5183353954514,"5zwqkorhx7oyija12n1waaRY6Y1HqJUjkXVjqWyAvTpU":0,"43Vb8tUUGNtXEdoAxjkUtT3g9RPnDDZFXgkB462upLsY":0,"Eenc7whEWoRHsPnjGrHRP61ZNWqgnWXfSU1vXbN3qzxK":0.19259965318536576,"zvutv1mAKyB3gmbwRqRkCvwbKJvHWe56auxKyq4XHpT":2.5238680337877906,"2zG4LxFfusG3DdUAsnTN8Dwve7CcK4NhhccvPUsMyypH":0}