{"43Vb8tUUGNtXEdoAxjkUtT3g9RPnDDZFXgkB462upLsY":0,"Eenc7whEWoRHsPnjGrHRP61ZNWqgnWXfSU1vXbN3qzxK":0.49639659552165316,"zvutv1mAKyB3gmbwRqRkCvwbKJvHWe56auxKyq4XHpT":1001,"5zwqkorhx7oyija12n1waaRY6Y1HqJUjkXVjqWyAvTpU":72.64564959962986,"4UzNwpTSqx28uRSsBdG8kXpo7reTLjLZLwmXyhZy64Xy":381.2679676222748,"2zG4LxFfusG3DdUAsnTN8Dwve7CcK4NhhccvPUsMyypH":0}