{"43Vb8tUUGNtXEdoAxjkUtT3g9RPnDDZFXgkB462upLsY":0,"Eenc7whEWoRHsPnjGrHRP61ZNWqgnWXfSU1vXbN3qzxK":0.07348788867629352,"zvutv1mAKyB3gmbwRqRkCvwbKJvHWe56auxKyq4XHpT":1001,"5zwqkorhx7oyija12n1waaRY6Y1HqJUjkXVjqWyAvTpU":72.64564959962986,"4UzNwpTSqx28uRSsBdG8kXpo7reTLjLZLwmXyhZy64Xy":15.909536461292117,"2zG4LxFfusG3DdUAsnTN8Dwve7CcK4NhhccvPUsMyypH":0}