{"BfFo9CF672a7KpXPrMC1yYw8f2Whu44eQa16A1Lkrm5V":1.4917100311360398,"4q4Cz8J7vitaKEeQHDaXmraqoREUWAmJoTVgtyYFAsiC":0.1939857892091057,"GTv2JneYJRTXr8oW6JGycRvyCiFKjCHViJwu7yD42SrR":0,"H4QcXPqL88TUhgD2U5CgJRQEn1qMcBbxRkdczTPxP71f":18.02652457241698,"vjYLL5XGYjgQBmUed2xZJgDP15RaDVSLwrh5oDAzzVa":0,"6eyLcJAjPW5ejnPbDJfG24BgiJrnTbhg5GVd1hvfP719":1001,"FBw1txGGVyKn4mFmgtmvx3G1R7ukoKtQRM4uaKfDTrB7":0,"Fkh82bCnJDAvb4r13QCGFp4CizebcQj9nFzNqFtPUUPF":5.827800053403287,"GVRHXAUhvBP5SusRTLt3oVGn6h2UN5T8hV2LMjjiXpD2":0,"HjujFgVe4Yr7z8ge7JhokoQvuuu7e668k5d95zFsaG1S":2.814907940708622,"GV6QNt9jjDhhWuRFKjW8ngfs73s8Jp6gmQf8bN35QePD":0,"MeNuoaBnRmpr1rDQoNnSyVgmEQwdpWgTnCrtpqeiDqm":0,"CsCeK4DejG1UvhVY1xeZ2kvnJCmfEsv53dyZwcjCD83Z":2.7123282600439724,"6hazit4tPXaDn4LRRBnaTuScymikenW33xNQKQ5oyidp":1001,"CgRCNR26rs7MLpZuCw5wpErw53Yk7kMqrq7XS3G263tp":0,"9kJHH3r1vdPmGuBVYF5p1cpMKs4BHGaMd7eU1D2qPb9v":0,"3ucvWHX27sWrVP7V88U9V6Namx5ixtgTDerTSqsKcj6C":1001,"4gzRFbuavfPFr33pygLJ2czYUcPWikU61oFHfoBqd9Jx":1001}