{"43Vb8tUUGNtXEdoAxjkUtT3g9RPnDDZFXgkB462upLsY":0,"Eenc7whEWoRHsPnjGrHRP61ZNWqgnWXfSU1vXbN3qzxK":0.7634762015240382,"zvutv1mAKyB3gmbwRqRkCvwbKJvHWe56auxKyq4XHpT":1001,"5zwqkorhx7oyija12n1waaRY6Y1HqJUjkXVjqWyAvTpU":72.64564959962986,"4UzNwpTSqx28uRSsBdG8kXpo7reTLjLZLwmXyhZy64Xy":2930.6669642700126,"2zG4LxFfusG3DdUAsnTN8Dwve7CcK4NhhccvPUsMyypH":0}