{"HRgVv1pyBLXdsAddq4ubSqo8xdQWRrYbvmXqEDtectce":115.24124043648145,"E2B7KUFwjxrsy9cC17hmadPsxWHD1NufZXTyrtuz8YxC":964.1692354818556}