{"Cse1jBeKgbNFQv9mC2k2UfWjapJvviPas8bPrP9DU5xH":0,"DZPPUmV581gsZAASgtLeSj7Huwp5Ns7seFrXutECVDyH":0,"5nVk1wDt6TnLXiPvTDmfKzLoRbBJKuHm4pSneTPPWWS2":0.999275712765435,"BvYKZxP6zs3BbnfQsXakUddSTFQQAM2TH2XuXTB8hV1Y":3.3721181186497695,"1Zxv7bYYzMuK8eey85ZSowa24S8B7QNfDx3GQpKQ4Bf":2.1372896962804866,"CztknySH6mkmrNpS7FTqFk4NMLHN9RqaH2gcUjJC8arE":0,"J1eoeewFBJBWf84hVsMAfAV3KjRRiUxnXsQpotqGbqwx":0,"9za9ZuBJMMEKDYRWLGiY4Lm3SxujTGu9pXiQD22suJJr":0,"8t2JnutJohj2qStzjVgrPhZvSm9BZsmvc96rt4DZEVbw":0,"9za12Ea7dH51N4kdhSpaKJxekSPWXgKHavdiFG8DEVXc":0.1962271852296027,"BF9eGbo76TFm63dN8TZZrxTXeePn2suHQx3CEnfQ7wyK":0.8293494493421427,"62ewH2iBsfXUd3S8t2qFpyTLN62p5Yu92KFNmYWxFvo5":2.9692182544806434,"GpYZHgU1YcSoHzZjxLcgbjqnGdze4SYNg341dgkEc7is":0,"Bc2YfbupoYprdGC84WrtFyoHnqTWSxonz39PnMARCAPq":0,"BEC3EDctLjyC6ojYEhNWRZas8wWX5AzxbvkWaqtYAs2e":0,"4sRkL9SyvtYFYuubFQXRFw8xqKJ4AMBNu4cikMry62NS":0,"BDe3kVghqcrcFXfyZEDx8HAm4exnNd1M3oupajmqVM8d":0,"EABQMLNbCSaLjgEEf3NvnmTMeX7Y3adrQRuegF7AW1gD":0,"24sWiWG6mZEqWESTvtkH76PTq2zhqr9bCwbNxxpaSUtM":0,"7yYYoaZWgB5bPKLxKy2xhfTha42Aw4V9xK4UEXzFzJHk":0,"86w9uTyB26GgNzYnv9oNWpKsH2GDGxEkodHtLLZpc8nk":0,"J579YKaTBsU7ocCySQA55g2SaRGs8Xq8mskdGJNoHF9U":0,"3qy9PP9saVVEUnQZiHVi9iDK9hUhfQdUQKBCyenRskaW":0,"3pAEknTRe6Wb6zXbD3HfVoLjsfKsR21jKF8yuNjRU1nM":2.1975096165260803e+214,"8hyvvsqDgyzyDu3G9zs3myLFufn5gEDLg3sQFZYGy7Gf":0,"DA75rd2KfPyYJY286qgwtYMfwfjTY6T53sM5Hto9FWfi":1.036234445227402,"HuQvb8RY9EGAjJSkPe1ZdWTmt6rQe4YaQbwLjeJDBjzw":0,"BA2mkrfKNUgG2iVxspLzyNEq8PURFezdj8MfTHQRFw3M":0,"DX5CfjKS55MUWhUsZ8k4ENihWWJgd14Vn2N22XnAjDgD":0,"4w7sjkB927AYT754U4EXWAtZGdPotvgaq3aqssGDKLej":0,"76HEX72xxeGLC5iaG1ar4MFYn4frUsS2EMYuLpsMmmty":0,"2x7tw9XFn3Tu3mAE7U3FcfG7qA92PHR58S5oeVyLXzDp":0.4229438568783106,"FdEcxaJ9cDW5Y3AZ79eDtzdvK7uaxSEfn5vPb47ew5yg":2.820392252392523,"A8qdxs15KhoKeTusNvghsQXTFdPDrz33aBG15yMrghQ2":2.1928084390562774e+214,"9YdHK4nPkFS9f3wJ9JTmHnya55nbpRr1nBU3LHZvSBme":0.04773521674261705,"HnCQgeL1muXwB8ABrx3zdRjvKUy37DtjQesVjRVi1NQp":0,"5HCy1sa78uEhpi1Gwk7A6NGtmfHZgoeNCepk9YtmJ2tg":21.15745834930327,"Gn4yPYetNcWXDwabT7LCNnBH1krbtBsaiWzDJZLWer7i":0,"8wTVWkMitZZBAgH8fAxwUc9qxVdCxZdMpw554xUKksym":9.943843072849546,"EJD8JM2fsQ34fMXHzHf9THaF1e9QQN4BHUFJHhuongoW":0.6595069562376876,"CbuCgrBuyWinrSQuZSruxHcuCewCfuKWHBVYdkHyKgBX":0,"4gjFFWmRKSjKWmgcMtdXrGnwz8wguqSX4n62rP1rTRjE":0.037533802040101705,"9g3zRw3GdhYhcaVi5AHqVDLSimUbFZTJo8eEVEw8UtHX":0,"ArPrTu2SAHmFxz99DogAzuTwUYHu2j6hsFvRjJgNWysi":0,"BU1Yk2q9pcPvRrXtHdb8w2KVdtLkdWQExY95Kv1zoUt4":0,"vLFHkHPQAMA6WLo5grxNiYWbBczwH2GhJGfASCmTYLz":2.1287735106158334e+214,"Eu8HoBjb7FMmb4ptDF4EVppuCnqvpbrK6HTPjvVhHT5d":0,"243vwsuYCwscmS9dtT3ms5MdsHCMvMmkyLLy5xu8CC7C":62.40197529929725,"9J172H7qyFpPRP64UxhWXohfq27yp9yjLcpKoDuuvZmj":0,"C6bU1yoxmrLPo8un6EjNnUDF5bjUaKRpzqH679HxYnv2":0,"Bu89JnCb2j76sKTzMmVswQDF5p7EBN2VyNcmcm1fHhFz":0,"9emoG9sRtT7S7DMG6MUj6CjdcaCbVj4mR1cjVPh2TVLV":0,"7YVgamX2j5eR78QMeqeP128gzfZ9m473GNNQnbnxEKfn":0,"HtbWSs7NFoCFSySVHqXDPSwcfn2YqAw2bBWAfQ8MCog7":0,"E4yNjYNHBMLvr9SQ6kFcNrSTgdtNN3XAvsmRRPsPAiAa":0,"JC2Uyumt8zpwAkwHawwSds8cCTL8M2ESceg4DpPApznb":27.95893647574834,"DvQ2dEzPEwRkS5UYGMJETbbeLLArrHHxGFZrQb8DUa1b":0,"GQyGwzFetKkcx6gdHM81Cjdcd2zQFXW4mX5iBhgUbGTU":0,"3oFid2sesqSaX5xtxJ2cAoAEcDdUYqTu6ts9u4Ha3pHr":0,"AdxnvXbsvcYv6WfNY9CEtUZPQ2R3nMrWmAtRuPKoMDPf":89.22697351491928,"6vaYPx12hxmcTJrXotfYyXfsbQ9cvyFPq7ywjUppWyuE":0,"8JNtTGvvcFVV4JLxbpWqzXtYLaCtPWMUzE1qC7ehz62H":0,"FM4ngFPwJGPmc4dtcwrhXEwBr9tJjGnw2JExeDy1Ko62":0,"HFjA3BCcvEa6ZtW2SUQKZPdbkniyunwSMExRavFNuctU":0,"7owDutq5guBRS94XCbVy1Q1tW6nXNhHeeQPeDTQ1xTYb":5.63207410321056,"HMVycTe3scmtwYUgbnT5bY4YiPzz38GCABwCSo7uQzc5":0,"2aCEiCSGzrqBKGQTuQDTTRzB2mDvTZr5fnEWhMs6X67m":0,"FnsSW8UoodsAigwKm4NwavhiRb4aq6gkYD97iNGVrG16":0,"G56jNgguMkdZBR26QiysDsdcfaY6vzQLgNr7oRuZFxDj":0,"EgjsTDxKtFer4VLAn5Y8zy7ZSheUmCgLsATCTC22Q54Z":6.432244287839639e+214,"CWQF2Ndy7pij1ov2XGnPujVuECG966Se36m12XUncBmR":0,"GdsxzX6zXGs7mgQZpVFdTRq7poS3DBNVGot293s5A91E":0,"FfWz3gY6SzSU8StKb4hrDhAUQkRtGiwhxEtp67si4yjT":0,"Ei5DARJbtUVdTCxd38WED89ZCbFgmuTSdEWbZXdnrpTS":0,"JB8jWBsJ1RxmrVGqjDCANPSUQeBEbzbUnjNrp1YRkNwQ":0,"4yuCRWtmEGb9pgj1V4qCNdnWW2ceDMenkcytEt2gLVWc":0,"Ds1F1sTwHz5Z5uDGs6MzJFXy21DNHARfhiTc9jGSPdo8":0,"8jwX5YFhJpfBzwbpGZJ2GQNepZA5H6nz6Fw4GdSE3X2M":0,"FDdZRTPr2F5dDqM6SyQ8zZNoBMxgB5ab7shKsTgysknF":0.016378976045738902,"3VvNLFLNM1yEJYoJVjVP6bT51D4C43j83Hmui5E3hv5X":0,"6m6xu7WFMf1uphLtifQDttYE5nRHNsTMr5KBuWweVqvG":0,"7EyiC7LVZH6X2FcK3mpGeB1tx8FNTtUMaJmEenSo6akx":0,"9GLGTZCfwH8jTkUwXBefpTPaAyBv4xJhhDxkK6i41Ghf":0,"DBTLKDkhMQHbftWPQ8tsPk85FXXz5c8hqYs8TkL9nwM6":0,"AbswdETvtzBvPs19mjKooSBP5BsCAerAC8FHsKfuqHKz":0,"FKgQ7ZjKeDb8BtjLaoyAfa9TT4Z7Y1WksWXaYdVjbcKj":0,"8skjH9Qz3Z3jswcLvjsQqHg8Y7bKMECsh85mA1mTJ5nb":0,"6tVnmuLXXss1qBdmWxmrwaYQVV9qWgWiTgjWmDLXhNtS":0,"Eh8DscqnYGwTNguNPLoSpacGfUeDpNgURTFeo1BS7mZy":0,"GVvFVKQ82zNXwKu8XdgD8jyKzYKW6GJdyFjBhGEKHtnQ":0,"J2RNLUYCM1o5fs8NiULsHZj36q2Qbm4hJ7mCojbaJ6fP":0,"AKeX5oXLpwY9RqTifnonanvXd1YqYPqqUe1vXBT5FdWn":0,"68GUN49wAFqySMfDdZwgv42ahBH8wuaGwR9ztHdZ9RLn":0,"2SLw1UXDSvZWb8zsWm7C2zEhsuHmG1Urq8bMn1A3q7Xu":0,"HWABqAxbzzQ8NPWw2gGQcDNTGTD4M9JxYdnyUPKcBkj7":0,"6ru6grpH2bLxCYbxJohLuWRKNY8dBfhEknjwQEnKH4yw":0,"An8zfCWw15T8ediKTRs8cik7deUGrfQRFWX8AxZfomzC":0,"2CSkzmJ3CYT2pwhkuDG6FzuJrRy2vLUQw3SaQcojKqNH":0.5219286968218606,"9gbDra8y6mkkvxHKxDfKpfNNPjc5yFepML1Wyx4VRgcH":0.40514427232061223,"7pVEVB52RjmRZqeJDYwGeifMcnhi1muQxaJLkhvt4JyB":0,"HfjKBa4AZQHxP1FbNymhsRVVL2sgH7WtyhmssGitsRZB":0,"22SfZxaYPmxRp9qJ28z4qdetur14ca9xeSXs2Q98PwTr":0,"EED46uWtkCQaKHovDMC8g62mj8FLpg5ZKFGcMks66dAZ":0,"4GuKBozqbHzF8v6dHNMbnW6n8YjJzSf2BGk3wgWwcwwj":0,"FWbkx1GRLgF2Zc2uKBTA2RYBsZ3qThNjNXbJZXHWPPQR":0,"223Zx2bkpY8tQ2Kn1qYLfASCXdAY4tYdqpL27GKdarnb":0,"9T23eKJjXqW69WvkyFMZD9dV5DQsSCNiJ9yifCiVqL7":0,"8gSs6K4NVZSh4Rd5ABcNTos5sJ6wVRTR4xr5LgNLMt58":47242971831.493034,"4W8FFzEeHNyreYrt4zz6pi8zKmmuhgYbHSshnSH9wL8s":0,"DLokjwh57rQ9KboiNbXPicc1LgfHRKFB9gXrHS7PGGpZ":181.8778932615595,"3xxEE7e566bJZ29RJHDpQks3Kg6ieJaRPdVFcMTzyZHA":0.019882017307426558,"BmKjctYVbHJe5S18KbCoK3TgCWn2ZCR6PZqFLK5fqgQB":0,"FvVsbwsbGVo6PVfimkkPhpcRfBrRitiV946nMNNuz7f9":1.8709003261289991,"5XNLURXQ3cvoQMfnSGfHEqmKUGyGDa6GboNtPHSQeDyk":0,"4noSbENhLmYU3aUsRCXSzScgr1JDCgPkzCvqUnxQAvDC":0,"GjnxiexcWcwrMcFBvpAaZsTaPrgPo58nNUaTywPyZMvA":0,"GM971DPCjZNGwz4TGpiCe3yYAMHwbKnQNVzvJVYNiQSB":0,"BhdXmfVjTWpCKwRyAvWLEsRbZkq7iAg6HDu3DA3Vu7ux":0,"6oy5YUAGGA8zUveCvM1RFkcFPikuLAaCDBiMddyQQXTd":0,"HrMrnPC6F9c9CV2ZinEgWP26pupRDNaKLuB4UXKHzBGd":0,"539kYuVGxEDrjgBbJnPCWtXcZhS4FaB8mU2S859PG6fy":0.3527678179789939,"4zqhnHXBCRjQa9LF7gVtx3STSW37jneJkaQNTiZBEeJ6":0,"6Y3pPZzg28bvFW9D6kAUcNFSTvHpk9Z6gmARuYdVoH9v":0,"HHHGD7BZ7H5fPLh3DNEPFezpLoYBJ16WsmbwRJXXEFSg":10.476567141351811,"9jghvi2t1NsXfF2J5ATuXSJVdbrnXABmAswmc2ZUEeQG":0.003084053658608532,"4x7P9KXWm9QdueFFvoVY5Sd8B4YKsGUBB7xQ3iDQQQoa":12.212725536019864,"BWCTmEdF38ugqQ2NoFWkceCPLSuVg2bXJiMTQ9hdy7qy":0,"CSkhLgyRDHpaQcd6LVkJyXgNrmyfbttxLufZSvVL2qMR":0,"BEixAMRdV8idFF5roJKvG1ZcvTx8kq1pAaji2sfvb77s":0.013417468419407719,"7j632JKDXQMBLhhvqppKAXh6qswmUAd6QvUzyoEEiqzq":0,"6kzPN6Z9b1jXi71p1QNS9otZuix7TuPcUTBLa7iiPLo6":0.23873343589251306,"3Ev1pfACVTEqS3P2Xtn83hh5J6ed9JLt2RWxkBmjrQB2":0,"74fAYKCNnKaXvQNGey4H4XfEjcjPYcs3k1Y9o5prm3Wr":0,"7cyDdVfJrYUySQp6jYKyQJimeNoq25cniAYJ8etL7dQr":0,"AT8A8WhjdNabQZhC1eCmAsUNxfiYR7r6h3qUDpzt8fvU":0,"12VQJ1UxJFyMUqJEUV44fdjq4i8ErjpKMasP98iBoJEm":0,"HHr9W4eRd3XWJbRTourrjThrsmv5HT9fYLDBHfArA6vj":0,"8WG3jLDjvPEW8jAUsr1u217JEyvpZUjmMCDs4f6BBGdX":0,"8SwgHaEeN9s8iT1iz6ud2etCNHixiUqRFBN1SJ48rPXC":2.8514975740226323,"5YyYngH7Btf6jpbZxyJ6mwuzmissxUaBzn2T8V1yySYR":0,"92ca6jVdjE6STduV4tAg7ijuy436jimacWMyjM9Yzmcj":9.358323074866504,"68paWPQXN1RFHKTxxD7tDvmfLQLc6Kfr5YEioC6CG2vw":0,"GEDDsFWafK9aqYr6D4NbuTWw1AEMjwaaCtzaASDLWUZM":0,"HgKBRC3dfXJZDcdmuugSmKP7gfphBXwuid7RBUcjHH1E":0,"C57G5emiBK61FWKLqzmjM1YH2tAL1m6GtMkRUn7Ld9LF":0,"E62EwYxZz4tdBhSj1etujh7DrCqij9F7CgFPCoF1U32z":0,"FSBb5Atma2HpUhembdBT1edYw1kmVPHVqvtR1Q11jBGL":0.49235857918672465,"8d3VyudNYuHvCGWHbhGn3SJoTTWbHZHoYPnyBRfbGXTA":0,"C4GUVCQbcz3X8GUK1rPQEeu7j6pcdk82VCLpiRA9LdrQ":0,