{"J4kicJXo4cWjJch14mY4dHsmBxrdrTYmf5WVXw5nKfsa":{"apy":0.12648813023290462,"weeklyFactor":0.000009686609669429797},"CBk6Cwj97JELHTswNckDwFfvFHEXgw7PRqGCGnKiX9f3":{"apy":0.026156841282709564,"weeklyFactor":0.0000020041261385027176},"GzBARnifWFUkbxNM6wwSuARxB8JdEX1MPJoa9wQu1sqP":{"apy":0.12648813023290462,"weeklyFactor":0.000009686609669429797},"HgUyEp2wcouZ4H4arur44JFMwM2CDtw6as1EJmUmnJb3":{"apy":0.004495890772759914,"weeklyFactor":1.442950420082356e-7}}