{"GzBARnifWFUkbxNM6wwSuARxB8JdEX1MPJoa9wQu1sqP":{"apy":0.13536857739828712,"weeklyFactor":0.000011245876764346685},"J4kicJXo4cWjJch14mY4dHsmBxrdrTYmf5WVXw5nKfsa":{"apy":0.13536857739828712,"weeklyFactor":0.000011245876764346685},"CBk6Cwj97JELHTswNckDwFfvFHEXgw7PRqGCGnKiX9f3":{"apy":0.027992269534116154,"weeklyFactor":0.0000023267331236579338},"HgUyEp2wcouZ4H4arur44JFMwM2CDtw6as1EJmUmnJb3":{"apy":0.004500782721805763,"weeklyFactor":1.44477546960301e-7}}