{"GzBARnifWFUkbxNM6wwSuARxB8JdEX1MPJoa9wQu1sqP":{"apy":0.13491855663558816,"weeklyFactor":0.000011162050554302636},"CBk6Cwj97JELHTswNckDwFfvFHEXgw7PRqGCGnKiX9f3":{"apy":0.027902190697148832,"weeklyFactor":0.000002309934301781774},"J4kicJXo4cWjJch14mY4dHsmBxrdrTYmf5WVXw5nKfsa":{"apy":0.13491855663558816,"weeklyFactor":0.000011162050554302636},"HgUyEp2wcouZ4H4arur44JFMwM2CDtw6as1EJmUmnJb3":{"apy":0.004523608653572708,"weeklyFactor":1.4532992918017746e-7}}