{"GzBARnifWFUkbxNM6wwSuARxB8JdEX1MPJoa9wQu1sqP":{"apy":0.13896676263649432,"weeklyFactor":0.000011935697667977267},"CBk6Cwj97JELHTswNckDwFfvFHEXgw7PRqGCGnKiX9f3":{"apy":0.028740304547003603,"weeklyFactor":0.0000024703193864570595},"J4kicJXo4cWjJch14mY4dHsmBxrdrTYmf5WVXw5nKfsa":{"apy":0.13896676263649432,"weeklyFactor":0.000011935697667977267},"HgUyEp2wcouZ4H4arur44JFMwM2CDtw6as1EJmUmnJb3":{"apy":0.004535300712427137,"weeklyFactor":1.457670598397438e-7}}