{"CBk6Cwj97JELHTswNckDwFfvFHEXgw7PRqGCGnKiX9f3":{"apy":0.01601844341942993,"weeklyFactor":7.993031791000617e-7},"HgUyEp2wcouZ4H4arur44JFMwM2CDtw6as1EJmUmnJb3":{"apy":0.0098351730164703,"weeklyFactor":3.8484364928394646e-7},"J4kicJXo4cWjJch14mY4dHsmBxrdrTYmf5WVXw5nKfsa":{"apy":0.0652453105893791,"weeklyFactor":0.0000029423231481483628},"GzBARnifWFUkbxNM6wwSuARxB8JdEX1MPJoa9wQu1sqP":{"apy":0.0652453105893791,"weeklyFactor":0.0000029423231481483628}}