{"CBk6Cwj97JELHTswNckDwFfvFHEXgw7PRqGCGnKiX9f3":{"apy":0.012759603970358135,"weeklyFactor":5.591110218199545e-7},"J4kicJXo4cWjJch14mY4dHsmBxrdrTYmf5WVXw5nKfsa":{"apy":0.06168650331299652,"weeklyFactor":0.000002702369938796446},"GzBARnifWFUkbxNM6wwSuARxB8JdEX1MPJoa9wQu1sqP":{"apy":0.06168650331299652,"weeklyFactor":0.000002702369938796446},"HgUyEp2wcouZ4H4arur44JFMwM2CDtw6as1EJmUmnJb3":{"apy":0.004497067859410286,"weeklyFactor":1.4433895022488813e-7}}