{"CBk6Cwj97JELHTswNckDwFfvFHEXgw7PRqGCGnKiX9f3":{"apy":0.12967687124350036,"weeklyFactor":0.0029144637059646946},"HgUyEp2wcouZ4H4arur44JFMwM2CDtw6as1EJmUmnJb3":{"apy":0.1296729186245127,"weeklyFactor":0.002913673936567292},"J4kicJXo4cWjJch14mY4dHsmBxrdrTYmf5WVXw5nKfsa":{"apy":0.5168843721327976,"weeklyFactor":0.002917883760187046},"GzBARnifWFUkbxNM6wwSuARxB8JdEX1MPJoa9wQu1sqP":{"apy":0.5168843721327976,"weeklyFactor":0.002917883760187046}}