{"CBk6Cwj97JELHTswNckDwFfvFHEXgw7PRqGCGnKiX9f3":{"apy":0.09600183515963145,"weeklyFactor":0.00028920291859036546},"GzBARnifWFUkbxNM6wwSuARxB8JdEX1MPJoa9wQu1sqP":{"apy":0.3544531348605551,"weeklyFactor":0.00029169874407575057},"HgUyEp2wcouZ4H4arur44JFMwM2CDtw6as1EJmUmnJb3":{"apy":0.09597609626830206,"weeklyFactor":0.000288692166231523},"J4kicJXo4cWjJch14mY4dHsmBxrdrTYmf5WVXw5nKfsa":{"apy":0.3544531348605551,"weeklyFactor":0.00029169874407575057}}