{"CBk6Cwj97JELHTswNckDwFfvFHEXgw7PRqGCGnKiX9f3":{"apy":0.1409148515580938,"weeklyFactor":0.006297583059600675},"J4kicJXo4cWjJch14mY4dHsmBxrdrTYmf5WVXw5nKfsa":{"apy":0.5713290232549628,"weeklyFactor":0.006298376430441161},"GzBARnifWFUkbxNM6wwSuARxB8JdEX1MPJoa9wQu1sqP":{"apy":0.5713290232549628,"weeklyFactor":0.006298376430441161}}