{"CBk6Cwj97JELHTswNckDwFfvFHEXgw7PRqGCGnKiX9f3":{"apy":0.04585604069908822,"weeklyFactor":0.00000888784599955397},"GzBARnifWFUkbxNM6wwSuARxB8JdEX1MPJoa9wQu1sqP":{"apy":0.1342622887037237,"weeklyFactor":0.000011040760721558516},"HgUyEp2wcouZ4H4arur44JFMwM2CDtw6as1EJmUmnJb3":{"apy":0.04518592307964919,"weeklyFactor":0.000008470497155653862},"J4kicJXo4cWjJch14mY4dHsmBxrdrTYmf5WVXw5nKfsa":{"apy":0.1342622887037237,"weeklyFactor":0.000011040760721558516}}