{"EfAJjXZppDeQPRpfjkndsPjUrp6hjcMuACHhghNmYE1t":{"apy":0.005291805314922016,"weeklyFactor":[0,0,0,0,0,0,0.0000011092610672728694]},"9yAstgXzyM2qG2JpXjr7yJ5RsYomJopxiPqhsbpjAtUw":{"apy":0,"weeklyFactor":[0,0,0,0,0,0,0]}}