{"CBk6Cwj97JELHTswNckDwFfvFHEXgw7PRqGCGnKiX9f3":{"apy":0.012758017916447706,"weeklyFactor":5.590067128503939e-7},"J4kicJXo4cWjJch14mY4dHsmBxrdrTYmf5WVXw5nKfsa":{"apy":0.061678833635792074,"weeklyFactor":0.0000027018657787769038},"GzBARnifWFUkbxNM6wwSuARxB8JdEX1MPJoa9wQu1sqP":{"apy":0.061678833635792074,"weeklyFactor":0.0000027018657787769038},"HgUyEp2wcouZ4H4arur44JFMwM2CDtw6as1EJmUmnJb3":{"apy":0.004496755360983151,"weeklyFactor":1.443272929215168e-7}}