{"GzBARnifWFUkbxNM6wwSuARxB8JdEX1MPJoa9wQu1sqP":{"apy":0.12212910290421153,"weeklyFactor":0.000008990132440781692},"CBk6Cwj97JELHTswNckDwFfvFHEXgw7PRqGCGnKiX9f3":{"apy":0.02532141344619987,"weeklyFactor":0.0000018702136050964294},"HgUyEp2wcouZ4H4arur44JFMwM2CDtw6as1EJmUmnJb3":{"apy":0.004845802370567753,"weeklyFactor":1.575050633962807e-7},"J4kicJXo4cWjJch14mY4dHsmBxrdrTYmf5WVXw5nKfsa":{"apy":0.12212910290421153,"weeklyFactor":0.000008990132440781692}}