{"CBk6Cwj97JELHTswNckDwFfvFHEXgw7PRqGCGnKiX9f3":{"apy":0.11169980604786023,"weeklyFactor":0.0008494014204202679},"GzBARnifWFUkbxNM6wwSuARxB8JdEX1MPJoa9wQu1sqP":{"apy":0.4298591173266697,"weeklyFactor":0.0008513622525477408},"J4kicJXo4cWjJch14mY4dHsmBxrdrTYmf5WVXw5nKfsa":{"apy":0.4298591173266697,"weeklyFactor":0.0008513622525477408}}