{"J4kicJXo4cWjJch14mY4dHsmBxrdrTYmf5WVXw5nKfsa":{"apy":0.06573115678327746,"weeklyFactor":0.0000029760311435987743},"CBk6Cwj97JELHTswNckDwFfvFHEXgw7PRqGCGnKiX9f3":{"apy":0.0135960062394469,"weeklyFactor":6.157305814342289e-7},"GzBARnifWFUkbxNM6wwSuARxB8JdEX1MPJoa9wQu1sqP":{"apy":0.06573115678327746,"weeklyFactor":0.0000029760311435987743},"HgUyEp2wcouZ4H4arur44JFMwM2CDtw6as1EJmUmnJb3":{"apy":0.004497795908742219,"weeklyFactor":1.4436611002455259e-7}}