{"CBk6Cwj97JELHTswNckDwFfvFHEXgw7PRqGCGnKiX9f3":{"apy":0.012767363261190212,"weeklyFactor":5.596214856973393e-7},"J4kicJXo4cWjJch14mY4dHsmBxrdrTYmf5WVXw5nKfsa":{"apy":0.06172402490443041,"weeklyFactor":0.0000027048371808704743},"GzBARnifWFUkbxNM6wwSuARxB8JdEX1MPJoa9wQu1sqP":{"apy":0.06172402490443041,"weeklyFactor":0.0000027048371808704743},"HgUyEp2wcouZ4H4arur44JFMwM2CDtw6as1EJmUmnJb3":{"apy":0.004498034143152196,"weeklyFactor":1.4437499762718804e-7}}