{"J4kicJXo4cWjJch14mY4dHsmBxrdrTYmf5WVXw5nKfsa":{"apy":0.06638486294152646,"weeklyFactor":0.0000030217533403425915},"CBk6Cwj97JELHTswNckDwFfvFHEXgw7PRqGCGnKiX9f3":{"apy":0.013731184972987087,"weeklyFactor":6.251903462777772e-7},"GzBARnifWFUkbxNM6wwSuARxB8JdEX1MPJoa9wQu1sqP":{"apy":0.06638486294152646,"weeklyFactor":0.0000030217533403425915},"HgUyEp2wcouZ4H4arur44JFMwM2CDtw6as1EJmUmnJb3":{"apy":0.004497669712955066,"weeklyFactor":1.443614022069926e-7}}