{"CBk6Cwj97JELHTswNckDwFfvFHEXgw7PRqGCGnKiX9f3":{"apy":0.019363638156044694,"weeklyFactor":0.0000011086018815989398},"HgUyEp2wcouZ4H4arur44JFMwM2CDtw6as1EJmUmnJb3":{"apy":0.005231880193701244,"weeklyFactor":1.7245334051163676e-7},"J4kicJXo4cWjJch14mY4dHsmBxrdrTYmf5WVXw5nKfsa":{"apy":0.09258896290371688,"weeklyFactor":0.000005251829829744937},"GzBARnifWFUkbxNM6wwSuARxB8JdEX1MPJoa9wQu1sqP":{"apy":0.09258896290371688,"weeklyFactor":0.000005251829829744937}}