{"CBk6Cwj97JELHTswNckDwFfvFHEXgw7PRqGCGnKiX9f3":{"apy":0.01276036729436214,"weeklyFactor":5.591612268980433e-7},"J4kicJXo4cWjJch14mY4dHsmBxrdrTYmf5WVXw5nKfsa":{"apy":0.0616901945173165,"weeklyFactor":0.0000027026125966738763},"GzBARnifWFUkbxNM6wwSuARxB8JdEX1MPJoa9wQu1sqP":{"apy":0.0616901945173165,"weeklyFactor":0.0000027026125966738763},"HgUyEp2wcouZ4H4arur44JFMwM2CDtw6as1EJmUmnJb3":{"apy":0.00449653149956486,"weeklyFactor":1.4431894224807373e-7}}