{"CBk6Cwj97JELHTswNckDwFfvFHEXgw7PRqGCGnKiX9f3":{"apy":0.12293653035135854,"weeklyFactor":0.0018358135705285419},"GzBARnifWFUkbxNM6wwSuARxB8JdEX1MPJoa9wQu1sqP":{"apy":0.48427472157581697,"weeklyFactor":0.001839754268749746},"HgUyEp2wcouZ4H4arur44JFMwM2CDtw6as1EJmUmnJb3":{"apy":0.12292930014696779,"weeklyFactor":0.001834903549916136},"J4kicJXo4cWjJch14mY4dHsmBxrdrTYmf5WVXw5nKfsa":{"apy":0.48427472157581697,"weeklyFactor":0.001839754268749746}}