{"GzBARnifWFUkbxNM6wwSuARxB8JdEX1MPJoa9wQu1sqP":{"apy":0.1161243849239435,"weeklyFactor":0.00000809853137644127},"CBk6Cwj97JELHTswNckDwFfvFHEXgw7PRqGCGnKiX9f3":{"apy":0.024016195348997016,"weeklyFactor":0.0000016757741605454534},"J4kicJXo4cWjJch14mY4dHsmBxrdrTYmf5WVXw5nKfsa":{"apy":0.1161243849239435,"weeklyFactor":0.00000809853137644127},"HgUyEp2wcouZ4H4arur44JFMwM2CDtw6as1EJmUmnJb3":{"apy":0.004511714432808844,"weeklyFactor":1.4488560008549903e-7}}