{"GzBARnifWFUkbxNM6wwSuARxB8JdEX1MPJoa9wQu1sqP":{"apy":0.11333792283851896,"weeklyFactor":0.000007709874566262531},"CBk6Cwj97JELHTswNckDwFfvFHEXgw7PRqGCGnKiX9f3":{"apy":0.023438693447008774,"weeklyFactor":0.0000015951464619853512},"J4kicJXo4cWjJch14mY4dHsmBxrdrTYmf5WVXw5nKfsa":{"apy":0.11333792283851896,"weeklyFactor":0.000007709874566262531},"HgUyEp2wcouZ4H4arur44JFMwM2CDtw6as1EJmUmnJb3":{"apy":0.004499433173554834,"weeklyFactor":1.4442719296443307e-7}}