{"GzBARnifWFUkbxNM6wwSuARxB8JdEX1MPJoa9wQu1sqP":{"apy":0.1384631969354455,"weeklyFactor":0.000011837027224270893},"CBk6Cwj97JELHTswNckDwFfvFHEXgw7PRqGCGnKiX9f3":{"apy":0.028637861440583556,"weeklyFactor":0.0000024502170634221058},"J4kicJXo4cWjJch14mY4dHsmBxrdrTYmf5WVXw5nKfsa":{"apy":0.1384631969354455,"weeklyFactor":0.000011837027224270893},"HgUyEp2wcouZ4H4arur44JFMwM2CDtw6as1EJmUmnJb3":{"apy":0.004545011849965697,"weeklyFactor":1.4613039661888598e-7}}