{"GzBARnifWFUkbxNM6wwSuARxB8JdEX1MPJoa9wQu1sqP":{"apy":0.1391649875193801,"weeklyFactor":0.000011974732129223746},"CBk6Cwj97JELHTswNckDwFfvFHEXgw7PRqGCGnKiX9f3":{"apy":0.028780633533154187,"weeklyFactor":0.0000024782719538115468},"J4kicJXo4cWjJch14mY4dHsmBxrdrTYmf5WVXw5nKfsa":{"apy":0.1391649875193801,"weeklyFactor":0.000011974732129223746},"HgUyEp2wcouZ4H4arur44JFMwM2CDtw6as1EJmUmnJb3":{"apy":0.004530607871244818,"weeklyFactor":1.455915665821712e-7}}