{"CBk6Cwj97JELHTswNckDwFfvFHEXgw7PRqGCGnKiX9f3":{"apy":0.13641947122482456,"weeklyFactor":0.004627320171032287},"HgUyEp2wcouZ4H4arur44JFMwM2CDtw6as1EJmUmnJb3":{"apy":0.13641758337958887,"weeklyFactor":0.004626721301648688},"J4kicJXo4cWjJch14mY4dHsmBxrdrTYmf5WVXw5nKfsa":{"apy":0.5495467799306653,"weeklyFactor":0.004629913461867572},"GzBARnifWFUkbxNM6wwSuARxB8JdEX1MPJoa9wQu1sqP":{"apy":0.5495467799306653,"weeklyFactor":0.004629913461867572}}