{"J4kicJXo4cWjJch14mY4dHsmBxrdrTYmf5WVXw5nKfsa":{"apy":0.06176470737633277,"weeklyFactor":0.000002707513751546968},"GzBARnifWFUkbxNM6wwSuARxB8JdEX1MPJoa9wQu1sqP":{"apy":0.06176470737633277,"weeklyFactor":0.000002707513751546968},"CBk6Cwj97JELHTswNckDwFfvFHEXgw7PRqGCGnKiX9f3":{"apy":0.012775776204820843,"weeklyFactor":5.601752589407518e-7},"HgUyEp2wcouZ4H4arur44JFMwM2CDtw6as1EJmUmnJb3":{"apy":0.004498828436894087,"weeklyFactor":1.4440463070019702e-7}}