{"GzBARnifWFUkbxNM6wwSuARxB8JdEX1MPJoa9wQu1sqP":{"apy":0.12156759263572958,"weeklyFactor":0.000008903503878420102},"CBk6Cwj97JELHTswNckDwFfvFHEXgw7PRqGCGnKiX9f3":{"apy":0.025139799325657464,"weeklyFactor":0.0000018421042507076074},"J4kicJXo4cWjJch14mY4dHsmBxrdrTYmf5WVXw5nKfsa":{"apy":0.12156759263572958,"weeklyFactor":0.000008903503878420102},"HgUyEp2wcouZ4H4arur44JFMwM2CDtw6as1EJmUmnJb3":{"apy":0.0045010545254964285,"weeklyFactor":1.444876889940378e-7}}