{"GzBARnifWFUkbxNM6wwSuARxB8JdEX1MPJoa9wQu1sqP":{"apy":0.13770146101355074,"weeklyFactor":0.000011689101943960724},"CBk6Cwj97JELHTswNckDwFfvFHEXgw7PRqGCGnKiX9f3":{"apy":0.028474413087553607,"weeklyFactor":0.00000241843488495739},"J4kicJXo4cWjJch14mY4dHsmBxrdrTYmf5WVXw5nKfsa":{"apy":0.13770146101355074,"weeklyFactor":0.000011689101943960724},"HgUyEp2wcouZ4H4arur44JFMwM2CDtw6as1EJmUmnJb3":{"apy":0.004502289898056233,"weeklyFactor":1.4453378784497078e-7}}