{"J4kicJXo4cWjJch14mY4dHsmBxrdrTYmf5WVXw5nKfsa":{"apy":0.17359306857707146,"weeklyFactor":0.00002072569844935107},"GzBARnifWFUkbxNM6wwSuARxB8JdEX1MPJoa9wQu1sqP":{"apy":0.17359306857707146,"weeklyFactor":0.00002072569844935107},"CBk6Cwj97JELHTswNckDwFfvFHEXgw7PRqGCGnKiX9f3":{"apy":0.056258431201805514,"weeklyFactor":0.000018560950572451585},"HgUyEp2wcouZ4H4arur44JFMwM2CDtw6as1EJmUmnJb3":{"apy":0.055931419674770666,"weeklyFactor":0.00001814030599999299}}