{"CBk6Cwj97JELHTswNckDwFfvFHEXgw7PRqGCGnKiX9f3":{"apy":0.1251830043881963,"weeklyFactor":0.0021415726640380025},"GzBARnifWFUkbxNM6wwSuARxB8JdEX1MPJoa9wQu1sqP":{"apy":0.49513746184119967,"weeklyFactor":0.002145365778133548},"HgUyEp2wcouZ4H4arur44JFMwM2CDtw6as1EJmUmnJb3":{"apy":0.12517703859407092,"weeklyFactor":0.002140696735335613},"J4kicJXo4cWjJch14mY4dHsmBxrdrTYmf5WVXw5nKfsa":{"apy":0.49513746184119967,"weeklyFactor":0.002145365778133548}}