{"CBk6Cwj97JELHTswNckDwFfvFHEXgw7PRqGCGnKiX9f3":{"apy":0.025312538334598678,"weeklyFactor":0.0000018688318019643005},"HgUyEp2wcouZ4H4arur44JFMwM2CDtw6as1EJmUmnJb3":{"apy":0.022368595361288435,"weeklyFactor":0.0000014539339861715631},"J4kicJXo4cWjJch14mY4dHsmBxrdrTYmf5WVXw5nKfsa":{"apy":0.07924614673922026,"weeklyFactor":0.000004013160130470883},"GzBARnifWFUkbxNM6wwSuARxB8JdEX1MPJoa9wQu1sqP":{"apy":0.07924614673922026,"weeklyFactor":0.000004013160130470883}}