{"GzBARnifWFUkbxNM6wwSuARxB8JdEX1MPJoa9wQu1sqP":{"apy":0.0747174499525105,"weeklyFactor":0.000003643268055981927},"CBk6Cwj97JELHTswNckDwFfvFHEXgw7PRqGCGnKiX9f3":{"apy":0.0154542044589423,"weeklyFactor":7.537795977893641e-7},"J4kicJXo4cWjJch14mY4dHsmBxrdrTYmf5WVXw5nKfsa":{"apy":0.0747174499525105,"weeklyFactor":0.000003643268055981927},"HgUyEp2wcouZ4H4arur44JFMwM2CDtw6as1EJmUmnJb3":{"apy":0.0044984223419364255,"weeklyFactor":1.4438948013136656e-7}}