{"CBk6Cwj97JELHTswNckDwFfvFHEXgw7PRqGCGnKiX9f3":{"apy":0.04994487102307765,"weeklyFactor":0.000011895494946591564},"HgUyEp2wcouZ4H4arur44JFMwM2CDtw6as1EJmUmnJb3":{"apy":0.04944027104587523,"weeklyFactor":0.000011477117339894517},"J4kicJXo4cWjJch14mY4dHsmBxrdrTYmf5WVXw5nKfsa":{"apy":0.14898346535729967,"weeklyFactor":0.000014052088939877807},"GzBARnifWFUkbxNM6wwSuARxB8JdEX1MPJoa9wQu1sqP":{"apy":0.14898346535729967,"weeklyFactor":0.000014052088939877807}}