{"CBk6Cwj97JELHTswNckDwFfvFHEXgw7PRqGCGnKiX9f3":{"apy":0.06928892090345418,"weeklyFactor":0.00004595323592343589},"GzBARnifWFUkbxNM6wwSuARxB8JdEX1MPJoa9wQu1sqP":{"apy":0.22955853906501122,"weeklyFactor":0.00004815149291346876},"HgUyEp2wcouZ4H4arur44JFMwM2CDtw6as1EJmUmnJb3":{"apy":0.06915315324382831,"weeklyFactor":0.000045523535748454956},"J4kicJXo4cWjJch14mY4dHsmBxrdrTYmf5WVXw5nKfsa":{"apy":0.22955853906501122,"weeklyFactor":0.00004815149291346876}}