{"GzBARnifWFUkbxNM6wwSuARxB8JdEX1MPJoa9wQu1sqP":{"apy":0.0622366712528466,"weeklyFactor":0.0000027386782327599617},"CBk6Cwj97JELHTswNckDwFfvFHEXgw7PRqGCGnKiX9f3":{"apy":0.012873375913824425,"weeklyFactor":5.666230826399921e-7},"J4kicJXo4cWjJch14mY4dHsmBxrdrTYmf5WVXw5nKfsa":{"apy":0.0622366712528466,"weeklyFactor":0.0000027386782327599617},"HgUyEp2wcouZ4H4arur44JFMwM2CDtw6as1EJmUmnJb3":{"apy":0.00450022575597675,"weeklyFactor":1.4445676502991136e-7}}