{"J4kicJXo4cWjJch14mY4dHsmBxrdrTYmf5WVXw5nKfsa":{"apy":0.1017248843376839,"weeklyFactor":0.000006245702553596033},"GzBARnifWFUkbxNM6wwSuARxB8JdEX1MPJoa9wQu1sqP":{"apy":0.1017248843376839,"weeklyFactor":0.000006245702553596033},"CBk6Cwj97JELHTswNckDwFfvFHEXgw7PRqGCGnKiX9f3":{"apy":0.02119971495384565,"weeklyFactor":0.0000013110855210760158},"HgUyEp2wcouZ4H4arur44JFMwM2CDtw6as1EJmUmnJb3":{"apy":0.005129880887189131,"weeklyFactor":1.6846552144379373e-7}}