{"CBk6Cwj97JELHTswNckDwFfvFHEXgw7PRqGCGnKiX9f3":{"apy":0.012765953196458568,"weeklyFactor":5.595287009367106e-7},"GzBARnifWFUkbxNM6wwSuARxB8JdEX1MPJoa9wQu1sqP":{"apy":0.06171720625556265,"weeklyFactor":0.000002704388721194102},"J4kicJXo4cWjJch14mY4dHsmBxrdrTYmf5WVXw5nKfsa":{"apy":0.06171720625556265,"weeklyFactor":0.000002704388721194102},"HgUyEp2wcouZ4H4arur44JFMwM2CDtw6as1EJmUmnJb3":{"apy":0.004497555892202243,"weeklyFactor":1.443571560837454e-7}}