{"GzBARnifWFUkbxNM6wwSuARxB8JdEX1MPJoa9wQu1sqP":{"apy":0.10929016900929067,"weeklyFactor":0.000007171951860780181},"CBk6Cwj97JELHTswNckDwFfvFHEXgw7PRqGCGnKiX9f3":{"apy":0.022602867691534634,"weeklyFactor":0.0000014839686707138156},"J4kicJXo4cWjJch14mY4dHsmBxrdrTYmf5WVXw5nKfsa":{"apy":0.10929016900929067,"weeklyFactor":0.000007171951860780181},"HgUyEp2wcouZ4H4arur44JFMwM2CDtw6as1EJmUmnJb3":{"apy":0.00450587944833547,"weeklyFactor":1.4466775677756044e-7}}