{"J4kicJXo4cWjJch14mY4dHsmBxrdrTYmf5WVXw5nKfsa":{"apy":0.06389392025401008,"weeklyFactor":0.0000028497761813282593},"CBk6Cwj97JELHTswNckDwFfvFHEXgw7PRqGCGnKiX9f3":{"apy":0.013216083615530394,"weeklyFactor":5.896088651023984e-7},"GzBARnifWFUkbxNM6wwSuARxB8JdEX1MPJoa9wQu1sqP":{"apy":0.06389392025401008,"weeklyFactor":0.0000028497761813282593},"HgUyEp2wcouZ4H4arur44JFMwM2CDtw6as1EJmUmnJb3":{"apy":0.004499561996085255,"weeklyFactor":1.4443199935630169e-7}}