{"CBk6Cwj97JELHTswNckDwFfvFHEXgw7PRqGCGnKiX9f3":{"apy":0.07813848194373474,"weeklyFactor":0.00008465745015478201},"GzBARnifWFUkbxNM6wwSuARxB8JdEX1MPJoa9wQu1sqP":{"apy":0.27001182065247153,"weeklyFactor":0.00008690305419442387},"HgUyEp2wcouZ4H4arur44JFMwM2CDtw6as1EJmUmnJb3":{"apy":0.0780624280718456,"weeklyFactor":0.00008421488559551041},"J4kicJXo4cWjJch14mY4dHsmBxrdrTYmf5WVXw5nKfsa":{"apy":0.27001182065247153,"weeklyFactor":0.00008690305419442387}}