{"J4kicJXo4cWjJch14mY4dHsmBxrdrTYmf5WVXw5nKfsa":{"apy":0.5604431020947764,"weeklyFactor":0.005400551503437678},"GzBARnifWFUkbxNM6wwSuARxB8JdEX1MPJoa9wQu1sqP":{"apy":0.5604431020947764,"weeklyFactor":0.005400551503437678},"CBk6Cwj97JELHTswNckDwFfvFHEXgw7PRqGCGnKiX9f3":{"apy":0.13866738301995252,"weeklyFactor":0.005398330364625704},"HgUyEp2wcouZ4H4arur44JFMwM2CDtw6as1EJmUmnJb3":{"apy":0.13866599702947457,"weeklyFactor":0.0053978174462647605}}