{"CBk6Cwj97JELHTswNckDwFfvFHEXgw7PRqGCGnKiX9f3":{"apy":0.03627273799324815,"weeklyFactor":0.000004412445204715398},"GzBARnifWFUkbxNM6wwSuARxB8JdEX1MPJoa9wQu1sqP":{"apy":0.1043829740252189,"weeklyFactor":0.000006559885147612247},"HgUyEp2wcouZ4H4arur44JFMwM2CDtw6as1EJmUmnJb3":{"apy":0.03495556140464817,"weeklyFactor":0.00000399661714915621},"J4kicJXo4cWjJch14mY4dHsmBxrdrTYmf5WVXw5nKfsa":{"apy":0.1043829740252189,"weeklyFactor":0.000006559885147612247}}