{"J4kicJXo4cWjJch14mY4dHsmBxrdrTYmf5WVXw5nKfsa":{"apy":0.06649098014721577,"weeklyFactor":0.0000030292155760695405},"GzBARnifWFUkbxNM6wwSuARxB8JdEX1MPJoa9wQu1sqP":{"apy":0.06649098014721577,"weeklyFactor":0.0000030292155760695405},"CBk6Cwj97JELHTswNckDwFfvFHEXgw7PRqGCGnKiX9f3":{"apy":0.017037101127304055,"weeklyFactor":8.86089440973745e-7},"HgUyEp2wcouZ4H4arur44JFMwM2CDtw6as1EJmUmnJb3":{"apy":0.011363615501336355,"weeklyFactor":4.715578947076498e-7}}