{"EfAJjXZppDeQPRpfjkndsPjUrp6hjcMuACHhghNmYE1t":{"apy":0.007475838891712883,"weeklyFactor":[0,0,0.0000011092610672728694,2.59287930610383e-7,6.757429383968823e-8,1.5714223846871596e-7,3.361076694454418e-8]},"9yAstgXzyM2qG2JpXjr7yJ5RsYomJopxiPqhsbpjAtUw":{"apy":0,"weeklyFactor":[0,0,0,0,0,0,null]}}