{"CBk6Cwj97JELHTswNckDwFfvFHEXgw7PRqGCGnKiX9f3":{"apy":0.012757877843272425,"weeklyFactor":5.589975012951509e-7},"J4kicJXo4cWjJch14mY4dHsmBxrdrTYmf5WVXw5nKfsa":{"apy":0.06167815628430606,"weeklyFactor":0.0000027018212562598957},"GzBARnifWFUkbxNM6wwSuARxB8JdEX1MPJoa9wQu1sqP":{"apy":0.06167815628430606,"weeklyFactor":0.0000027018212562598957},"HgUyEp2wcouZ4H4arur44JFMwM2CDtw6as1EJmUmnJb3":{"apy":0.0044972323233194444,"weeklyFactor":1.4434508541354018e-7}}