{"CBk6Cwj97JELHTswNckDwFfvFHEXgw7PRqGCGnKiX9f3":{"apy":0.13417173428622586,"weeklyFactor":0.003966454290809358},"GzBARnifWFUkbxNM6wwSuARxB8JdEX1MPJoa9wQu1sqP":{"apy":0.5386545495562167,"weeklyFactor":0.003969366569093196},"HgUyEp2wcouZ4H4arur44JFMwM2CDtw6as1EJmUmnJb3":{"apy":0.13416926114913075,"weeklyFactor":0.003965781788005033},"J4kicJXo4cWjJch14mY4dHsmBxrdrTYmf5WVXw5nKfsa":{"apy":0.5386545495562167,"weeklyFactor":0.003969366569093196}}