{"J4kicJXo4cWjJch14mY4dHsmBxrdrTYmf5WVXw5nKfsa":{"apy":0.23949913309337933,"weeklyFactor":0.000055726458738524247},"GzBARnifWFUkbxNM6wwSuARxB8JdEX1MPJoa9wQu1sqP":{"apy":0.23949913309337933,"weeklyFactor":0.000055726458738524247},"CBk6Cwj97JELHTswNckDwFfvFHEXgw7PRqGCGnKiX9f3":{"apy":0.07149296323474275,"weeklyFactor":0.000053518946578613044},"HgUyEp2wcouZ4H4arur44JFMwM2CDtw6as1EJmUmnJb3":{"apy":0.07137563979038308,"weeklyFactor":0.00005308675002206027}}