{"CBk6Cwj97JELHTswNckDwFfvFHEXgw7PRqGCGnKiX9f3":{"apy":0.012757507715566163,"weeklyFactor":5.589731612163066e-7},"J4kicJXo4cWjJch14mY4dHsmBxrdrTYmf5WVXw5nKfsa":{"apy":0.06167636645868502,"weeklyFactor":0.0000027017036125454815},"GzBARnifWFUkbxNM6wwSuARxB8JdEX1MPJoa9wQu1sqP":{"apy":0.06167636645868502,"weeklyFactor":0.0000027017036125454815},"HgUyEp2wcouZ4H4arur44JFMwM2CDtw6as1EJmUmnJb3":{"apy":0.004502459331101605,"weeklyFactor":1.4454011067008242e-7}}