{"CBk6Cwj97JELHTswNckDwFfvFHEXgw7PRqGCGnKiX9f3":{"apy":0.12293198938584382,"weeklyFactor":0.001835241974915164},"J4kicJXo4cWjJch14mY4dHsmBxrdrTYmf5WVXw5nKfsa":{"apy":0.4841685098709192,"weeklyFactor":0.0018369915566184153},"GzBARnifWFUkbxNM6wwSuARxB8JdEX1MPJoa9wQu1sqP":{"apy":0.4841685098709192,"weeklyFactor":0.0018369915566184153}}