{"2susv1zhJbuRoCFSfsAf9ruBqemt9B5twrUb8HH9b9aT":{"apy":29.84651265672631,"apySingleTick":31.568731511515423}}