{"GzBARnifWFUkbxNM6wwSuARxB8JdEX1MPJoa9wQu1sqP":{"apy":0.07889091629480482,"weeklyFactor":0.000003983279478398558},"CBk6Cwj97JELHTswNckDwFfvFHEXgw7PRqGCGnKiX9f3":{"apy":0.016317154641165565,"weeklyFactor":8.241267886341843e-7},"J4kicJXo4cWjJch14mY4dHsmBxrdrTYmf5WVXw5nKfsa":{"apy":0.07889091629480482,"weeklyFactor":0.000003983279478398558},"HgUyEp2wcouZ4H4arur44JFMwM2CDtw6as1EJmUmnJb3":{"apy":0.004498560915910943,"weeklyFactor":1.4439464999435753e-7}}