{"CBk6Cwj97JELHTswNckDwFfvFHEXgw7PRqGCGnKiX9f3":{"apy":0.012786517147245213,"weeklyFactor":5.608827351171976e-7},"GzBARnifWFUkbxNM6wwSuARxB8JdEX1MPJoa9wQu1sqP":{"apy":0.061816647371260025,"weeklyFactor":0.0000027109332197331223},"J4kicJXo4cWjJch14mY4dHsmBxrdrTYmf5WVXw5nKfsa":{"apy":0.061816647371260025,"weeklyFactor":0.0000027109332197331223},"HgUyEp2wcouZ4H4arur44JFMwM2CDtw6as1EJmUmnJb3":{"apy":0.004498345935521897,"weeklyFactor":1.4438662961214373e-7}}