{"CBk6Cwj97JELHTswNckDwFfvFHEXgw7PRqGCGnKiX9f3":{"apy":0.012763708322061085,"weeklyFactor":5.593810027463222e-7},"J4kicJXo4cWjJch14mY4dHsmBxrdrTYmf5WVXw5nKfsa":{"apy":0.061706350719226144,"weeklyFactor":0.0000027036748466072244},"GzBARnifWFUkbxNM6wwSuARxB8JdEX1MPJoa9wQu1sqP":{"apy":0.061706350719226144,"weeklyFactor":0.0000027036748466072244},"HgUyEp2wcouZ4H4arur44JFMwM2CDtw6as1EJmUmnJb3":{"apy":0.004497899917832449,"weeklyFactor":1.4436999018288307e-7}}