{"J4kicJXo4cWjJch14mY4dHsmBxrdrTYmf5WVXw5nKfsa":{"apy":0.1310979224355524,"weeklyFactor":0.000010471507340320474},"CBk6Cwj97JELHTswNckDwFfvFHEXgw7PRqGCGnKiX9f3":{"apy":0.027140811935488784,"weeklyFactor":0.000002172017019044974},"GzBARnifWFUkbxNM6wwSuARxB8JdEX1MPJoa9wQu1sqP":{"apy":0.1310979224355524,"weeklyFactor":0.000010471507340320474},"HgUyEp2wcouZ4H4arur44JFMwM2CDtw6as1EJmUmnJb3":{"apy":0.004690130041606899,"weeklyFactor":1.51588860098857e-7}}