{"J4kicJXo4cWjJch14mY4dHsmBxrdrTYmf5WVXw5nKfsa":{"apy":0.07035143270424093,"weeklyFactor":0.0000033084647753686948},"GzBARnifWFUkbxNM6wwSuARxB8JdEX1MPJoa9wQu1sqP":{"apy":0.07035143270424093,"weeklyFactor":0.0000033084647753686948},"CBk6Cwj97JELHTswNckDwFfvFHEXgw7PRqGCGnKiX9f3":{"apy":0.019898689691255633,"weeklyFactor":0.0000011649974507761296},"HgUyEp2wcouZ4H4arur44JFMwM2CDtw6as1EJmUmnJb3":{"apy":0.015410968919349344,"weeklyFactor":7.503634651228276e-7}}