{"CBk6Cwj97JELHTswNckDwFfvFHEXgw7PRqGCGnKiX9f3":{"apy":0.016880743312674973,"weeklyFactor":8.723709688756844e-7},"HgUyEp2wcouZ4H4arur44JFMwM2CDtw6as1EJmUmnJb3":{"apy":0.005348766319990261,"weeklyFactor":1.770576405967925e-7},"J4kicJXo4cWjJch14mY4dHsmBxrdrTYmf5WVXw5nKfsa":{"apy":0.08017856633892873,"weeklyFactor":0.000004092311651918658},"GzBARnifWFUkbxNM6wwSuARxB8JdEX1MPJoa9wQu1sqP":{"apy":0.08017856633892873,"weeklyFactor":0.000004092311651918658}}