{"J4kicJXo4cWjJch14mY4dHsmBxrdrTYmf5WVXw5nKfsa":{"apy":0.4190233875259963,"weeklyFactor":0.0007301250304642257},"GzBARnifWFUkbxNM6wwSuARxB8JdEX1MPJoa9wQu1sqP":{"apy":0.4190233875259963,"weeklyFactor":0.0007301250304642257},"CBk6Cwj97JELHTswNckDwFfvFHEXgw7PRqGCGnKiX9f3":{"apy":0.10945449312660394,"weeklyFactor":0.0007281382135019973}}