{"CBk6Cwj97JELHTswNckDwFfvFHEXgw7PRqGCGnKiX9f3":{"apy":0.10048458312268416,"weeklyFactor":0.0003934354548618629},"GzBARnifWFUkbxNM6wwSuARxB8JdEX1MPJoa9wQu1sqP":{"apy":0.37594329287309325,"weeklyFactor":0.0003960587885053058},"HgUyEp2wcouZ4H4arur44JFMwM2CDtw6as1EJmUmnJb3":{"apy":0.10046437014552545,"weeklyFactor":0.00039288991576031366},"J4kicJXo4cWjJch14mY4dHsmBxrdrTYmf5WVXw5nKfsa":{"apy":0.37594329287309325,"weeklyFactor":0.0003960587885053058}}