{"J4kicJXo4cWjJch14mY4dHsmBxrdrTYmf5WVXw5nKfsa":{"apy":0.4516877057221036,"weeklyFactor":0.0011599179131565021},"GzBARnifWFUkbxNM6wwSuARxB8JdEX1MPJoa9wQu1sqP":{"apy":0.4516877057221036,"weeklyFactor":0.0011599179131565021},"CBk6Cwj97JELHTswNckDwFfvFHEXgw7PRqGCGnKiX9f3":{"apy":0.1161971659820571,"weeklyFactor":0.001156361288706866},"HgUyEp2wcouZ4H4arur44JFMwM2CDtw6as1EJmUmnJb3":{"apy":0.11618707637035541,"weeklyFactor":0.0011555613030516702}}