{"J4kicJXo4cWjJch14mY4dHsmBxrdrTYmf5WVXw5nKfsa":{"apy":0.06186726680350585,"weeklyFactor":0.000002714268173504352},"CBk6Cwj97JELHTswNckDwFfvFHEXgw7PRqGCGnKiX9f3":{"apy":0.012796984999385863,"weeklyFactor":5.615727255526244e-7},"GzBARnifWFUkbxNM6wwSuARxB8JdEX1MPJoa9wQu1sqP":{"apy":0.06186726680350585,"weeklyFactor":0.000002714268173504352},"HgUyEp2wcouZ4H4arur44JFMwM2CDtw6as1EJmUmnJb3":{"apy":0.004498271139619092,"weeklyFactor":1.4438383919183833e-7}}