{"2susv1zhJbuRoCFSfsAf9ruBqemt9B5twrUb8HH9b9aT":{"apy":42.18572470031159,"apySingleTick":45.20524128639796}}