{"CBk6Cwj97JELHTswNckDwFfvFHEXgw7PRqGCGnKiX9f3":{"apy":0.012762058806203846,"weeklyFactor":5.592724897901184e-7},"GzBARnifWFUkbxNM6wwSuARxB8JdEX1MPJoa9wQu1sqP":{"apy":0.061698374157881375,"weeklyFactor":0.000002703150367318906},"J4kicJXo4cWjJch14mY4dHsmBxrdrTYmf5WVXw5nKfsa":{"apy":0.061698374157881375,"weeklyFactor":0.000002703150367318906},"HgUyEp2wcouZ4H4arur44JFMwM2CDtw6as1EJmUmnJb3":{"apy":0.004497599732333768,"weeklyFactor":1.4435879155166767e-7}}