{"J4kicJXo4cWjJch14mY4dHsmBxrdrTYmf5WVXw5nKfsa":{"apy":0.06288196383321676,"weeklyFactor":0.000002781626897237219},"CBk6Cwj97JELHTswNckDwFfvFHEXgw7PRqGCGnKiX9f3":{"apy":0.013006818518923602,"weeklyFactor":5.755090132214935e-7},"GzBARnifWFUkbxNM6wwSuARxB8JdEX1MPJoa9wQu1sqP":{"apy":0.06288196383321676,"weeklyFactor":0.000002781626897237219},"HgUyEp2wcouZ4H4arur44JFMwM2CDtw6as1EJmUmnJb3":{"apy":0.004500957353115176,"weeklyFactor":1.4448406310003936e-7}}