{"CBk6Cwj97JELHTswNckDwFfvFHEXgw7PRqGCGnKiX9f3":{"apy":0.08929659602050499,"weeklyFactor":0.0001824464809429686},"GzBARnifWFUkbxNM6wwSuARxB8JdEX1MPJoa9wQu1sqP":{"apy":0.3226489733272109,"weeklyFactor":0.00018526221390273537},"HgUyEp2wcouZ4H4arur44JFMwM2CDtw6as1EJmUmnJb3":{"apy":0,"weeklyFactor":0.01},"J4kicJXo4cWjJch14mY4dHsmBxrdrTYmf5WVXw5nKfsa":{"apy":0.3226489733272109,"weeklyFactor":0.00018526221390273537}}