{"J4kicJXo4cWjJch14mY4dHsmBxrdrTYmf5WVXw5nKfsa":{"apy":0.10364929840387394,"weeklyFactor":0.000006471979333963411},"CBk6Cwj97JELHTswNckDwFfvFHEXgw7PRqGCGnKiX9f3":{"apy":0.021435873625574864,"weeklyFactor":0.0000013390302070269134},"GzBARnifWFUkbxNM6wwSuARxB8JdEX1MPJoa9wQu1sqP":{"apy":0.10364929840387394,"weeklyFactor":0.000006471979333963411},"HgUyEp2wcouZ4H4arur44JFMwM2CDtw6as1EJmUmnJb3":{"apy":0.0044958142468187745,"weeklyFactor":1.442921875257351e-7}}