{"CBk6Cwj97JELHTswNckDwFfvFHEXgw7PRqGCGnKiX9f3":{"apy":0.10945995573741207,"weeklyFactor":0.0007284111597775932},"HgUyEp2wcouZ4H4arur44JFMwM2CDtw6as1EJmUmnJb3":{"apy":0.10944679819104852,"weeklyFactor":0.0007277538996697488},"J4kicJXo4cWjJch14mY4dHsmBxrdrTYmf5WVXw5nKfsa":{"apy":0.4191506891335184,"weeklyFactor":0.0007314442707962763},"GzBARnifWFUkbxNM6wwSuARxB8JdEX1MPJoa9wQu1sqP":{"apy":0.4191506891335184,"weeklyFactor":0.0007314442707962763}}