{"CBk6Cwj97JELHTswNckDwFfvFHEXgw7PRqGCGnKiX9f3":{"apy":0.012757942492602758,"weeklyFactor":5.590017527821862e-7},"J4kicJXo4cWjJch14mY4dHsmBxrdrTYmf5WVXw5nKfsa":{"apy":0.06167846890887674,"weeklyFactor":0.0000027018418051138993},"GzBARnifWFUkbxNM6wwSuARxB8JdEX1MPJoa9wQu1sqP":{"apy":0.06167846890887674,"weeklyFactor":0.0000027018418051138993},"HgUyEp2wcouZ4H4arur44JFMwM2CDtw6as1EJmUmnJb3":{"apy":0.00449701218878662,"weeklyFactor":1.4433687349414477e-7}}