{"J4kicJXo4cWjJch14mY4dHsmBxrdrTYmf5WVXw5nKfsa":{"apy":0.13873479420496437,"weeklyFactor":0.000011890157463189709},"CBk6Cwj97JELHTswNckDwFfvFHEXgw7PRqGCGnKiX9f3":{"apy":0.02869311257760465,"weeklyFactor":0.000002461041391210158},"GzBARnifWFUkbxNM6wwSuARxB8JdEX1MPJoa9wQu1sqP":{"apy":0.13873479420496437,"weeklyFactor":0.000011890157463189709},"HgUyEp2wcouZ4H4arur44JFMwM2CDtw6as1EJmUmnJb3":{"apy":0.00453948669869586,"weeklyFactor":1.4592364647958404e-7}}