{"CBk6Cwj97JELHTswNckDwFfvFHEXgw7PRqGCGnKiX9f3":{"apy":0.05413386048032098,"weeklyFactor":0.000015989239346726065},"HgUyEp2wcouZ4H4arur44JFMwM2CDtw6as1EJmUmnJb3":{"apy":0.05375565992671305,"weeklyFactor":0.000015569461479555408},"J4kicJXo4cWjJch14mY4dHsmBxrdrTYmf5WVXw5nKfsa":{"apy":0.16508378658171008,"weeklyFactor":0.00001815084123703462},"GzBARnifWFUkbxNM6wwSuARxB8JdEX1MPJoa9wQu1sqP":{"apy":0.16508378658171008,"weeklyFactor":0.00001815084123703462}}