{"J4kicJXo4cWjJch14mY4dHsmBxrdrTYmf5WVXw5nKfsa":{"apy":0.13808490063536016,"weeklyFactor":0.000011763364365780993},"CBk6Cwj97JELHTswNckDwFfvFHEXgw7PRqGCGnKiX9f3":{"apy":0.02855365876954785,"weeklyFactor":0.000002433799523954687},"GzBARnifWFUkbxNM6wwSuARxB8JdEX1MPJoa9wQu1sqP":{"apy":0.13808490063536016,"weeklyFactor":0.000011763364365780993},"HgUyEp2wcouZ4H4arur44JFMwM2CDtw6as1EJmUmnJb3":{"apy":0.004502308346743256,"weeklyFactor":1.445344763009372e-7}}