{"GzBARnifWFUkbxNM6wwSuARxB8JdEX1MPJoa9wQu1sqP":{"apy":0.11844464460557536,"weeklyFactor":0.000008434084531358656},"CBk6Cwj97JELHTswNckDwFfvFHEXgw7PRqGCGnKiX9f3":{"apy":0.024495998471185665,"weeklyFactor":0.000001745234942006353},"J4kicJXo4cWjJch14mY4dHsmBxrdrTYmf5WVXw5nKfsa":{"apy":0.11844464460557536,"weeklyFactor":0.000008434084531358656},"HgUyEp2wcouZ4H4arur44JFMwM2CDtw6as1EJmUmnJb3":{"apy":0.004512551505397866,"weeklyFactor":1.4491685850926965e-7}}