{"J4kicJXo4cWjJch14mY4dHsmBxrdrTYmf5WVXw5nKfsa":{"apy":0.3867206918162225,"weeklyFactor":0.0004616183035956674},"GzBARnifWFUkbxNM6wwSuARxB8JdEX1MPJoa9wQu1sqP":{"apy":0.3867206918162225,"weeklyFactor":0.0004616183035956674},"CBk6Cwj97JELHTswNckDwFfvFHEXgw7PRqGCGnKiX9f3":{"apy":0.1027273660207717,"weeklyFactor":0.00045891486867344464},"HgUyEp2wcouZ4H4arur44JFMwM2CDtw6as1EJmUmnJb3":{"apy":0.10270934211031868,"weeklyFactor":0.0004583475026608776}}