{"J4kicJXo4cWjJch14mY4dHsmBxrdrTYmf5WVXw5nKfsa":{"apy":0.1355035171222596,"weeklyFactor":0.000011271116615540076},"CBk6Cwj97JELHTswNckDwFfvFHEXgw7PRqGCGnKiX9f3":{"apy":0.028035984233287792,"weeklyFactor":0.0000023349229850913357},"GzBARnifWFUkbxNM6wwSuARxB8JdEX1MPJoa9wQu1sqP":{"apy":0.1355035171222596,"weeklyFactor":0.000011271116615540076},"HgUyEp2wcouZ4H4arur44JFMwM2CDtw6as1EJmUmnJb3":{"apy":0.004605194124951417,"weeklyFactor":1.4838749151313311e-7}}