{"CBk6Cwj97JELHTswNckDwFfvFHEXgw7PRqGCGnKiX9f3":{"apy":0.12069042001070507,"weeklyFactor":0.001573734347520433},"GzBARnifWFUkbxNM6wwSuARxB8JdEX1MPJoa9wQu1sqP":{"apy":0.4734204527498731,"weeklyFactor":0.0015778015464207732},"HgUyEp2wcouZ4H4arur44JFMwM2CDtw6as1EJmUmnJb3":{"apy":0.12068171472605638,"weeklyFactor":0.0015727950785353717},"J4kicJXo4cWjJch14mY4dHsmBxrdrTYmf5WVXw5nKfsa":{"apy":0.4734204527498731,"weeklyFactor":0.0015778015464207732}}