{"GzBARnifWFUkbxNM6wwSuARxB8JdEX1MPJoa9wQu1sqP":{"apy":0.06175208175485114,"weeklyFactor":0.000002706682924631097},"CBk6Cwj97JELHTswNckDwFfvFHEXgw7PRqGCGnKiX9f3":{"apy":0.012773165286028565,"weeklyFactor":5.600033637167786e-7},"J4kicJXo4cWjJch14mY4dHsmBxrdrTYmf5WVXw5nKfsa":{"apy":0.06175208175485114,"weeklyFactor":0.000002706682924631097},"HgUyEp2wcouZ4H4arur44JFMwM2CDtw6as1EJmUmnJb3":{"apy":0.004498147256559726,"weeklyFactor":1.4437921750099518e-7}}