{"CBk6Cwj97JELHTswNckDwFfvFHEXgw7PRqGCGnKiX9f3":{"apy":0.01276282014441854,"weeklyFactor":5.593225726929817e-7},"J4kicJXo4cWjJch14mY4dHsmBxrdrTYmf5WVXw5nKfsa":{"apy":0.06170205575988241,"weeklyFactor":0.0000027033924346827455},"GzBARnifWFUkbxNM6wwSuARxB8JdEX1MPJoa9wQu1sqP":{"apy":0.06170205575988241,"weeklyFactor":0.0000027033924346827455},"HgUyEp2wcouZ4H4arur44JFMwM2CDtw6as1EJmUmnJb3":{"apy":0.004497440838235889,"weeklyFactor":1.4435286398862684e-7}}