{"CBk6Cwj97JELHTswNckDwFfvFHEXgw7PRqGCGnKiX9f3":{"apy":0.11843817819350289,"weeklyFactor":0.0013484893414866686},"J4kicJXo4cWjJch14mY4dHsmBxrdrTYmf5WVXw5nKfsa":{"apy":0.4624228949779985,"weeklyFactor":0.0013503432267710964},"GzBARnifWFUkbxNM6wwSuARxB8JdEX1MPJoa9wQu1sqP":{"apy":0.4624228949779985,"weeklyFactor":0.0013503432267710964}}