{"J4kicJXo4cWjJch14mY4dHsmBxrdrTYmf5WVXw5nKfsa":{"apy":0.44070510392153484,"weeklyFactor":0.0009928056783118416},"GzBARnifWFUkbxNM6wwSuARxB8JdEX1MPJoa9wQu1sqP":{"apy":0.44070510392153484,"weeklyFactor":0.0009928056783118416},"CBk6Cwj97JELHTswNckDwFfvFHEXgw7PRqGCGnKiX9f3":{"apy":0.11394556036232739,"weeklyFactor":0.000990875161824917}}