{"HvVL7Ny8f4nF9xH6BTq7LtbjEiNgw92YhC77QDP2yjyn":{"apy":90.1875000013636,"apySingleTick":215.35727831322413},"9yAstgXzyM2qG2JpXjr7yJ5RsYomJopxiPqhsbpjAtUw":{"apy":0,"apySingleTick":0}}