{"CBk6Cwj97JELHTswNckDwFfvFHEXgw7PRqGCGnKiX9f3":{"apy":0.012757572975807818,"weeklyFactor":5.589774527698606e-7},"J4kicJXo4cWjJch14mY4dHsmBxrdrTYmf5WVXw5nKfsa":{"apy":0.06167668203747034,"weeklyFactor":0.0000027017243550543256},"GzBARnifWFUkbxNM6wwSuARxB8JdEX1MPJoa9wQu1sqP":{"apy":0.06167668203747034,"weeklyFactor":0.0000027017243550543256},"HgUyEp2wcouZ4H4arur44JFMwM2CDtw6as1EJmUmnJb3":{"apy":0.004502306609088791,"weeklyFactor":1.445344114564996e-7}}