{"GzBARnifWFUkbxNM6wwSuARxB8JdEX1MPJoa9wQu1sqP":{"apy":0.10873350422415662,"weeklyFactor":0.000007100359562434669},"CBk6Cwj97JELHTswNckDwFfvFHEXgw7PRqGCGnKiX9f3":{"apy":0.02248689319865882,"weeklyFactor":0.0000014690399094692426},"J4kicJXo4cWjJch14mY4dHsmBxrdrTYmf5WVXw5nKfsa":{"apy":0.10873350422415662,"weeklyFactor":0.000007100359562434669},"HgUyEp2wcouZ4H4arur44JFMwM2CDtw6as1EJmUmnJb3":{"apy":0.004496645497265028,"weeklyFactor":1.443231946732524e-7}}