{"CBk6Cwj97JELHTswNckDwFfvFHEXgw7PRqGCGnKiX9f3":{"apy":0.012757498164828185,"weeklyFactor":5.589725331551147e-7},"J4kicJXo4cWjJch14mY4dHsmBxrdrTYmf5WVXw5nKfsa":{"apy":0.061676320274162144,"weeklyFactor":0.000002701700576916387},"GzBARnifWFUkbxNM6wwSuARxB8JdEX1MPJoa9wQu1sqP":{"apy":0.061676320274162144,"weeklyFactor":0.000002701700576916387},"HgUyEp2wcouZ4H4arur44JFMwM2CDtw6as1EJmUmnJb3":{"apy":0.0045042989443189185,"weeklyFactor":1.4460876525553027e-7}}