{"CBk6Cwj97JELHTswNckDwFfvFHEXgw7PRqGCGnKiX9f3":{"apy":0.012757505176397288,"weeklyFactor":5.589729942386827e-7},"J4kicJXo4cWjJch14mY4dHsmBxrdrTYmf5WVXw5nKfsa":{"apy":0.061676354179973636,"weeklyFactor":0.0000027017028054869654},"GzBARnifWFUkbxNM6wwSuARxB8JdEX1MPJoa9wQu1sqP":{"apy":0.061676354179973636,"weeklyFactor":0.0000027017028054869654},"HgUyEp2wcouZ4H4arur44JFMwM2CDtw6as1EJmUmnJb3":{"apy":0.0045030806192114525,"weeklyFactor":1.4456329624753165e-7}}