{"HvVL7Ny8f4nF9xH6BTq7LtbjEiNgw92YhC77QDP2yjyn":{"apy":136.7203855079499,"apySingleTick":145.78278962457293}}