{"J4kicJXo4cWjJch14mY4dHsmBxrdrTYmf5WVXw5nKfsa":{"apy":0.09897924728234919,"weeklyFactor":0.000005933367709559477},"CBk6Cwj97JELHTswNckDwFfvFHEXgw7PRqGCGnKiX9f3":{"apy":0.020470431829289204,"weeklyFactor":0.000001227593319219203},"GzBARnifWFUkbxNM6wwSuARxB8JdEX1MPJoa9wQu1sqP":{"apy":0.09897924728234919,"weeklyFactor":0.000005933367709559477},"HgUyEp2wcouZ4H4arur44JFMwM2CDtw6as1EJmUmnJb3":{"apy":0.0044967585242083885,"weeklyFactor":1.4432741092017903e-7}}