{"J4kicJXo4cWjJch14mY4dHsmBxrdrTYmf5WVXw5nKfsa":{"apy":0.062455605635780564,"weeklyFactor":0.000002753205784930898},"GzBARnifWFUkbxNM6wwSuARxB8JdEX1MPJoa9wQu1sqP":{"apy":0.062455605635780564,"weeklyFactor":0.000002753205784930898},"CBk6Cwj97JELHTswNckDwFfvFHEXgw7PRqGCGnKiX9f3":{"apy":0.01351952051302785,"weeklyFactor":6.104168813902101e-7},"HgUyEp2wcouZ4H4arur44JFMwM2CDtw6as1EJmUmnJb3":{"apy":0.00582308814129906,"weeklyFactor":1.961255376051028e-7}}