{"GzBARnifWFUkbxNM6wwSuARxB8JdEX1MPJoa9wQu1sqP":{"apy":0.06193610712725839,"weeklyFactor":0.000002718807416137414},"CBk6Cwj97JELHTswNckDwFfvFHEXgw7PRqGCGnKiX9f3":{"apy":0.012811220836428383,"weeklyFactor":5.625118792008442e-7},"J4kicJXo4cWjJch14mY4dHsmBxrdrTYmf5WVXw5nKfsa":{"apy":0.06193610712725839,"weeklyFactor":0.000002718807416137414},"HgUyEp2wcouZ4H4arur44JFMwM2CDtw6as1EJmUmnJb3":{"apy":0.004498169333500002,"weeklyFactor":1.4438004111975594e-7}}