{"CBk6Cwj97JELHTswNckDwFfvFHEXgw7PRqGCGnKiX9f3":{"apy":0.026651681197775723,"weeklyFactor":0.0000020871417702295273},"GzBARnifWFUkbxNM6wwSuARxB8JdEX1MPJoa9wQu1sqP":{"apy":0.08179162223831415,"weeklyFactor":0.0000042317371583600525},"HgUyEp2wcouZ4H4arur44JFMwM2CDtw6as1EJmUmnJb3":{"apy":0.023990838814769155,"weeklyFactor":0.000001672166549360701},"J4kicJXo4cWjJch14mY4dHsmBxrdrTYmf5WVXw5nKfsa":{"apy":0.08179162223831415,"weeklyFactor":0.0000042317371583600525}}