{"2susv1zhJbuRoCFSfsAf9ruBqemt9B5twrUb8HH9b9aT":{"apy":34.90582236324722,"apySingleTick":37.250197773619135}}