{"CBk6Cwj97JELHTswNckDwFfvFHEXgw7PRqGCGnKiX9f3":{"apy":0.06709195099321441,"weeklyFactor":0.00003946834107614118},"GzBARnifWFUkbxNM6wwSuARxB8JdEX1MPJoa9wQu1sqP":{"apy":0.21975977545360958,"weeklyFactor":0.000041658665063421205},"HgUyEp2wcouZ4H4arur44JFMwM2CDtw6as1EJmUmnJb3":{"apy":0.06693478109760509,"weeklyFactor":0.000039040801263951374},"J4kicJXo4cWjJch14mY4dHsmBxrdrTYmf5WVXw5nKfsa":{"apy":0.21975977545360958,"weeklyFactor":0.000041658665063421205}}