{"J4kicJXo4cWjJch14mY4dHsmBxrdrTYmf5WVXw5nKfsa":{"apy":0.06582297096089373,"weeklyFactor":0.0000029824273456504447},"GzBARnifWFUkbxNM6wwSuARxB8JdEX1MPJoa9wQu1sqP":{"apy":0.06582297096089373,"weeklyFactor":0.0000029824273456504447},"CBk6Cwj97JELHTswNckDwFfvFHEXgw7PRqGCGnKiX9f3":{"apy":0.01649745578293782,"weeklyFactor":8.393583768879156e-7},"HgUyEp2wcouZ4H4arur44JFMwM2CDtw6as1EJmUmnJb3":{"apy":0.010560137203285969,"weeklyFactor":4.2484085361180497e-7}}