{"GzBARnifWFUkbxNM6wwSuARxB8JdEX1MPJoa9wQu1sqP":{"apy":0.06179661206415776,"weeklyFactor":0.000002709613897362087},"CBk6Cwj97JELHTswNckDwFfvFHEXgw7PRqGCGnKiX9f3":{"apy":0.012782373942132885,"weeklyFactor":5.606097718680178e-7},"J4kicJXo4cWjJch14mY4dHsmBxrdrTYmf5WVXw5nKfsa":{"apy":0.06179661206415776,"weeklyFactor":0.000002709613897362087},"HgUyEp2wcouZ4H4arur44JFMwM2CDtw6as1EJmUmnJb3":{"apy":0.004498927877061298,"weeklyFactor":1.4440834067279972e-7}}