{"J4kicJXo4cWjJch14mY4dHsmBxrdrTYmf5WVXw5nKfsa":{"apy":0.11857770816134927,"weeklyFactor":0.000008453664698128204},"CBk6Cwj97JELHTswNckDwFfvFHEXgw7PRqGCGnKiX9f3":{"apy":0.024602177987831375,"weeklyFactor":0.0000017609179796227558},"GzBARnifWFUkbxNM6wwSuARxB8JdEX1MPJoa9wQu1sqP":{"apy":0.11857770816134927,"weeklyFactor":0.000008453664698128204},"HgUyEp2wcouZ4H4arur44JFMwM2CDtw6as1EJmUmnJb3":{"apy":0.00490162622648338,"weeklyFactor":1.596420496883654e-7}}