{"GzBARnifWFUkbxNM6wwSuARxB8JdEX1MPJoa9wQu1sqP":{"apy":0.06167639749650178,"weeklyFactor":0.000002701705652610063},"CBk6Cwj97JELHTswNckDwFfvFHEXgw7PRqGCGnKiX9f3":{"apy":0.012757514134054126,"weeklyFactor":5.589735832986339e-7},"J4kicJXo4cWjJch14mY4dHsmBxrdrTYmf5WVXw5nKfsa":{"apy":0.06167639749650178,"weeklyFactor":0.000002701705652610063},"HgUyEp2wcouZ4H4arur44JFMwM2CDtw6as1EJmUmnJb3":{"apy":0.0045027451439860755,"weeklyFactor":1.4455077667261308e-7}}