{"CBk6Cwj97JELHTswNckDwFfvFHEXgw7PRqGCGnKiX9f3":{"apy":0.013321201101690328,"weeklyFactor":5.967682373652199e-7},"GzBARnifWFUkbxNM6wwSuARxB8JdEX1MPJoa9wQu1sqP":{"apy":0.06224968402568365,"weeklyFactor":0.0000027395404444546665},"HgUyEp2wcouZ4H4arur44JFMwM2CDtw6as1EJmUmnJb3":{"apy":0.0054851650999721,"weeklyFactor":1.8247747952346865e-7},"J4kicJXo4cWjJch14mY4dHsmBxrdrTYmf5WVXw5nKfsa":{"apy":0.06224968402568365,"weeklyFactor":0.0000027395404444546665}}