{"CBk6Cwj97JELHTswNckDwFfvFHEXgw7PRqGCGnKiX9f3":{"apy":0.012757734218959982,"weeklyFactor":5.589880563006292e-7},"J4kicJXo4cWjJch14mY4dHsmBxrdrTYmf5WVXw5nKfsa":{"apy":0.061677461760578645,"weeklyFactor":0.000002701775605453041},"GzBARnifWFUkbxNM6wwSuARxB8JdEX1MPJoa9wQu1sqP":{"apy":0.061677461760578645,"weeklyFactor":0.000002701775605453041},"HgUyEp2wcouZ4H4arur44JFMwM2CDtw6as1EJmUmnJb3":{"apy":0.004498600640556738,"weeklyFactor":1.443961320342734e-7}}