{"CBk6Cwj97JELHTswNckDwFfvFHEXgw7PRqGCGnKiX9f3":{"apy":0.0759185256079764,"weeklyFactor":0.00007264338184586642},"HgUyEp2wcouZ4H4arur44JFMwM2CDtw6as1EJmUmnJb3":{"apy":0.07583072493306808,"weeklyFactor":0.00007220479485250325},"J4kicJXo4cWjJch14mY4dHsmBxrdrTYmf5WVXw5nKfsa":{"apy":0.2597401782648223,"weeklyFactor":0.0000748742890185256},"GzBARnifWFUkbxNM6wwSuARxB8JdEX1MPJoa9wQu1sqP":{"apy":0.2597401782648223,"weeklyFactor":0.0000748742890185256}}