{"J4kicJXo4cWjJch14mY4dHsmBxrdrTYmf5WVXw5nKfsa":{"apy":0.061899047613311886,"weeklyFactor":0.000002716363208565765},"CBk6Cwj97JELHTswNckDwFfvFHEXgw7PRqGCGnKiX9f3":{"apy":0.012803557113971742,"weeklyFactor":5.62006181082572e-7},"GzBARnifWFUkbxNM6wwSuARxB8JdEX1MPJoa9wQu1sqP":{"apy":0.061899047613311886,"weeklyFactor":0.000002716363208565765},"HgUyEp2wcouZ4H4arur44JFMwM2CDtw6as1EJmUmnJb3":{"apy":0.004498224152271746,"weeklyFactor":1.4438208623549263e-7}}