{"CBk6Cwj97JELHTswNckDwFfvFHEXgw7PRqGCGnKiX9f3":9.209886187022676e-8,"J4kicJXo4cWjJch14mY4dHsmBxrdrTYmf5WVXw5nKfsa":4.4514447683496883e-7,"GzBARnifWFUkbxNM6wwSuARxB8JdEX1MPJoa9wQu1sqP":4.4514447683496883e-7}