{"CBk6Cwj97JELHTswNckDwFfvFHEXgw7PRqGCGnKiX9f3":{"apy":0.01275882126066108,"weeklyFactor":5.590595444445289e-7},"J4kicJXo4cWjJch14mY4dHsmBxrdrTYmf5WVXw5nKfsa":{"apy":0.061682718365485556,"weeklyFactor":0.0000027021211314818894},"GzBARnifWFUkbxNM6wwSuARxB8JdEX1MPJoa9wQu1sqP":{"apy":0.061682718365485556,"weeklyFactor":0.0000027021211314818894},"HgUyEp2wcouZ4H4arur44JFMwM2CDtw6as1EJmUmnJb3":{"apy":0.004496865037251219,"weeklyFactor":1.4433138420812903e-7}}