{"CBk6Cwj97JELHTswNckDwFfvFHEXgw7PRqGCGnKiX9f3":{"apy":0.023591975384285035,"weeklyFactor":0.0000016162363478646827},"GzBARnifWFUkbxNM6wwSuARxB8JdEX1MPJoa9wQu1sqP":{"apy":0.11407297932997107,"weeklyFactor":0.000007810914386512081},"J4kicJXo4cWjJch14mY4dHsmBxrdrTYmf5WVXw5nKfsa":{"apy":0.11407297932997107,"weeklyFactor":0.000007810914386512081},"HgUyEp2wcouZ4H4arur44JFMwM2CDtw6as1EJmUmnJb3":{"apy":0.004510653558442712,"weeklyFactor":1.4484598691370405e-7}}