{"CBk6Cwj97JELHTswNckDwFfvFHEXgw7PRqGCGnKiX9f3":{"apy":0.018318249469451153,"weeklyFactor":0.0000010042151863018138},"HgUyEp2wcouZ4H4arur44JFMwM2CDtw6as1EJmUmnJb3":{"apy":0.01321589626022135,"weeklyFactor":5.895961507042992e-7},"J4kicJXo4cWjJch14mY4dHsmBxrdrTYmf5WVXw5nKfsa":{"apy":0.06815186774435933,"weeklyFactor":0.0000031474858251844767},"GzBARnifWFUkbxNM6wwSuARxB8JdEX1MPJoa9wQu1sqP":{"apy":0.06815186774435933,"weeklyFactor":0.0000031474858251844767}}