{"CBk6Cwj97JELHTswNckDwFfvFHEXgw7PRqGCGnKiX9f3":{"apy":0.14316329396117933,"weeklyFactor":0.007347087074202058},"GzBARnifWFUkbxNM6wwSuARxB8JdEX1MPJoa9wQu1sqP":{"apy":0.582237776590766,"weeklyFactor":0.007347655552520831},"J4kicJXo4cWjJch14mY4dHsmBxrdrTYmf5WVXw5nKfsa":{"apy":0.582237776590766,"weeklyFactor":0.007347655552520831}}