{"CBk6Cwj97JELHTswNckDwFfvFHEXgw7PRqGCGnKiX9f3":{"apy":0.012769008164292828,"weeklyFactor":5.597297345847394e-7},"J4kicJXo4cWjJch14mY4dHsmBxrdrTYmf5WVXw5nKfsa":{"apy":0.06173197916137241,"weeklyFactor":0.000002705360383826241},"GzBARnifWFUkbxNM6wwSuARxB8JdEX1MPJoa9wQu1sqP":{"apy":0.06173197916137241,"weeklyFactor":0.000002705360383826241},"HgUyEp2wcouZ4H4arur44JFMwM2CDtw6as1EJmUmnJb3":{"apy":0.004497947655113244,"weeklyFactor":1.4437177107673397e-7}}