{"CBk6Cwj97JELHTswNckDwFfvFHEXgw7PRqGCGnKiX9f3":{"apy":0.04788627449245908,"weeklyFactor":0.000010275991667417474},"GzBARnifWFUkbxNM6wwSuARxB8JdEX1MPJoa9wQu1sqP":{"apy":0.14143968636017856,"weeklyFactor":0.000012430604514628958},"HgUyEp2wcouZ4H4arur44JFMwM2CDtw6as1EJmUmnJb3":{"apy":0.04730435645610154,"weeklyFactor":0.000009858156913756717},"J4kicJXo4cWjJch14mY4dHsmBxrdrTYmf5WVXw5nKfsa":{"apy":0.14143968636017856,"weeklyFactor":0.000012430604514628958}}