{"J4kicJXo4cWjJch14mY4dHsmBxrdrTYmf5WVXw5nKfsa":{"apy":0.19140701291526785,"weeklyFactor":0.000027234365291595448},"GzBARnifWFUkbxNM6wwSuARxB8JdEX1MPJoa9wQu1sqP":{"apy":0.19140701291526785,"weeklyFactor":0.000027234365291595448},"CBk6Cwj97JELHTswNckDwFfvFHEXgw7PRqGCGnKiX9f3":{"apy":0.06055546396577238,"weeklyFactor":0.00002506166505970221},"HgUyEp2wcouZ4H4arur44JFMwM2CDtw6as1EJmUmnJb3":{"apy":0.06031137403339493,"weeklyFactor":0.000024638853666567652}}