{"CBk6Cwj97JELHTswNckDwFfvFHEXgw7PRqGCGnKiX9f3":{"apy":0.13192419290932733,"weeklyFactor":0.003399997822046847},"HgUyEp2wcouZ4H4arur44JFMwM2CDtw6as1EJmUmnJb3":{"apy":0.13192103684500633,"weeklyFactor":0.003399262166018044},"J4kicJXo4cWjJch14mY4dHsmBxrdrTYmf5WVXw5nKfsa":{"apy":0.5277668930602664,"weeklyFactor":0.0034031835181437308},"GzBARnifWFUkbxNM6wwSuARxB8JdEX1MPJoa9wQu1sqP":{"apy":0.5277668930602664,"weeklyFactor":0.0034031835181437308}}