{"CBk6Cwj97JELHTswNckDwFfvFHEXgw7PRqGCGnKiX9f3":{"apy":0.012757499535420713,"weeklyFactor":5.589726232854773e-7},"J4kicJXo4cWjJch14mY4dHsmBxrdrTYmf5WVXw5nKfsa":{"apy":0.06167632690190494,"weeklyFactor":0.000002701701012546473},"GzBARnifWFUkbxNM6wwSuARxB8JdEX1MPJoa9wQu1sqP":{"apy":0.06167632690190494,"weeklyFactor":0.000002701701012546473},"HgUyEp2wcouZ4H4arur44JFMwM2CDtw6as1EJmUmnJb3":{"apy":0.004503966788638181,"weeklyFactor":1.4459636852415655e-7}}