{"2susv1zhJbuRoCFSfsAf9ruBqemt9B5twrUb8HH9b9aT":{"apy":49.72707811323851,"apySingleTick":59.019227307743094}}