{"CBk6Cwj97JELHTswNckDwFfvFHEXgw7PRqGCGnKiX9f3":{"apy":0.08928721859216004,"weeklyFactor":0.00018232892087040905},"GzBARnifWFUkbxNM6wwSuARxB8JdEX1MPJoa9wQu1sqP":{"apy":0.32243423603459664,"weeklyFactor":0.0001846940068853655},"HgUyEp2wcouZ4H4arur44JFMwM2CDtw6as1EJmUmnJb3":{"apy":0.08924925813773577,"weeklyFactor":0.00018185380153770068},"J4kicJXo4cWjJch14mY4dHsmBxrdrTYmf5WVXw5nKfsa":{"apy":0.32243423603459664,"weeklyFactor":0.0001846940068853655}}