{"J4kicJXo4cWjJch14mY4dHsmBxrdrTYmf5WVXw5nKfsa":{"apy":0.24956474236275117,"weeklyFactor":0.00006456391886775565},"GzBARnifWFUkbxNM6wwSuARxB8JdEX1MPJoa9wQu1sqP":{"apy":0.24956474236275117,"weeklyFactor":0.00006456391886775565},"CBk6Cwj97JELHTswNckDwFfvFHEXgw7PRqGCGnKiX9f3":{"apy":0.07370311089054393,"weeklyFactor":0.00006234560900965306},"HgUyEp2wcouZ4H4arur44JFMwM2CDtw6as1EJmUmnJb3":{"apy":0.07360165432737098,"weeklyFactor":0.0000619104519245642}}