{"J4kicJXo4cWjJch14mY4dHsmBxrdrTYmf5WVXw5nKfsa":{"apy":0.06394480243876455,"weeklyFactor":0.000002853228691890093},"GzBARnifWFUkbxNM6wwSuARxB8JdEX1MPJoa9wQu1sqP":{"apy":0.06394480243876455,"weeklyFactor":0.000002853228691890093},"CBk6Cwj97JELHTswNckDwFfvFHEXgw7PRqGCGnKiX9f3":{"apy":0.01489433292474196,"weeklyFactor":7.10317579349786e-7},"HgUyEp2wcouZ4H4arur44JFMwM2CDtw6as1EJmUmnJb3":{"apy":0.008082376463436347,"weeklyFactor":2.959775769384828e-7}}