{"CBk6Cwj97JELHTswNckDwFfvFHEXgw7PRqGCGnKiX9f3":{"apy":0.03450213641063016,"weeklyFactor":0.000003861949031523618},"HgUyEp2wcouZ4H4arur44JFMwM2CDtw6as1EJmUmnJb3":{"apy":0.03300654852387286,"weeklyFactor":0.0000034463202145677135},"J4kicJXo4cWjJch14mY4dHsmBxrdrTYmf5WVXw5nKfsa":{"apy":0.0996514542670468,"weeklyFactor":0.000006008715549829908},"GzBARnifWFUkbxNM6wwSuARxB8JdEX1MPJoa9wQu1sqP":{"apy":0.0996514542670468,"weeklyFactor":0.000006008715549829908}}