{"CBk6Cwj97JELHTswNckDwFfvFHEXgw7PRqGCGnKiX9f3":{"apy":0.012757494380166712,"weeklyFactor":5.589722842736884e-7},"J4kicJXo4cWjJch14mY4dHsmBxrdrTYmf5WVXw5nKfsa":{"apy":0.061676301972646286,"weeklyFactor":0.000002701699373989494},"GzBARnifWFUkbxNM6wwSuARxB8JdEX1MPJoa9wQu1sqP":{"apy":0.061676301972646286,"weeklyFactor":0.000002701699373989494},"HgUyEp2wcouZ4H4arur44JFMwM2CDtw6as1EJmUmnJb3":{"apy":0.004505831446044439,"weeklyFactor":1.4466596502191654e-7}}