{"GzBARnifWFUkbxNM6wwSuARxB8JdEX1MPJoa9wQu1sqP":{"apy":0.06901330537487649,"weeklyFactor":0.0000032099340482372825},"CBk6Cwj97JELHTswNckDwFfvFHEXgw7PRqGCGnKiX9f3":{"apy":0.014274708838435402,"weeklyFactor":6.641242858421962e-7},"J4kicJXo4cWjJch14mY4dHsmBxrdrTYmf5WVXw5nKfsa":{"apy":0.06901330537487649,"weeklyFactor":0.0000032099340482372825},"HgUyEp2wcouZ4H4arur44JFMwM2CDtw6as1EJmUmnJb3":{"apy":0.004497919208668044,"weeklyFactor":1.4437070984882415e-7}}