{"GzBARnifWFUkbxNM6wwSuARxB8JdEX1MPJoa9wQu1sqP":{"apy":0.13933445243705656,"weeklyFactor":0.000012008190238863585},"CBk6Cwj97JELHTswNckDwFfvFHEXgw7PRqGCGnKiX9f3":{"apy":0.02881511263266301,"weeklyFactor":0.000002485088440115393},"J4kicJXo4cWjJch14mY4dHsmBxrdrTYmf5WVXw5nKfsa":{"apy":0.13933445243705656,"weeklyFactor":0.000012008190238863585},"HgUyEp2wcouZ4H4arur44JFMwM2CDtw6as1EJmUmnJb3":{"apy":0.004527136618848182,"weeklyFactor":1.4546179216239996e-7}}