{"CBk6Cwj97JELHTswNckDwFfvFHEXgw7PRqGCGnKiX9f3":{"apy":0.08258959739955163,"weeklyFactor":0.00011502634504676305},"GzBARnifWFUkbxNM6wwSuARxB8JdEX1MPJoa9wQu1sqP":{"apy":0.2907965553595959,"weeklyFactor":0.00011730909950016676},"HgUyEp2wcouZ4H4arur44JFMwM2CDtw6as1EJmUmnJb3":{"apy":0.08253232158390578,"weeklyFactor":0.00011457378049300253},"J4kicJXo4cWjJch14mY4dHsmBxrdrTYmf5WVXw5nKfsa":{"apy":0.2907965553595959,"weeklyFactor":0.00011730909950016676}}