{"CBk6Cwj97JELHTswNckDwFfvFHEXgw7PRqGCGnKiX9f3":{"apy":0.09152389324682542,"weeklyFactor":0.00021262391235008174},"GzBARnifWFUkbxNM6wwSuARxB8JdEX1MPJoa9wQu1sqP":{"apy":0.3330725523568612,"weeklyFactor":0.00021502605837240378},"HgUyEp2wcouZ4H4arur44JFMwM2CDtw6as1EJmUmnJb3":{"apy":0.09149064277658159,"weeklyFactor":0.00021213867874075092},"J4kicJXo4cWjJch14mY4dHsmBxrdrTYmf5WVXw5nKfsa":{"apy":0.3330725523568612,"weeklyFactor":0.00021502605837240378}}