{"J4kicJXo4cWjJch14mY4dHsmBxrdrTYmf5WVXw5nKfsa":{"apy":0.1141949736765735,"weeklyFactor":0.00000782778566503247},"GzBARnifWFUkbxNM6wwSuARxB8JdEX1MPJoa9wQu1sqP":{"apy":0.1141949736765735,"weeklyFactor":0.00000782778566503247},"CBk6Cwj97JELHTswNckDwFfvFHEXgw7PRqGCGnKiX9f3":{"apy":0.023715588214479055,"weeklyFactor":0.0000016334064165701365},"HgUyEp2wcouZ4H4arur44JFMwM2CDtw6as1EJmUmnJb3":{"apy":0.004966486129043268,"weeklyFactor":1.6213524844583316e-7}}