{"GzBARnifWFUkbxNM6wwSuARxB8JdEX1MPJoa9wQu1sqP":{"apy":0.06215688762825078,"weeklyFactor":0.000002733395337099377},"CBk6Cwj97JELHTswNckDwFfvFHEXgw7PRqGCGnKiX9f3":{"apy":0.01285687709509098,"weeklyFactor":5.655300697446988e-7},"J4kicJXo4cWjJch14mY4dHsmBxrdrTYmf5WVXw5nKfsa":{"apy":0.06215688762825078,"weeklyFactor":0.000002733395337099377},"HgUyEp2wcouZ4H4arur44JFMwM2CDtw6as1EJmUmnJb3":{"apy":0.0045005391022368,"weeklyFactor":1.4446845674517197e-7}}