{"CBk6Cwj97JELHTswNckDwFfvFHEXgw7PRqGCGnKiX9f3":{"apy":0.12967438861650749,"weeklyFactor":0.002913967629411435},"J4kicJXo4cWjJch14mY4dHsmBxrdrTYmf5WVXw5nKfsa":{"apy":0.5168262307190252,"weeklyFactor":0.0029154860568462873},"GzBARnifWFUkbxNM6wwSuARxB8JdEX1MPJoa9wQu1sqP":{"apy":0.5168262307190252,"weeklyFactor":0.0029154860568462873}}