{"CBk6Cwj97JELHTswNckDwFfvFHEXgw7PRqGCGnKiX9f3":{"apy":0.019069031441620865,"weeklyFactor":0.0000010784223852899596},"GzBARnifWFUkbxNM6wwSuARxB8JdEX1MPJoa9wQu1sqP":{"apy":0.06917558457313344,"weeklyFactor":0.0000032217838021925773},"HgUyEp2wcouZ4H4arur44JFMwM2CDtw6as1EJmUmnJb3":{"apy":0.014270215805489705,"weeklyFactor":6.637964496666968e-7},"J4kicJXo4cWjJch14mY4dHsmBxrdrTYmf5WVXw5nKfsa":{"apy":0.06917558457313344,"weeklyFactor":0.0000032217838021925773}}