{"J4kicJXo4cWjJch14mY4dHsmBxrdrTYmf5WVXw5nKfsa":{"apy":0.06467789605109076,"weeklyFactor":0.0000029032488712310654},"CBk6Cwj97JELHTswNckDwFfvFHEXgw7PRqGCGnKiX9f3":{"apy":0.013378202852987187,"weeklyFactor":6.00672180254703e-7},"GzBARnifWFUkbxNM6wwSuARxB8JdEX1MPJoa9wQu1sqP":{"apy":0.06467789605109076,"weeklyFactor":0.0000029032488712310654},"HgUyEp2wcouZ4H4arur44JFMwM2CDtw6as1EJmUmnJb3":{"apy":0.004498549708387145,"weeklyFactor":1.4439423186676054e-7}}