{"GzBARnifWFUkbxNM6wwSuARxB8JdEX1MPJoa9wQu1sqP":{"apy":0.06184001470233014,"weeklyFactor":0.000002712472429165998},"CBk6Cwj97JELHTswNckDwFfvFHEXgw7PRqGCGnKiX9f3":{"apy":0.01279134939806692,"weeklyFactor":5.612011922412408e-7},"J4kicJXo4cWjJch14mY4dHsmBxrdrTYmf5WVXw5nKfsa":{"apy":0.06184001470233014,"weeklyFactor":0.000002712472429165998},"HgUyEp2wcouZ4H4arur44JFMwM2CDtw6as1EJmUmnJb3":{"apy":0.004498311414380396,"weeklyFactor":1.4438534172584895e-7}}