{"CBk6Cwj97JELHTswNckDwFfvFHEXgw7PRqGCGnKiX9f3":{"apy":0.1161917003428048,"weeklyFactor":0.0011559278601303408},"GzBARnifWFUkbxNM6wwSuARxB8JdEX1MPJoa9wQu1sqP":{"apy":0.4515600641812778,"weeklyFactor":0.0011578230083699593},"J4kicJXo4cWjJch14mY4dHsmBxrdrTYmf5WVXw5nKfsa":{"apy":0.4515600641812778,"weeklyFactor":0.0011578230083699593}}