{"EfAJjXZppDeQPRpfjkndsPjUrp6hjcMuACHhghNmYE1t":{"apy":0.000004655750069026965,"apySingleTick":0.00000596249745687949},"9yAstgXzyM2qG2JpXjr7yJ5RsYomJopxiPqhsbpjAtUw":{"apy":0,"apySingleTick":0}}