{"J4kicJXo4cWjJch14mY4dHsmBxrdrTYmf5WVXw5nKfsa":{"apy":0.13367108983082243,"weeklyFactor":0.000010932458569564713},"CBk6Cwj97JELHTswNckDwFfvFHEXgw7PRqGCGnKiX9f3":{"apy":0.027663542872469193,"weeklyFactor":0.000002265927517118759},"GzBARnifWFUkbxNM6wwSuARxB8JdEX1MPJoa9wQu1sqP":{"apy":0.13367108983082243,"weeklyFactor":0.000010932458569564713},"HgUyEp2wcouZ4H4arur44JFMwM2CDtw6as1EJmUmnJb3":{"apy":0.004642048700542745,"weeklyFactor":1.4977430684180133e-7}}