{"J4kicJXo4cWjJch14mY4dHsmBxrdrTYmf5WVXw5nKfsa":{"apy":0.062437944880677776,"weeklyFactor":0.000002752032219013105},"CBk6Cwj97JELHTswNckDwFfvFHEXgw7PRqGCGnKiX9f3":{"apy":0.012914998156676738,"weeklyFactor":5.693859763475391e-7},"GzBARnifWFUkbxNM6wwSuARxB8JdEX1MPJoa9wQu1sqP":{"apy":0.062437944880677776,"weeklyFactor":0.000002752032219013105},"HgUyEp2wcouZ4H4arur44JFMwM2CDtw6as1EJmUmnJb3":{"apy":0.004501030440229314,"weeklyFactor":1.4448679027295684e-7}}