{"J4kicJXo4cWjJch14mY4dHsmBxrdrTYmf5WVXw5nKfsa":{"apy":0.06208842972981188,"weeklyFactor":0.0000027288671408188764},"CBk6Cwj97JELHTswNckDwFfvFHEXgw7PRqGCGnKiX9f3":{"apy":0.012842720366501581,"weeklyFactor":5.645932015487331e-7},"GzBARnifWFUkbxNM6wwSuARxB8JdEX1MPJoa9wQu1sqP":{"apy":0.06208842972981188,"weeklyFactor":0.0000027288671408188764},"HgUyEp2wcouZ4H4arur44JFMwM2CDtw6as1EJmUmnJb3":{"apy":0.004499703648042086,"weeklyFactor":1.4443728446518624e-7}}