{"GzBARnifWFUkbxNM6wwSuARxB8JdEX1MPJoa9wQu1sqP":{"apy":0.06232963817920378,"weeklyFactor":0.000002744841611030643},"CBk6Cwj97JELHTswNckDwFfvFHEXgw7PRqGCGnKiX9f3":{"apy":0.012892600954317324,"weeklyFactor":5.678982643511676e-7},"J4kicJXo4cWjJch14mY4dHsmBxrdrTYmf5WVXw5nKfsa":{"apy":0.06232963817920378,"weeklyFactor":0.000002744841611030643},"HgUyEp2wcouZ4H4arur44JFMwM2CDtw6as1EJmUmnJb3":{"apy":0.004501229371745019,"weeklyFactor":1.444942132749405e-7}}