{"CBk6Cwj97JELHTswNckDwFfvFHEXgw7PRqGCGnKiX9f3":{"apy":0.012758468065343642,"weeklyFactor":5.59036316343903e-7},"J4kicJXo4cWjJch14mY4dHsmBxrdrTYmf5WVXw5nKfsa":{"apy":0.06168101041967855,"weeklyFactor":0.0000027020088623288647},"GzBARnifWFUkbxNM6wwSuARxB8JdEX1MPJoa9wQu1sqP":{"apy":0.06168101041967855,"weeklyFactor":0.0000027020088623288647},"HgUyEp2wcouZ4H4arur44JFMwM2CDtw6as1EJmUmnJb3":{"apy":0.004497278609849609,"weeklyFactor":1.4434681210635046e-7}}