{"J4kicJXo4cWjJch14mY4dHsmBxrdrTYmf5WVXw5nKfsa":{"apy":0.3122631391333508,"weeklyFactor":0.00015966549940904986},"GzBARnifWFUkbxNM6wwSuARxB8JdEX1MPJoa9wQu1sqP":{"apy":0.3122631391333508,"weeklyFactor":0.00015966549940904986},"CBk6Cwj97JELHTswNckDwFfvFHEXgw7PRqGCGnKiX9f3":{"apy":0.0870710658238183,"weeklyFactor":0.00015656255644708452},"HgUyEp2wcouZ4H4arur44JFMwM2CDtw6as1EJmUmnJb3":{"apy":0,"weeklyFactor":0.01}}