{"GzBARnifWFUkbxNM6wwSuARxB8JdEX1MPJoa9wQu1sqP":{"apy":0.061677024389372725,"weeklyFactor":0.0000027017468574230688},"CBk6Cwj97JELHTswNckDwFfvFHEXgw7PRqGCGnKiX9f3":{"apy":0.012757643772620675,"weeklyFactor":5.589821084323591e-7},"J4kicJXo4cWjJch14mY4dHsmBxrdrTYmf5WVXw5nKfsa":{"apy":0.061677024389372725,"weeklyFactor":0.0000027017468574230688},"HgUyEp2wcouZ4H4arur44JFMwM2CDtw6as1EJmUmnJb3":{"apy":0.00450145845600769,"weeklyFactor":1.4450276153280872e-7}}