{"CBk6Cwj97JELHTswNckDwFfvFHEXgw7PRqGCGnKiX9f3":{"apy":0.14316366270668013,"weeklyFactor":0.007347272798431288},"HgUyEp2wcouZ4H4arur44JFMwM2CDtw6as1EJmUmnJb3":{"apy":0.14316307557182828,"weeklyFactor":0.007346977081315846},"J4kicJXo4cWjJch14mY4dHsmBxrdrTYmf5WVXw5nKfsa":{"apy":0.5822464257757121,"weeklyFactor":0.007348553219628779},"GzBARnifWFUkbxNM6wwSuARxB8JdEX1MPJoa9wQu1sqP":{"apy":0.5822464257757121,"weeklyFactor":0.007348553219628779}}