{"GzBARnifWFUkbxNM6wwSuARxB8JdEX1MPJoa9wQu1sqP":{"apy":0.07299571853098819,"weeklyFactor":0.0000035087580427182046},"CBk6Cwj97JELHTswNckDwFfvFHEXgw7PRqGCGnKiX9f3":{"apy":0.015098192686036072,"weeklyFactor":7.259499398727318e-7},"J4kicJXo4cWjJch14mY4dHsmBxrdrTYmf5WVXw5nKfsa":{"apy":0.07299571853098819,"weeklyFactor":0.0000035087580427182046},"HgUyEp2wcouZ4H4arur44JFMwM2CDtw6as1EJmUmnJb3":{"apy":0.004498441016109744,"weeklyFactor":1.4439017681687314e-7}}