{"CBk6Cwj97JELHTswNckDwFfvFHEXgw7PRqGCGnKiX9f3":{"apy":0.01406739791107725,"weeklyFactor":6.491025296323022e-7},"GzBARnifWFUkbxNM6wwSuARxB8JdEX1MPJoa9wQu1sqP":{"apy":0.06801075813842594,"weeklyFactor":0.0000031373288932227956},"J4kicJXo4cWjJch14mY4dHsmBxrdrTYmf5WVXw5nKfsa":{"apy":0.06801075813842594,"weeklyFactor":0.0000031373288932227956},"HgUyEp2wcouZ4H4arur44JFMwM2CDtw6as1EJmUmnJb3":{"apy":0.004497457373764391,"weeklyFactor":1.4435348084514776e-7}}