{"J4kicJXo4cWjJch14mY4dHsmBxrdrTYmf5WVXw5nKfsa":{"apy":0.11067918062166449,"weeklyFactor":0.00000735307509642072},"CBk6Cwj97JELHTswNckDwFfvFHEXgw7PRqGCGnKiX9f3":{"apy":0.022890128760089112,"weeklyFactor":0.0000015214618705361085},"GzBARnifWFUkbxNM6wwSuARxB8JdEX1MPJoa9wQu1sqP":{"apy":0.11067918062166449,"weeklyFactor":0.00000735307509642072},"HgUyEp2wcouZ4H4arur44JFMwM2CDtw6as1EJmUmnJb3":{"apy":0.004507100154871324,"weeklyFactor":1.4471332341883507e-7}}