{"CBk6Cwj97JELHTswNckDwFfvFHEXgw7PRqGCGnKiX9f3":{"apy":0.127426731232827,"weeklyFactor":0.002497766392637283},"J4kicJXo4cWjJch14mY4dHsmBxrdrTYmf5WVXw5nKfsa":{"apy":0.5059358589868168,"weeklyFactor":0.002499374005577266},"GzBARnifWFUkbxNM6wwSuARxB8JdEX1MPJoa9wQu1sqP":{"apy":0.5059358589868168,"weeklyFactor":0.002499374005577266}}