{"CBk6Cwj97JELHTswNckDwFfvFHEXgw7PRqGCGnKiX9f3":{"apy":0.043857917076550734,"weeklyFactor":0.000007698006855670965},"GzBARnifWFUkbxNM6wwSuARxB8JdEX1MPJoa9wQu1sqP":{"apy":0.1274696846971235,"weeklyFactor":0.000009849466041783852},"HgUyEp2wcouZ4H4arur44JFMwM2CDtw6as1EJmUmnJb3":{"apy":0.043087485422144134,"weeklyFactor":0.00000728107448528539},"J4kicJXo4cWjJch14mY4dHsmBxrdrTYmf5WVXw5nKfsa":{"apy":0.1274696846971235,"weeklyFactor":0.000009849466041783852}}