{"J4kicJXo4cWjJch14mY4dHsmBxrdrTYmf5WVXw5nKfsa":{"apy":0.5060076410678738,"weeklyFactor":0.0025019125390813163},"GzBARnifWFUkbxNM6wwSuARxB8JdEX1MPJoa9wQu1sqP":{"apy":0.5060076410678738,"weeklyFactor":0.0025019125390813163},"CBk6Cwj97JELHTswNckDwFfvFHEXgw7PRqGCGnKiX9f3":{"apy":0.12742979745403726,"weeklyFactor":0.002498291606465707},"HgUyEp2wcouZ4H4arur44JFMwM2CDtw6as1EJmUmnJb3":{"apy":0.12742491555191027,"weeklyFactor":0.0024974554362142665}}