{
  "GzBARnifWFUkbxNM6wwSuARxB8JdEX1MPJoa9wQu1sqP": {
    "apy": 0.10807742149028243,
    "weeklyFactor": 0
  },
  "CBk6Cwj97JELHTswNckDwFfvFHEXgw7PRqGCGnKiX9f3": {
    "apy": 0.022352055050567365,
    "weeklyFactor": 0
  },
  "J4kicJXo4cWjJch14mY4dHsmBxrdrTYmf5WVXw5nKfsa": {
    "apy": 0.10807742149028243,
    "weeklyFactor": 0
  },
  "HgUyEp2wcouZ4H4arur44JFMwM2CDtw6as1EJmUmnJb3": {
    "apy": 0.004505385706465859,
    "weeklyFactor": 0
  }
}
