{"CBk6Cwj97JELHTswNckDwFfvFHEXgw7PRqGCGnKiX9f3":{"apy":0.012757822429332322,"weeklyFactor":5.589938571634062e-7},"J4kicJXo4cWjJch14mY4dHsmBxrdrTYmf5WVXw5nKfsa":{"apy":0.06167788831927812,"weeklyFactor":0.0000027018036429564637},"GzBARnifWFUkbxNM6wwSuARxB8JdEX1MPJoa9wQu1sqP":{"apy":0.06167788831927812,"weeklyFactor":0.0000027018036429564637},"HgUyEp2wcouZ4H4arur44JFMwM2CDtw6as1EJmUmnJb3":{"apy":0.004497973395656274,"weeklyFactor":1.4437273135971096e-7}}