{"J4kicJXo4cWjJch14mY4dHsmBxrdrTYmf5WVXw5nKfsa":{"apy":0.462550623113267,"weeklyFactor":0.0013527872823553965},"GzBARnifWFUkbxNM6wwSuARxB8JdEX1MPJoa9wQu1sqP":{"apy":0.462550623113267,"weeklyFactor":0.0013527872823553965},"CBk6Cwj97JELHTswNckDwFfvFHEXgw7PRqGCGnKiX9f3":{"apy":0.11844364460229517,"weeklyFactor":0.0013489950081592816},"HgUyEp2wcouZ4H4arur44JFMwM2CDtw6as1EJmUmnJb3":{"apy":0.1184343000989907,"weeklyFactor":0.0013481307157090737}}