{"CBk6Cwj97JELHTswNckDwFfvFHEXgw7PRqGCGnKiX9f3":{"apy":0.01275749320250874,"weeklyFactor":5.589722068306323e-7},"J4kicJXo4cWjJch14mY4dHsmBxrdrTYmf5WVXw5nKfsa":{"apy":0.0616762962778683,"weeklyFactor":0.0000027016989996813903},"GzBARnifWFUkbxNM6wwSuARxB8JdEX1MPJoa9wQu1sqP":{"apy":0.0616762962778683,"weeklyFactor":0.0000027016989996813903},"HgUyEp2wcouZ4H4arur44JFMwM2CDtw6as1EJmUmnJb3":{"apy":0.004506295409201222,"weeklyFactor":1.4468328337240062e-7}}