{"2susv1zhJbuRoCFSfsAf9ruBqemt9B5twrUb8HH9b9aT":{"apy":35.57299861362742,"apySingleTick":48.25097898312865}}