{"CBk6Cwj97JELHTswNckDwFfvFHEXgw7PRqGCGnKiX9f3":{"apy":0.039974652816843204,"weeklyFactor":0.000005803977198061285},"HgUyEp2wcouZ4H4arur44JFMwM2CDtw6as1EJmUmnJb3":{"apy":0.03896224047008623,"weeklyFactor":0.000005387669553272712},"J4kicJXo4cWjJch14mY4dHsmBxrdrTYmf5WVXw5nKfsa":{"apy":0.11509470236708008,"weeklyFactor":0.000007953119408673162},"GzBARnifWFUkbxNM6wwSuARxB8JdEX1MPJoa9wQu1sqP":{"apy":0.11509470236708008,"weeklyFactor":0.000007953119408673162}}