{"J4kicJXo4cWjJch14mY4dHsmBxrdrTYmf5WVXw5nKfsa":{"apy":0.13090025410602557,"weeklyFactor":0.00001043678796753611},"CBk6Cwj97JELHTswNckDwFfvFHEXgw7PRqGCGnKiX9f3":{"apy":0.02707142187399203,"weeklyFactor":0.0000021598021832101},"GzBARnifWFUkbxNM6wwSuARxB8JdEX1MPJoa9wQu1sqP":{"apy":0.13090025410602557,"weeklyFactor":0.00001043678796753611},"HgUyEp2wcouZ4H4arur44JFMwM2CDtw6as1EJmUmnJb3":{"apy":0.004520619373482582,"weeklyFactor":1.4521822534857975e-7}}