{"GzBARnifWFUkbxNM6wwSuARxB8JdEX1MPJoa9wQu1sqP":{"apy":0.0766744017717258,"weeklyFactor":0.0000038001964047896026},"CBk6Cwj97JELHTswNckDwFfvFHEXgw7PRqGCGnKiX9f3":{"apy":0.01585884813462002,"weeklyFactor":7.86247532025435e-7},"J4kicJXo4cWjJch14mY4dHsmBxrdrTYmf5WVXw5nKfsa":{"apy":0.0766744017717258,"weeklyFactor":0.0000038001964047896026},"HgUyEp2wcouZ4H4arur44JFMwM2CDtw6as1EJmUmnJb3":{"apy":0.004498400555386084,"weeklyFactor":1.4438866733160887e-7}}