{"J4kicJXo4cWjJch14mY4dHsmBxrdrTYmf5WVXw5nKfsa":{"apy":0.06167628050770535,"weeklyFactor":[0.0000027016979631358715,0.0000027016979631358715,0.0000027016979631358715,0.0000027016979631358715,0.0000027016979631358715,0.0000027016979631358715,0.0000027016979631358715]},"CBk6Cwj97JELHTswNckDwFfvFHEXgw7PRqGCGnKiX9f3":{"apy":0.01275748994129522,"weeklyFactor":[5.58971992372939e-7,5.58971992372939e-7,5.58971992372939e-7,5.58971992372939e-7,5.58971992372939e-7,5.58971992372939e-7,5.58971992372939e-7]},"GzBARnifWFUkbxNM6wwSuARxB8JdEX1MPJoa9wQu1sqP":{"apy":0.06167628050770535,"weeklyFactor":[0.0000027016979631358715,0.0000027016979631358715,0.0000027016979631358715,0.0000027016979631358715,0.0000027016979631358715,0.0000027016979631358715,0.0000027016979631358715]},"HgUyEp2wcouZ4H4arur44JFMwM2CDtw6as1EJmUmnJb3":{"apy":0.0045015729892350365,"weeklyFactor":[1.4448633267614373e-7,1.4477516114355922e-7,1.4434213473934117e-7,1.446308190088199e-7,1.4434213473934117e-7,1.4463053061294627e-7,1.4434213473934117e-7]}}