{"GzBARnifWFUkbxNM6wwSuARxB8JdEX1MPJoa9wQu1sqP":{"apy":0.13322182209258848,"weeklyFactor":0.000010850761620478786},"J4kicJXo4cWjJch14mY4dHsmBxrdrTYmf5WVXw5nKfsa":{"apy":0.13322182209258848,"weeklyFactor":0.000010850761620478786},"CBk6Cwj97JELHTswNckDwFfvFHEXgw7PRqGCGnKiX9f3":{"apy":0.027548585765879707,"weeklyFactor":0.000002244985162857681},"HgUyEp2wcouZ4H4arur44JFMwM2CDtw6as1EJmUmnJb3":{"apy":0.004494159135437492,"weeklyFactor":1.4423045413974256e-7}}