{"CBk6Cwj97JELHTswNckDwFfvFHEXgw7PRqGCGnKiX9f3":{"apy":0.01764242366975033,"weeklyFactor":9.40609015740546e-7},"HgUyEp2wcouZ4H4arur44JFMwM2CDtw6as1EJmUmnJb3":{"apy":0.012247848108226655,"weeklyFactor":5.260370676349984e-7},"J4kicJXo4cWjJch14mY4dHsmBxrdrTYmf5WVXw5nKfsa":{"apy":0.06726240816796736,"weeklyFactor":0.000003083801844891819},"GzBARnifWFUkbxNM6wwSuARxB8JdEX1MPJoa9wQu1sqP":{"apy":0.06726240816796736,"weeklyFactor":0.000003083801844891819}}