{"J4kicJXo4cWjJch14mY4dHsmBxrdrTYmf5WVXw5nKfsa":{"apy":0.09471446226472224,"weeklyFactor":0.000005471700602927533},"CBk6Cwj97JELHTswNckDwFfvFHEXgw7PRqGCGnKiX9f3":{"apy":0.019588739671383415,"weeklyFactor":0.0000011320759868125937},"GzBARnifWFUkbxNM6wwSuARxB8JdEX1MPJoa9wQu1sqP":{"apy":0.09471446226472224,"weeklyFactor":0.000005471700602927533},"HgUyEp2wcouZ4H4arur44JFMwM2CDtw6as1EJmUmnJb3":{"apy":0.004497007711523615,"weeklyFactor":1.4433670647490665e-7}}