{"CBk6Cwj97JELHTswNckDwFfvFHEXgw7PRqGCGnKiX9f3":{"apy":0.14541183213445663,"weeklyFactor":0.00857150842457034},"J4kicJXo4cWjJch14mY4dHsmBxrdrTYmf5WVXw5nKfsa":{"apy":0.5931487750049369,"weeklyFactor":0.008571814528280448},"GzBARnifWFUkbxNM6wwSuARxB8JdEX1MPJoa9wQu1sqP":{"apy":0.5931487750049369,"weeklyFactor":0.008571814528280448}}