{"GzBARnifWFUkbxNM6wwSuARxB8JdEX1MPJoa9wQu1sqP":{"apy":0.13348251748721562,"weeklyFactor":0.000010898104327662597},"CBk6Cwj97JELHTswNckDwFfvFHEXgw7PRqGCGnKiX9f3":{"apy":0.027602465767317952,"weeklyFactor":0.0000022547802057232955},"J4kicJXo4cWjJch14mY4dHsmBxrdrTYmf5WVXw5nKfsa":{"apy":0.13348251748721562,"weeklyFactor":0.000010898104327662597},"HgUyEp2wcouZ4H4arur44JFMwM2CDtw6as1EJmUmnJb3":{"apy":0.00450058445859991,"weeklyFactor":1.444701491224014e-7}}