{"CBk6Cwj97JELHTswNckDwFfvFHEXgw7PRqGCGnKiX9f3":{"apy":0.012778821685555108,"weeklyFactor":5.603758033687207e-7},"J4kicJXo4cWjJch14mY4dHsmBxrdrTYmf5WVXw5nKfsa":{"apy":0.061779434410969,"weeklyFactor":0.0000027084830496154844},"GzBARnifWFUkbxNM6wwSuARxB8JdEX1MPJoa9wQu1sqP":{"apy":0.061779434410969,"weeklyFactor":0.0000027084830496154844},"HgUyEp2wcouZ4H4arur44JFMwM2CDtw6as1EJmUmnJb3":{"apy":0.004498874332448111,"weeklyFactor":1.4440634299524442e-7}}