{"GzBARnifWFUkbxNM6wwSuARxB8JdEX1MPJoa9wQu1sqP":{"apy":0.0616767489588943,"weeklyFactor":0.000002701728753707401},"CBk6Cwj97JELHTswNckDwFfvFHEXgw7PRqGCGnKiX9f3":{"apy":0.012757586814848842,"weeklyFactor":5.589783628360141e-7},"J4kicJXo4cWjJch14mY4dHsmBxrdrTYmf5WVXw5nKfsa":{"apy":0.0616767489588943,"weeklyFactor":0.000002701728753707401},"HgUyEp2wcouZ4H4arur44JFMwM2CDtw6as1EJmUmnJb3":{"apy":0.004502287870811195,"weeklyFactor":1.445337121931269e-7}}