{"GzBARnifWFUkbxNM6wwSuARxB8JdEX1MPJoa9wQu1sqP":{"apy":0.09084173138671492,"weeklyFactor":0.000005075985940100153},"CBk6Cwj97JELHTswNckDwFfvFHEXgw7PRqGCGnKiX9f3":{"apy":0.01878807410113925,"weeklyFactor":0.0000010502039876069286},"J4kicJXo4cWjJch14mY4dHsmBxrdrTYmf5WVXw5nKfsa":{"apy":0.09084173138671492,"weeklyFactor":0.000005075985940100153},"HgUyEp2wcouZ4H4arur44JFMwM2CDtw6as1EJmUmnJb3":{"apy":0.004497841770567668,"weeklyFactor":1.4436782093966068e-7}}