{"CBk6Cwj97JELHTswNckDwFfvFHEXgw7PRqGCGnKiX9f3":{"apy":0.01275753476133179,"weeklyFactor":5.58974939759199e-7},"J4kicJXo4cWjJch14mY4dHsmBxrdrTYmf5WVXw5nKfsa":{"apy":0.06167649724375668,"weeklyFactor":0.000002701712208836129},"GzBARnifWFUkbxNM6wwSuARxB8JdEX1MPJoa9wQu1sqP":{"apy":0.06167649724375668,"weeklyFactor":0.000002701712208836129},"HgUyEp2wcouZ4H4arur44JFMwM2CDtw6as1EJmUmnJb3":{"apy":0.00450295663536604,"weeklyFactor":1.4455866926969305e-7}}