{"CBk6Cwj97JELHTswNckDwFfvFHEXgw7PRqGCGnKiX9f3":{"apy":0.031147113435125995,"weeklyFactor":0.00000298564900072854},"GzBARnifWFUkbxNM6wwSuARxB8JdEX1MPJoa9wQu1sqP":{"apy":0.09139646209987973,"weeklyFactor":0.000005131343537033531},"HgUyEp2wcouZ4H4arur44JFMwM2CDtw6as1EJmUmnJb3":{"apy":0.029239474210140948,"weeklyFactor":0.00000257031847028324},"J4kicJXo4cWjJch14mY4dHsmBxrdrTYmf5WVXw5nKfsa":{"apy":0.09139646209987973,"weeklyFactor":0.000005131343537033531}}