{"CBk6Cwj97JELHTswNckDwFfvFHEXgw7PRqGCGnKiX9f3":{"apy":0.022608083943786994,"weeklyFactor":0.000001484642926342081},"HgUyEp2wcouZ4H4arur44JFMwM2CDtw6as1EJmUmnJb3":{"apy":0.005042413089317854,"weeklyFactor":1.650679979723316e-7},"J4kicJXo4cWjJch14mY4dHsmBxrdrTYmf5WVXw5nKfsa":{"apy":0.10871190803720676,"weeklyFactor":0.000007097593459754115},"GzBARnifWFUkbxNM6wwSuARxB8JdEX1MPJoa9wQu1sqP":{"apy":0.10871190803720676,"weeklyFactor":0.000007097593459754115}}