{"J4kicJXo4cWjJch14mY4dHsmBxrdrTYmf5WVXw5nKfsa":{"apy":0.31183772721408154,"weeklyFactor":0.00015869510561076122},"GzBARnifWFUkbxNM6wwSuARxB8JdEX1MPJoa9wQu1sqP":{"apy":0.31183772721408154,"weeklyFactor":0.00015869510561076122},"CBk6Cwj97JELHTswNckDwFfvFHEXgw7PRqGCGnKiX9f3":{"apy":0.087052404405763,"weeklyFactor":0.0001563617853164039},"HgUyEp2wcouZ4H4arur44JFMwM2CDtw6as1EJmUmnJb3":{"apy":0.08700895414672782,"weeklyFactor":0.00015589531479759058}}