{"CBk6Cwj97JELHTswNckDwFfvFHEXgw7PRqGCGnKiX9f3":{"apy":0.06490316718286149,"weeklyFactor":0.000033909859778460006},"GzBARnifWFUkbxNM6wwSuARxB8JdEX1MPJoa9wQu1sqP":{"apy":0.2101213024075843,"weeklyFactor":0.00003609338404909473},"HgUyEp2wcouZ4H4arur44JFMwM2CDtw6as1EJmUmnJb3":{"apy":0.06472114468496493,"weeklyFactor":0.00003348410310457607},"J4kicJXo4cWjJch14mY4dHsmBxrdrTYmf5WVXw5nKfsa":{"apy":0.2101213024075843,"weeklyFactor":0.00003609338404909473}}