{"GzBARnifWFUkbxNM6wwSuARxB8JdEX1MPJoa9wQu1sqP":{"apy":0.06197931862021999,"weeklyFactor":0.000002721658991637671},"CBk6Cwj97JELHTswNckDwFfvFHEXgw7PRqGCGnKiX9f3":{"apy":0.012820156754589362,"weeklyFactor":5.631018603388285e-7},"J4kicJXo4cWjJch14mY4dHsmBxrdrTYmf5WVXw5nKfsa":{"apy":0.06197931862021999,"weeklyFactor":0.000002721658991637671},"HgUyEp2wcouZ4H4arur44JFMwM2CDtw6as1EJmUmnJb3":{"apy":0.004498749798664825,"weeklyFactor":1.44401696835867e-7}}