{"GzBARnifWFUkbxNM6wwSuARxB8JdEX1MPJoa9wQu1sqP":{"apy":0.12457550426820951,"weeklyFactor":0.00000937570888103189},"CBk6Cwj97JELHTswNckDwFfvFHEXgw7PRqGCGnKiX9f3":{"apy":0.025761519096412222,"weeklyFactor":0.0000019398018374548735},"J4kicJXo4cWjJch14mY4dHsmBxrdrTYmf5WVXw5nKfsa":{"apy":0.12457550426820951,"weeklyFactor":0.00000937570888103189},"HgUyEp2wcouZ4H4arur44JFMwM2CDtw6as1EJmUmnJb3":{"apy":0.004501250015986891,"weeklyFactor":1.444949836072956e-7}}