{"CBk6Cwj97JELHTswNckDwFfvFHEXgw7PRqGCGnKiX9f3":{"apy":0.038098598612457124,"weeklyFactor":0.000005054690740105807},"HgUyEp2wcouZ4H4arur44JFMwM2CDtw6as1EJmUmnJb3":{"apy":0.036942168487996696,"weeklyFactor":0.000004638630239509456},"J4kicJXo4cWjJch14mY4dHsmBxrdrTYmf5WVXw5nKfsa":{"apy":0.10952957855132617,"weeklyFactor":0.000007202916345024977},"GzBARnifWFUkbxNM6wwSuARxB8JdEX1MPJoa9wQu1sqP":{"apy":0.10952957855132617,"weeklyFactor":0.000007202916345024977}}