{"2susv1zhJbuRoCFSfsAf9ruBqemt9B5twrUb8HH9b9aT":{"apy":29.961279992797852,"apySingleTick":31.744395114359403}}