{"J4kicJXo4cWjJch14mY4dHsmBxrdrTYmf5WVXw5nKfsa":{"apy":0.12503703605346583,"weeklyFactor":0.000009449961934484682},"CBk6Cwj97JELHTswNckDwFfvFHEXgw7PRqGCGnKiX9f3":{"apy":0.025910852490262926,"weeklyFactor":0.0000019638955697881496},"GzBARnifWFUkbxNM6wwSuARxB8JdEX1MPJoa9wQu1sqP":{"apy":0.12503703605346583,"weeklyFactor":0.000009449961934484682},"HgUyEp2wcouZ4H4arur44JFMwM2CDtw6as1EJmUmnJb3":{"apy":0.004797781444043636,"weeklyFactor":1.5567331964589186e-7}}