{"CBk6Cwj97JELHTswNckDwFfvFHEXgw7PRqGCGnKiX9f3":{"apy":0.012757492337289733,"weeklyFactor":5.589721499336934e-7},"J4kicJXo4cWjJch14mY4dHsmBxrdrTYmf5WVXw5nKfsa":{"apy":0.061676292093948426,"weeklyFactor":0.000002701698724679518},"GzBARnifWFUkbxNM6wwSuARxB8JdEX1MPJoa9wQu1sqP":{"apy":0.061676292093948426,"weeklyFactor":0.000002701698724679518},"HgUyEp2wcouZ4H4arur44JFMwM2CDtw6as1EJmUmnJb3":{"apy":0.004506985454688639,"weeklyFactor":1.4470904171751668e-7}}