{"J4kicJXo4cWjJch14mY4dHsmBxrdrTYmf5WVXw5nKfsa":{"apy":0.1270554194211737,"weeklyFactor":0.000009780456026127709},"CBk6Cwj97JELHTswNckDwFfvFHEXgw7PRqGCGnKiX9f3":{"apy":0.026274093585887393,"weeklyFactor":0.0000020235426260953874},"GzBARnifWFUkbxNM6wwSuARxB8JdEX1MPJoa9wQu1sqP":{"apy":0.1270554194211737,"weeklyFactor":0.000009780456026127709},"HgUyEp2wcouZ4H4arur44JFMwM2CDtw6as1EJmUmnJb3":{"apy":0.004501417577174038,"weeklyFactor":1.4450123613294517e-7}}