{"CBk6Cwj97JELHTswNckDwFfvFHEXgw7PRqGCGnKiX9f3":{"apy":0.09599638418880119,"weeklyFactor":0.00028909467643417044},"GzBARnifWFUkbxNM6wwSuARxB8JdEX1MPJoa9wQu1sqP":{"apy":0.35432712703644675,"weeklyFactor":0.0002911755736541393},"HgUyEp2wcouZ4H4arur44JFMwM2CDtw6as1EJmUmnJb3":{"apy":0,"weeklyFactor":0.01},"J4kicJXo4cWjJch14mY4dHsmBxrdrTYmf5WVXw5nKfsa":{"apy":0.35432712703644675,"weeklyFactor":0.0002911755736541393}}