{"2susv1zhJbuRoCFSfsAf9ruBqemt9B5twrUb8HH9b9aT":{"apy":35.759996921222026,"apySingleTick":38.110613772876036}}