{"CBk6Cwj97JELHTswNckDwFfvFHEXgw7PRqGCGnKiX9f3":{"apy":0.10497092187415902,"weeklyFactor":0.0005353075181202899},"HgUyEp2wcouZ4H4arur44JFMwM2CDtw6as1EJmUmnJb3":{"apy":0.10495477528309483,"weeklyFactor":0.0005347146873782021},"J4kicJXo4cWjJch14mY4dHsmBxrdrTYmf5WVXw5nKfsa":{"apy":0.39751589139283006,"weeklyFactor":0.0005381044045344226},"GzBARnifWFUkbxNM6wwSuARxB8JdEX1MPJoa9wQu1sqP":{"apy":0.39751589139283006,"weeklyFactor":0.0005381044045344226}}