{"J4kicJXo4cWjJch14mY4dHsmBxrdrTYmf5WVXw5nKfsa":{"apy":0.06256409276925723,"weeklyFactor":0.0000027604212616593108},"CBk6Cwj97JELHTswNckDwFfvFHEXgw7PRqGCGnKiX9f3":{"apy":0.012941084789597213,"weeklyFactor":5.711216403433057e-7},"GzBARnifWFUkbxNM6wwSuARxB8JdEX1MPJoa9wQu1sqP":{"apy":0.06256409276925723,"weeklyFactor":0.0000027604212616593108},"HgUyEp2wcouZ4H4arur44JFMwM2CDtw6as1EJmUmnJb3":{"apy":0.0045007983500156,"weeklyFactor":1.4447813010397591e-7}}