{"CBk6Cwj97JELHTswNckDwFfvFHEXgw7PRqGCGnKiX9f3":{"apy":0.03279191191449815,"weeklyFactor":0.000003390095168787807},"HgUyEp2wcouZ4H4arur44JFMwM2CDtw6as1EJmUmnJb3":{"apy":0.031099533325651407,"weeklyFactor":0.000002974615138151354},"J4kicJXo4cWjJch14mY4dHsmBxrdrTYmf5WVXw5nKfsa":{"apy":0.0953268164326948,"weeklyFactor":0.000005536284466016474},"GzBARnifWFUkbxNM6wwSuARxB8JdEX1MPJoa9wQu1sqP":{"apy":0.0953268164326948,"weeklyFactor":0.000005536284466016474}}