{"CBk6Cwj97JELHTswNckDwFfvFHEXgw7PRqGCGnKiX9f3":{"apy":0.0127582085694522,"weeklyFactor":5.59019250800586e-7},"J4kicJXo4cWjJch14mY4dHsmBxrdrTYmf5WVXw5nKfsa":{"apy":0.061679755576005135,"weeklyFactor":0.000002701926378869499},"GzBARnifWFUkbxNM6wwSuARxB8JdEX1MPJoa9wQu1sqP":{"apy":0.061679755576005135,"weeklyFactor":0.000002701926378869499},"HgUyEp2wcouZ4H4arur44JFMwM2CDtw6as1EJmUmnJb3":{"apy":0.004496750646265646,"weeklyFactor":1.4432711704739998e-7}}