{"GzBARnifWFUkbxNM6wwSuARxB8JdEX1MPJoa9wQu1sqP":{"apy":0.10032742080006152,"weeklyFactor":0.0000060852124469369474},"CBk6Cwj97JELHTswNckDwFfvFHEXgw7PRqGCGnKiX9f3":{"apy":0.020749144022635946,"weeklyFactor":0.000001259009471780058},"J4kicJXo4cWjJch14mY4dHsmBxrdrTYmf5WVXw5nKfsa":{"apy":0.10032742080006152,"weeklyFactor":0.0000060852124469369474},"HgUyEp2wcouZ4H4arur44JFMwM2CDtw6as1EJmUmnJb3":{"apy":0.004499105958277738,"weeklyFactor":1.444149846951883e-7}}