{"GzBARnifWFUkbxNM6wwSuARxB8JdEX1MPJoa9wQu1sqP":{"apy":0.10591197967002586,"weeklyFactor":[2.7016979631358715e-8,2.7016979631358715e-8,2.6941513207807435e-8,2.0284041489789822e-8,1.2365463754352644e-7,1.2365463754352642e-7,1.2365463754352642e-7]},"J4kicJXo4cWjJch14mY4dHsmBxrdrTYmf5WVXw5nKfsa":{"apy":0.10591197967002586,"weeklyFactor":[2.7016979631358715e-8,2.7016979631358715e-8,2.6941513207807435e-8,2.0284041489789822e-8,1.2365463754352644e-7,1.2365463754352642e-7,1.2365463754352642e-7]},"3ihfEDcsoKGU66M7AKXBPAxmxKUQzNN2fi9gC7b52dgu":{"apy":0,"weeklyFactor":[0,0,0,0,0,0,0]},"2iH5m7UJNpDpuezFLN9qJMQygHrvAHzWvyoKvNwsG6T7":{"apy":0,"weeklyFactor":[0,0,0,0,0,0,0]},"CBk6Cwj97JELHTswNckDwFfvFHEXgw7PRqGCGnKiX9f3":{"apy":0.021903625908348268,"weeklyFactor":[5.58971992372939e-9,5.589719923729389e-9,5.574106180925676e-9,4.19669823926686e-9,2.5583718112453747e-8,2.5583718112453744e-8,2.5583718112453744e-8]},"HgUyEp2wcouZ4H4arur44JFMwM2CDtw6as1EJmUmnJb3":{"apy":0.0044917710305236724,"weeklyFactor":[1.4419808071265519e-9,1.4426745130386755e-9,1.443421347393412e-9,1.4428553400088041e-9,1.4425258764167152e-9,1.4382198290244268e-9,1.4382198290244268e-9]}}