{"GzBARnifWFUkbxNM6wwSuARxB8JdEX1MPJoa9wQu1sqP":{"apy":0.1274375685555551,"weeklyFactor":0.000009844101500515816},"CBk6Cwj97JELHTswNckDwFfvFHEXgw7PRqGCGnKiX9f3":{"apy":0.026397778811104722,"weeklyFactor":0.000002044194396666767},"HgUyEp2wcouZ4H4arur44JFMwM2CDtw6as1EJmUmnJb3":{"apy":0.004755951630430744,"weeklyFactor":1.540826464160124e-7},"J4kicJXo4cWjJch14mY4dHsmBxrdrTYmf5WVXw5nKfsa":{"apy":0.1274375685555551,"weeklyFactor":0.000009844101500515816}}