{"J4kicJXo4cWjJch14mY4dHsmBxrdrTYmf5WVXw5nKfsa":{"apy":0.06271098059700275,"weeklyFactor":0.000002770208478079884},"CBk6Cwj97JELHTswNckDwFfvFHEXgw7PRqGCGnKiX9f3":{"apy":0.012971460285671199,"weeklyFactor":5.731465816717002e-7},"GzBARnifWFUkbxNM6wwSuARxB8JdEX1MPJoa9wQu1sqP":{"apy":0.06271098059700275,"weeklyFactor":0.000002770208478079884},"HgUyEp2wcouZ4H4arur44JFMwM2CDtw6as1EJmUmnJb3":{"apy":0.004501166726544881,"weeklyFactor":1.4449187569815409e-7}}