{"GzBARnifWFUkbxNM6wwSuARxB8JdEX1MPJoa9wQu1sqP":{"apy":0.06168504300299027,"weeklyFactor":0.000002702273942273507},"CBk6Cwj97JELHTswNckDwFfvFHEXgw7PRqGCGnKiX9f3":{"apy":0.012759301984988092,"weeklyFactor":5.590911604703808e-7},"J4kicJXo4cWjJch14mY4dHsmBxrdrTYmf5WVXw5nKfsa":{"apy":0.06168504300299027,"weeklyFactor":0.000002702273942273507},"HgUyEp2wcouZ4H4arur44JFMwM2CDtw6as1EJmUmnJb3":{"apy":0.004497280040283158,"weeklyFactor":1.4434686546846306e-7}}