{"GzBARnifWFUkbxNM6wwSuARxB8JdEX1MPJoa9wQu1sqP":{"apy":0.1384119127268768,"weeklyFactor":0.000011827017870198369},"CBk6Cwj97JELHTswNckDwFfvFHEXgw7PRqGCGnKiX9f3":{"apy":0.028621242352033782,"weeklyFactor":0.000002446969214523799},"J4kicJXo4cWjJch14mY4dHsmBxrdrTYmf5WVXw5nKfsa":{"apy":0.1384119127268768,"weeklyFactor":0.000011827017870198369},"HgUyEp2wcouZ4H4arur44JFMwM2CDtw6as1EJmUmnJb3":{"apy":0.004502329138666994,"weeklyFactor":1.4453525220167521e-7}}