{"CBk6Cwj97JELHTswNckDwFfvFHEXgw7PRqGCGnKiX9f3":{"apy":0.012757493746029525,"weeklyFactor":5.589722425735812e-7},"J4kicJXo4cWjJch14mY4dHsmBxrdrTYmf5WVXw5nKfsa":{"apy":0.061676298906232496,"weeklyFactor":0.000002701699172438977},"GzBARnifWFUkbxNM6wwSuARxB8JdEX1MPJoa9wQu1sqP":{"apy":0.061676298906232496,"weeklyFactor":0.000002701699172438977},"HgUyEp2wcouZ4H4arur44JFMwM2CDtw6as1EJmUmnJb3":{"apy":0.0045061293105552735,"weeklyFactor":1.4467708334638023e-7}}