{"GzBARnifWFUkbxNM6wwSuARxB8JdEX1MPJoa9wQu1sqP":{"apy":0.13083157381985622,"weeklyFactor":0.000010424747399953702},"CBk6Cwj97JELHTswNckDwFfvFHEXgw7PRqGCGnKiX9f3":{"apy":0.027054568859052885,"weeklyFactor":0.0000021568442896455936},"J4kicJXo4cWjJch14mY4dHsmBxrdrTYmf5WVXw5nKfsa":{"apy":0.13083157381985622,"weeklyFactor":0.000010424747399953702},"HgUyEp2wcouZ4H4arur44JFMwM2CDtw6as1EJmUmnJb3":{"apy":0.00450120992383507,"weeklyFactor":1.4449348758413575e-7}}