{"CBk6Cwj97JELHTswNckDwFfvFHEXgw7PRqGCGnKiX9f3":{"apy":0.12517925743651404,"weeklyFactor":0.002141022475402296},"J4kicJXo4cWjJch14mY4dHsmBxrdrTYmf5WVXw5nKfsa":{"apy":0.49504978023819923,"weeklyFactor":0.0021427065330609616},"GzBARnifWFUkbxNM6wwSuARxB8JdEX1MPJoa9wQu1sqP":{"apy":0.49504978023819923,"weeklyFactor":0.0021427065330609616}}