{"CBk6Cwj97JELHTswNckDwFfvFHEXgw7PRqGCGnKiX9f3":{"apy":0.01275749273661475,"weeklyFactor":5.58972176193819e-7},"J4kicJXo4cWjJch14mY4dHsmBxrdrTYmf5WVXw5nKfsa":{"apy":0.06167629402498154,"weeklyFactor":0.000002701698851603459},"GzBARnifWFUkbxNM6wwSuARxB8JdEX1MPJoa9wQu1sqP":{"apy":0.06167629402498154,"weeklyFactor":0.000002701698851603459},"HgUyEp2wcouZ4H4arur44JFMwM2CDtw6as1EJmUmnJb3":{"apy":0.004506456378550183,"weeklyFactor":1.4468929200365239e-7}}