{"J4kicJXo4cWjJch14mY4dHsmBxrdrTYmf5WVXw5nKfsa":{"apy":0.13733423449577842,"weeklyFactor":0.000011618356935387428},"CBk6Cwj97JELHTswNckDwFfvFHEXgw7PRqGCGnKiX9f3":{"apy":0.02840823085650257,"weeklyFactor":0.0000024056669365536864},"GzBARnifWFUkbxNM6wwSuARxB8JdEX1MPJoa9wQu1sqP":{"apy":0.13733423449577842,"weeklyFactor":0.000011618356935387428},"HgUyEp2wcouZ4H4arur44JFMwM2CDtw6as1EJmUmnJb3":{"apy":0.00456675416280472,"weeklyFactor":1.4694475167425905e-7}}