{"CBk6Cwj97JELHTswNckDwFfvFHEXgw7PRqGCGnKiX9f3":{"apy":0.012757669411000983,"weeklyFactor":5.589837944422624e-7},"J4kicJXo4cWjJch14mY4dHsmBxrdrTYmf5WVXw5nKfsa":{"apy":0.06167714836888827,"weeklyFactor":0.000002701755006470935},"GzBARnifWFUkbxNM6wwSuARxB8JdEX1MPJoa9wQu1sqP":{"apy":0.06167714836888827,"weeklyFactor":0.000002701755006470935},"HgUyEp2wcouZ4H4arur44JFMwM2CDtw6as1EJmUmnJb3":{"apy":0.004500009708396924,"weeklyFactor":1.444487039132132e-7}}