{"GzBARnifWFUkbxNM6wwSuARxB8JdEX1MPJoa9wQu1sqP":{"apy":0.12399051150211449,"weeklyFactor":0.000009282288339622048},"CBk6Cwj97JELHTswNckDwFfvFHEXgw7PRqGCGnKiX9f3":{"apy":0.025642759221344846,"weeklyFactor":0.0000019208163618102927},"J4kicJXo4cWjJch14mY4dHsmBxrdrTYmf5WVXw5nKfsa":{"apy":0.12399051150211449,"weeklyFactor":0.000009282288339622048},"HgUyEp2wcouZ4H4arur44JFMwM2CDtw6as1EJmUmnJb3":{"apy":0.004516314705615976,"weeklyFactor":1.4505740818283862e-7}}