{"J4kicJXo4cWjJch14mY4dHsmBxrdrTYmf5WVXw5nKfsa":{"apy":0.06311333989126311,"weeklyFactor":0.000002797122562001504},"GzBARnifWFUkbxNM6wwSuARxB8JdEX1MPJoa9wQu1sqP":{"apy":0.06311333989126311,"weeklyFactor":0.000002797122562001504},"CBk6Cwj97JELHTswNckDwFfvFHEXgw7PRqGCGnKiX9f3":{"apy":0.014139184278461059,"weeklyFactor":6.542800004983002e-7},"HgUyEp2wcouZ4H4arur44JFMwM2CDtw6as1EJmUmnJb3":{"apy":0.0068595226327961,"weeklyFactor":2.4001489848086105e-7}}