{"CBk6Cwj97JELHTswNckDwFfvFHEXgw7PRqGCGnKiX9f3":{"apy":0.01304796164269817,"weeklyFactor":5.782651833629193e-7},"GzBARnifWFUkbxNM6wwSuARxB8JdEX1MPJoa9wQu1sqP":{"apy":0.06308092158961998,"weeklyFactor":0.00000279494838625411},"J4kicJXo4cWjJch14mY4dHsmBxrdrTYmf5WVXw5nKfsa":{"apy":0.06308092158961998,"weeklyFactor":0.00000279494838625411},"HgUyEp2wcouZ4H4arur44JFMwM2CDtw6as1EJmUmnJb3":{"apy":0.004500068102153421,"weeklyFactor":1.4445088267608383e-7}}