{"J4kicJXo4cWjJch14mY4dHsmBxrdrTYmf5WVXw5nKfsa":{"apy":0.5277204531252577,"weeklyFactor":0.003400950116660146},"GzBARnifWFUkbxNM6wwSuARxB8JdEX1MPJoa9wQu1sqP":{"apy":0.5277204531252577,"weeklyFactor":0.003400950116660146},"CBk6Cwj97JELHTswNckDwFfvFHEXgw7PRqGCGnKiX9f3":{"apy":0.13192221058995202,"weeklyFactor":0.003399535738981278}}