{"CBk6Cwj97JELHTswNckDwFfvFHEXgw7PRqGCGnKiX9f3":{"apy":0.012757518166162107,"weeklyFactor":5.589738484529163e-7},"J4kicJXo4cWjJch14mY4dHsmBxrdrTYmf5WVXw5nKfsa":{"apy":0.06167641699461601,"weeklyFactor":0.000002701706934189095},"GzBARnifWFUkbxNM6wwSuARxB8JdEX1MPJoa9wQu1sqP":{"apy":0.06167641699461601,"weeklyFactor":0.000002701706934189095},"HgUyEp2wcouZ4H4arur44JFMwM2CDtw6as1EJmUmnJb3":{"apy":0.004502680052631547,"weeklyFactor":1.4454834756613463e-7}}