{"GzBARnifWFUkbxNM6wwSuARxB8JdEX1MPJoa9wQu1sqP":{"apy":0.06167925914817296,"weeklyFactor":0.000002701893748050409},"CBk6Cwj97JELHTswNckDwFfvFHEXgw7PRqGCGnKiX9f3":{"apy":0.012758105910459783,"weeklyFactor":5.590124995966364e-7},"J4kicJXo4cWjJch14mY4dHsmBxrdrTYmf5WVXw5nKfsa":{"apy":0.06167925914817296,"weeklyFactor":0.000002701893748050409},"HgUyEp2wcouZ4H4arur44JFMwM2CDtw6as1EJmUmnJb3":{"apy":0.004496455722824422,"weeklyFactor":1.443161155867842e-7}}