{"GzBARnifWFUkbxNM6wwSuARxB8JdEX1MPJoa9wQu1sqP":{"apy":0.07148572975652634,"weeklyFactor":0.0000033934637456350145},"CBk6Cwj97JELHTswNckDwFfvFHEXgw7PRqGCGnKiX9f3":{"apy":0.014785960093766093,"weeklyFactor":7.020959473727613e-7},"J4kicJXo4cWjJch14mY4dHsmBxrdrTYmf5WVXw5nKfsa":{"apy":0.07148572975652634,"weeklyFactor":0.0000033934637456350145},"HgUyEp2wcouZ4H4arur44JFMwM2CDtw6as1EJmUmnJb3":{"apy":0.004498457022505953,"weeklyFactor":1.443907739758788e-7}}