{"J4kicJXo4cWjJch14mY4dHsmBxrdrTYmf5WVXw5nKfsa":0.00004441173793168218,"GzBARnifWFUkbxNM6wwSuARxB8JdEX1MPJoa9wQu1sqP":0.00004441173793168218,"CBk6Cwj97JELHTswNckDwFfvFHEXgw7PRqGCGnKiX9f3":0.00000918863380938717}