{"CBk6Cwj97JELHTswNckDwFfvFHEXgw7PRqGCGnKiX9f3":{"apy":0.11170526980743833,"weeklyFactor":0.0008497198577417965},"HgUyEp2wcouZ4H4arur44JFMwM2CDtw6as1EJmUmnJb3":{"apy":0.11169329584954646,"weeklyFactor":0.0008490221505552187},"J4kicJXo4cWjJch14mY4dHsmBxrdrTYmf5WVXw5nKfsa":{"apy":0.42998654772128386,"weeklyFactor":0.0008529013662684664},"GzBARnifWFUkbxNM6wwSuARxB8JdEX1MPJoa9wQu1sqP":{"apy":0.42998654772128386,"weeklyFactor":0.0008529013662684664}}