{"J4kicJXo4cWjJch14mY4dHsmBxrdrTYmf5WVXw5nKfsa":{"apy":0.18237566453747078,"weeklyFactor":0.000023729698530386938},"GzBARnifWFUkbxNM6wwSuARxB8JdEX1MPJoa9wQu1sqP":{"apy":0.18237566453747078,"weeklyFactor":0.000023729698530386938},"CBk6Cwj97JELHTswNckDwFfvFHEXgw7PRqGCGnKiX9f3":{"apy":0.05839968803078577,"weeklyFactor":0.000021561280335798028},"HgUyEp2wcouZ4H4arur44JFMwM2CDtw6as1EJmUmnJb3":{"apy":0.05811709904779416,"weeklyFactor":0.00002113962460717017}}