{"CBk6Cwj97JELHTswNckDwFfvFHEXgw7PRqGCGnKiX9f3":{"apy":0.012761406198902314,"weeklyFactor":5.592295615876642e-7},"J4kicJXo4cWjJch14mY4dHsmBxrdrTYmf5WVXw5nKfsa":{"apy":0.06169521834600289,"weeklyFactor":0.0000027029428810070444},"GzBARnifWFUkbxNM6wwSuARxB8JdEX1MPJoa9wQu1sqP":{"apy":0.06169521834600289,"weeklyFactor":0.0000027029428810070444},"HgUyEp2wcouZ4H4arur44JFMwM2CDtw6as1EJmUmnJb3":{"apy":0.004497696667171702,"weeklyFactor":1.443624077486538e-7}}