{"GzBARnifWFUkbxNM6wwSuARxB8JdEX1MPJoa9wQu1sqP":{"apy":0.061676918121045254,"weeklyFactor":0.0000027017398725248975},"CBk6Cwj97JELHTswNckDwFfvFHEXgw7PRqGCGnKiX9f3":{"apy":0.012757621796821716,"weeklyFactor":5.589806632810134e-7},"J4kicJXo4cWjJch14mY4dHsmBxrdrTYmf5WVXw5nKfsa":{"apy":0.061676918121045254,"weeklyFactor":0.0000027017398725248975},"HgUyEp2wcouZ4H4arur44JFMwM2CDtw6as1EJmUmnJb3":{"apy":0.004501596238171146,"weeklyFactor":1.4450790292624212e-7}}