{"GzBARnifWFUkbxNM6wwSuARxB8JdEX1MPJoa9wQu1sqP":{"apy":0.07016520654605785,"weeklyFactor":0.000003294640062420851},"CBk6Cwj97JELHTswNckDwFfvFHEXgw7PRqGCGnKiX9f3":{"apy":0.014512901765928454,"weeklyFactor":6.816496680870724e-7},"J4kicJXo4cWjJch14mY4dHsmBxrdrTYmf5WVXw5nKfsa":{"apy":0.07016520654605785,"weeklyFactor":0.000003294640062420851},"HgUyEp2wcouZ4H4arur44JFMwM2CDtw6as1EJmUmnJb3":{"apy":0.004497706257455825,"weeklyFactor":1.4436276551962033e-7}}