{"2susv1zhJbuRoCFSfsAf9ruBqemt9B5twrUb8HH9b9aT":{"apy":50.79485011997895,"apySingleTick":61.34558369148087}}