{"J4kicJXo4cWjJch14mY4dHsmBxrdrTYmf5WVXw5nKfsa":{"apy":0.09369591810524103,"weeklyFactor":[0.0000027016979631358715,0.0000027016979631358715,0.0000027016979631358715,0.0000026941513207807433,0.000002028404148978982,0.000012365463754352644,0.000012365463754352643]},"GzBARnifWFUkbxNM6wwSuARxB8JdEX1MPJoa9wQu1sqP":{"apy":0.09369591810524103,"weeklyFactor":[0.0000027016979631358715,0.0000027016979631358715,0.0000027016979631358715,0.0000026941513207807433,0.000002028404148978982,0.000012365463754352644,0.000012365463754352643]},"2iH5m7UJNpDpuezFLN9qJMQygHrvAHzWvyoKvNwsG6T7":{"apy":0,"weeklyFactor":[0,0,0,0,0,0,0]},"CBk6Cwj97JELHTswNckDwFfvFHEXgw7PRqGCGnKiX9f3":{"apy":0.019378163712380214,"weeklyFactor":[5.589719923729389e-7,5.58971992372939e-7,5.589719923729389e-7,5.574106180925676e-7,4.19669823926686e-7,0.0000025583718112453747,0.0000025583718112453743]},"HgUyEp2wcouZ4H4arur44JFMwM2CDtw6as1EJmUmnJb3":{"apy":0.0044933639768762745,"weeklyFactor":[1.4423781686063097e-7,1.441980807126552e-7,1.4426745130386754e-7,1.443421347393412e-7,1.4428553400088041e-7,1.4425258764167153e-7,1.4382198290244268e-7]}}