{"GzBARnifWFUkbxNM6wwSuARxB8JdEX1MPJoa9wQu1sqP":{"apy":0.06167643974241965,"weeklyFactor":0.0000027017084293646323},"CBk6Cwj97JELHTswNckDwFfvFHEXgw7PRqGCGnKiX9f3":{"apy":0.01275752287031029,"weeklyFactor":5.589741577995791e-7},"J4kicJXo4cWjJch14mY4dHsmBxrdrTYmf5WVXw5nKfsa":{"apy":0.06167643974241965,"weeklyFactor":0.0000027017084293646323},"HgUyEp2wcouZ4H4arur44JFMwM2CDtw6as1EJmUmnJb3":{"apy":0.004503367770980482,"weeklyFactor":1.4457401267217168e-7}}