{"GzBARnifWFUkbxNM6wwSuARxB8JdEX1MPJoa9wQu1sqP":{"apy":0.06167628050770535,"weeklyFactor":0.000002701697963135872},"J4kicJXo4cWjJch14mY4dHsmBxrdrTYmf5WVXw5nKfsa":{"apy":0.06167628050770535,"weeklyFactor":0.000002701697963135872},"CBk6Cwj97JELHTswNckDwFfvFHEXgw7PRqGCGnKiX9f3":{"apy":0.01275748994129522,"weeklyFactor":5.58971992372939e-7},"HgUyEp2wcouZ4H4arur44JFMwM2CDtw6as1EJmUmnJb3":{"apy":0.004502407488149451,"weeklyFactor":1.4453817601052007e-7}}