{"GzBARnifWFUkbxNM6wwSuARxB8JdEX1MPJoa9wQu1sqP":{"apy":0.06167729301138625,"weeklyFactor":0.000002701764513693445},"CBk6Cwj97JELHTswNckDwFfvFHEXgw7PRqGCGnKiX9f3":{"apy":0.012757699322407667,"weeklyFactor":5.589857614538162e-7},"J4kicJXo4cWjJch14mY4dHsmBxrdrTYmf5WVXw5nKfsa":{"apy":0.06167729301138625,"weeklyFactor":0.000002701764513693445},"HgUyEp2wcouZ4H4arur44JFMwM2CDtw6as1EJmUmnJb3":{"apy":0.00450025246887531,"weeklyFactor":1.444577617437633e-7}}