{"CBk6Cwj97JELHTswNckDwFfvFHEXgw7PRqGCGnKiX9f3":{"apy":0.13866651246590145,"weeklyFactor":0.005398008189942347},"GzBARnifWFUkbxNM6wwSuARxB8JdEX1MPJoa9wQu1sqP":{"apy":0.5604226911761545,"weeklyFactor":0.005398994325801443},"J4kicJXo4cWjJch14mY4dHsmBxrdrTYmf5WVXw5nKfsa":{"apy":0.5604226911761545,"weeklyFactor":0.005398994325801443}}