{"J4kicJXo4cWjJch14mY4dHsmBxrdrTYmf5WVXw5nKfsa":{"apy":0.11788816418538683,"weeklyFactor":0.000008352598042039685},"CBk6Cwj97JELHTswNckDwFfvFHEXgw7PRqGCGnKiX9f3":{"apy":0.024379260359408406,"weeklyFactor":0.0000017281237328357968},"GzBARnifWFUkbxNM6wwSuARxB8JdEX1MPJoa9wQu1sqP":{"apy":0.11788816418538683,"weeklyFactor":0.000008352598042039685},"HgUyEp2wcouZ4H4arur44JFMwM2CDtw6as1EJmUmnJb3":{"apy":0.004500181476796428,"weeklyFactor":1.444551128857487e-7}}