{"CBk6Cwj97JELHTswNckDwFfvFHEXgw7PRqGCGnKiX9f3":{"apy":0.012770926983241004,"weeklyFactor":5.598560249533729e-7},"J4kicJXo4cWjJch14mY4dHsmBxrdrTYmf5WVXw5nKfsa":{"apy":0.06174125799369712,"weeklyFactor":0.000002705970787274636},"GzBARnifWFUkbxNM6wwSuARxB8JdEX1MPJoa9wQu1sqP":{"apy":0.06174125799369712,"weeklyFactor":0.000002705970787274636},"HgUyEp2wcouZ4H4arur44JFMwM2CDtw6as1EJmUmnJb3":{"apy":0.004497797720515173,"weeklyFactor":1.4436617761354664e-7}}