{"J4kicJXo4cWjJch14mY4dHsmBxrdrTYmf5WVXw5nKfsa":{"apy":0.06362516267317542,"weeklyFactor":0.0000028315814449252045},"GzBARnifWFUkbxNM6wwSuARxB8JdEX1MPJoa9wQu1sqP":{"apy":0.06362516267317542,"weeklyFactor":0.0000028315814449252045},"CBk6Cwj97JELHTswNckDwFfvFHEXgw7PRqGCGnKiX9f3":{"apy":0.014607594354343334,"weeklyFactor":6.886967812102364e-7},"HgUyEp2wcouZ4H4arur44JFMwM2CDtw6as1EJmUmnJb3":{"apy":0.0076221779171659065,"weeklyFactor":2.7436404553920787e-7}}