{"2susv1zhJbuRoCFSfsAf9ruBqemt9B5twrUb8HH9b9aT":{"apy":30.737718332173735,"apySingleTick":32.60194482366066}}