{"GzBARnifWFUkbxNM6wwSuARxB8JdEX1MPJoa9wQu1sqP":{"apy":0.06167629043876133,"weeklyFactor":0.0000027016986158875686},"CBk6Cwj97JELHTswNckDwFfvFHEXgw7PRqGCGnKiX9f3":{"apy":0.012757491995007975,"weeklyFactor":5.589721274250142e-7},"J4kicJXo4cWjJch14mY4dHsmBxrdrTYmf5WVXw5nKfsa":{"apy":0.06167629043876133,"weeklyFactor":0.0000027016986158875686},"HgUyEp2wcouZ4H4arur44JFMwM2CDtw6as1EJmUmnJb3":{"apy":0.004507335203074447,"weeklyFactor":1.4472209775720124e-7}}