{"GzBARnifWFUkbxNM6wwSuARxB8JdEX1MPJoa9wQu1sqP":{"apy":0.06168379128461687,"weeklyFactor":0.000002702191659539559},"CBk6Cwj97JELHTswNckDwFfvFHEXgw7PRqGCGnKiX9f3":{"apy":0.012759043135401882,"weeklyFactor":5.590741364564606e-7},"J4kicJXo4cWjJch14mY4dHsmBxrdrTYmf5WVXw5nKfsa":{"apy":0.06168379128461687,"weeklyFactor":0.000002702191659539559},"HgUyEp2wcouZ4H4arur44JFMwM2CDtw6as1EJmUmnJb3":{"apy":0.004496748192495126,"weeklyFactor":1.4432702551466794e-7}}