{"CBk6Cwj97JELHTswNckDwFfvFHEXgw7PRqGCGnKiX9f3":{"apy":0.014357246026386328,"weeklyFactor":6.701646685191938e-7},"HgUyEp2wcouZ4H4arur44JFMwM2CDtw6as1EJmUmnJb3":{"apy":0.007216730894321621,"weeklyFactor":2.558794582275542e-7},"J4kicJXo4cWjJch14mY4dHsmBxrdrTYmf5WVXw5nKfsa":{"apy":0.06335002757884567,"weeklyFactor":0.0000028130266618124427},"GzBARnifWFUkbxNM6wwSuARxB8JdEX1MPJoa9wQu1sqP":{"apy":0.06335002757884567,"weeklyFactor":0.0000028130266618124427}}