{"CBk6Cwj97JELHTswNckDwFfvFHEXgw7PRqGCGnKiX9f3":{"apy":0.1072151478582084,"weeklyFactor":0.000624432275808276},"GzBARnifWFUkbxNM6wwSuARxB8JdEX1MPJoa9wQu1sqP":{"apy":0.408326560248784,"weeklyFactor":0.0006273381889629705},"HgUyEp2wcouZ4H4arur44JFMwM2CDtw6as1EJmUmnJb3":{"apy":0.10720060943036902,"weeklyFactor":0.0006238096640179023},"J4kicJXo4cWjJch14mY4dHsmBxrdrTYmf5WVXw5nKfsa":{"apy":0.408326560248784,"weeklyFactor":0.0006273381889629705}}