{"J4kicJXo4cWjJch14mY4dHsmBxrdrTYmf5WVXw5nKfsa":{"apy":0.36518639724938406,"weeklyFactor":0.00033986491842785297},"GzBARnifWFUkbxNM6wwSuARxB8JdEX1MPJoa9wQu1sqP":{"apy":0.36518639724938406,"weeklyFactor":0.00033986491842785297},"CBk6Cwj97JELHTswNckDwFfvFHEXgw7PRqGCGnKiX9f3":{"apy":0.09824269298357446,"weeklyFactor":0.0003373102430233643},"HgUyEp2wcouZ4H4arur44JFMwM2CDtw6as1EJmUmnJb3":{"apy":0.0982199287140828,"weeklyFactor":0.00033678343750227074}}