{"CBk6Cwj97JELHTswNckDwFfvFHEXgw7PRqGCGnKiX9f3":{"apy":0.013479132181837272,"weeklyFactor":6.076222115683303e-7},"GzBARnifWFUkbxNM6wwSuARxB8JdEX1MPJoa9wQu1sqP":{"apy":0.0651659723038378,"weeklyFactor":0.000002936840689246931},"J4kicJXo4cWjJch14mY4dHsmBxrdrTYmf5WVXw5nKfsa":{"apy":0.0651659723038378,"weeklyFactor":0.000002936840689246931},"HgUyEp2wcouZ4H4arur44JFMwM2CDtw6as1EJmUmnJb3":{"apy":0.004497904075706494,"weeklyFactor":1.443701452967469e-7}}