{"GzBARnifWFUkbxNM6wwSuARxB8JdEX1MPJoa9wQu1sqP":{"apy":0.06167662467622126,"weeklyFactor":0.000002701720584780261},"CBk6Cwj97JELHTswNckDwFfvFHEXgw7PRqGCGnKiX9f3":{"apy":0.012757561113763138,"weeklyFactor":5.589766727131575e-7},"J4kicJXo4cWjJch14mY4dHsmBxrdrTYmf5WVXw5nKfsa":{"apy":0.06167662467622126,"weeklyFactor":0.000002701720584780261},"HgUyEp2wcouZ4H4arur44JFMwM2CDtw6as1EJmUmnJb3":{"apy":0.0045023226704632435,"weeklyFactor":1.4453501082510475e-7}}