{"J4kicJXo4cWjJch14mY4dHsmBxrdrTYmf5WVXw5nKfsa":{"apy":0.13814500640427774,"weeklyFactor":0.000011775041945532273},"CBk6Cwj97JELHTswNckDwFfvFHEXgw7PRqGCGnKiX9f3":{"apy":0.028573135918508186,"weeklyFactor":0.0000024375886810027114},"GzBARnifWFUkbxNM6wwSuARxB8JdEX1MPJoa9wQu1sqP":{"apy":0.13814500640427774,"weeklyFactor":0.000011775041945532273},"HgUyEp2wcouZ4H4arur44JFMwM2CDtw6as1EJmUmnJb3":{"apy":0.004550812477011057,"weeklyFactor":1.4634753938858328e-7}}