{"CBk6Cwj97JELHTswNckDwFfvFHEXgw7PRqGCGnKiX9f3":{"apy":0.02288903703155931,"weeklyFactor":0.0000015213179749298574},"HgUyEp2wcouZ4H4arur44JFMwM2CDtw6as1EJmUmnJb3":{"apy":0.01934340161142689,"weeklyFactor":0.0000011065092786314096},"J4kicJXo4cWjJch14mY4dHsmBxrdrTYmf5WVXw5nKfsa":{"apy":0.07499450258412477,"weeklyFactor":0.0000036652211881166973},"GzBARnifWFUkbxNM6wwSuARxB8JdEX1MPJoa9wQu1sqP":{"apy":0.07499450258412477,"weeklyFactor":0.0000036652211881166973}}