{"CBk6Cwj97JELHTswNckDwFfvFHEXgw7PRqGCGnKiX9f3":{"apy":0.012758328337358904,"weeklyFactor":5.590271272051938e-7},"J4kicJXo4cWjJch14mY4dHsmBxrdrTYmf5WVXw5nKfsa":{"apy":0.061680334737412856,"weeklyFactor":0.000002701964448158437},"GzBARnifWFUkbxNM6wwSuARxB8JdEX1MPJoa9wQu1sqP":{"apy":0.061680334737412856,"weeklyFactor":0.000002701964448158437},"HgUyEp2wcouZ4H4arur44JFMwM2CDtw6as1EJmUmnJb3":{"apy":0.004496908273354805,"weeklyFactor":1.443329970658846e-7}}