{"GzBARnifWFUkbxNM6wwSuARxB8JdEX1MPJoa9wQu1sqP":{"apy":0.06358135339190607,"weeklyFactor":0.0000028286221501579183},"CBk6Cwj97JELHTswNckDwFfvFHEXgw7PRqGCGnKiX9f3":{"apy":0.01315144728144535,"weeklyFactor":5.852321689981898e-7},"J4kicJXo4cWjJch14mY4dHsmBxrdrTYmf5WVXw5nKfsa":{"apy":0.06358135339190607,"weeklyFactor":0.0000028286221501579183},"HgUyEp2wcouZ4H4arur44JFMwM2CDtw6as1EJmUmnJb3":{"apy":0.004499970179283608,"weeklyFactor":1.4444722902493512e-7}}