{"J4kicJXo4cWjJch14mY4dHsmBxrdrTYmf5WVXw5nKfsa":{"apy":0.13466369116799104,"weeklyFactor":0.000011114812902012985},"CBk6Cwj97JELHTswNckDwFfvFHEXgw7PRqGCGnKiX9f3":{"apy":0.027865270137028553,"weeklyFactor":0.0000023030789229501465},"GzBARnifWFUkbxNM6wwSuARxB8JdEX1MPJoa9wQu1sqP":{"apy":0.13466369116799104,"weeklyFactor":0.000011114812902012985},"HgUyEp2wcouZ4H4arur44JFMwM2CDtw6as1EJmUmnJb3":{"apy":0.004622183891833664,"weeklyFactor":1.4902637033395006e-7}}