{"CBk6Cwj97JELHTswNckDwFfvFHEXgw7PRqGCGnKiX9f3":{"apy":0.013785189998016811,"weeklyFactor":6.289942024242247e-7},"GzBARnifWFUkbxNM6wwSuARxB8JdEX1MPJoa9wQu1sqP":{"apy":0.06273492486696952,"weeklyFactor":0.0000027718058316902136},"HgUyEp2wcouZ4H4arur44JFMwM2CDtw6as1EJmUmnJb3":{"apy":0.006270798107843589,"weeklyFactor":2.1470211709039794e-7},"J4kicJXo4cWjJch14mY4dHsmBxrdrTYmf5WVXw5nKfsa":{"apy":0.06273492486696952,"weeklyFactor":0.0000027718058316902136}}