{"GzBARnifWFUkbxNM6wwSuARxB8JdEX1MPJoa9wQu1sqP":{"apy":0.067139937757843,"weeklyFactor":0.000003075095903210378},"CBk6Cwj97JELHTswNckDwFfvFHEXgw7PRqGCGnKiX9f3":{"apy":0.013887324679306978,"weeklyFactor":6.362267385952503e-7},"J4kicJXo4cWjJch14mY4dHsmBxrdrTYmf5WVXw5nKfsa":{"apy":0.067139937757843,"weeklyFactor":0.000003075095903210378},"HgUyEp2wcouZ4H4arur44JFMwM2CDtw6as1EJmUmnJb3":{"apy":0.004498166286426297,"weeklyFactor":1.4437992744394603e-7}}