{"J4kicJXo4cWjJch14mY4dHsmBxrdrTYmf5WVXw5nKfsa":0.00004436747298441901,"GzBARnifWFUkbxNM6wwSuARxB8JdEX1MPJoa9wQu1sqP":0.00004436747298441901,"CBk6Cwj97JELHTswNckDwFfvFHEXgw7PRqGCGnKiX9f3":0.000009179475557452577}