{"CBk6Cwj97JELHTswNckDwFfvFHEXgw7PRqGCGnKiX9f3":{"apy":0.01275749699003459,"weeklyFactor":5.589724559005181e-7},"J4kicJXo4cWjJch14mY4dHsmBxrdrTYmf5WVXw5nKfsa":{"apy":0.061676314593239745,"weeklyFactor":0.0000027017002035191705},"GzBARnifWFUkbxNM6wwSuARxB8JdEX1MPJoa9wQu1sqP":{"apy":0.061676314593239745,"weeklyFactor":0.0000027017002035191705},"HgUyEp2wcouZ4H4arur44JFMwM2CDtw6as1EJmUmnJb3":{"apy":0.004504788063730558,"weeklyFactor":1.4462702070931008e-7}}