{
  "9yAstgXzyM2qG2JpXjr7yJ5RsYomJopxiPqhsbpjAtUw": {
    "apy": 0,
    "weeklyFactor": [0, 0, 0, 0, 0, 0, 0]
  },
  "EfAJjXZppDeQPRpfjkndsPjUrp6hjcMuACHhghNmYE1t": {
    "apy": 147.32,
    "weeklyFactor": [
      0, 0, 0, 0, 0.0000011092610672728694, 2.59287930610383e-7,
      6.757429383968823e-8
    ]
  }
}
