{"GzBARnifWFUkbxNM6wwSuARxB8JdEX1MPJoa9wQu1sqP":{"apy":0.060180756242367295,"weeklyFactor":[0.0000027016979631358715,0.0000027016979631358715,0.0000027016979631358715,0.0000027016979631358715,0.0000027016979631358715,0.0000026941513207807433,0.000002028404148978982]},"J4kicJXo4cWjJch14mY4dHsmBxrdrTYmf5WVXw5nKfsa":{"apy":0.060180756242367295,"weeklyFactor":[0.0000027016979631358715,0.0000027016979631358715,0.0000027016979631358715,0.0000027016979631358715,0.0000027016979631358715,0.0000026941513207807433,0.000002028404148978982]},"2iH5m7UJNpDpuezFLN9qJMQygHrvAHzWvyoKvNwsG6T7":{"apy":0,"weeklyFactor":[0,0,0,0,0,0,0]},"CBk6Cwj97JELHTswNckDwFfvFHEXgw7PRqGCGnKiX9f3":{"apy":0.012448220565430823,"weeklyFactor":[5.58971992372939e-7,5.58971992372939e-7,5.589719923729389e-7,5.58971992372939e-7,5.589719923729389e-7,5.574106180925676e-7,4.19669823926686e-7]},"HgUyEp2wcouZ4H4arur44JFMwM2CDtw6as1EJmUmnJb3":{"apy":0.004495624068945325,"weeklyFactor":[1.4432250420901664e-7,1.4434213473934117e-7,1.4423781686063097e-7,1.441980807126552e-7,1.4426745130386754e-7,1.443421347393412e-7,1.4428553400088041e-7]}}