{"J4kicJXo4cWjJch14mY4dHsmBxrdrTYmf5WVXw5nKfsa":{"apy":0.12105854752868517,"weeklyFactor":0.000008825563212095606},"CBk6Cwj97JELHTswNckDwFfvFHEXgw7PRqGCGnKiX9f3":{"apy":0.02503650551612946,"weeklyFactor":0.000001826272520377402},"GzBARnifWFUkbxNM6wwSuARxB8JdEX1MPJoa9wQu1sqP":{"apy":0.12105854752868517,"weeklyFactor":0.000008825563212095606},"HgUyEp2wcouZ4H4arur44JFMwM2CDtw6as1EJmUmnJb3":{"apy":0.004514883272510595,"weeklyFactor":1.4500394210582916e-7}}