{"CBk6Cwj97JELHTswNckDwFfvFHEXgw7PRqGCGnKiX9f3":{"apy":0.13641828548129897,"weeklyFactor":0.0046269440159494935},"J4kicJXo4cWjJch14mY4dHsmBxrdrTYmf5WVXw5nKfsa":{"apy":0.5495189858010674,"weeklyFactor":0.004628095378967399},"GzBARnifWFUkbxNM6wwSuARxB8JdEX1MPJoa9wQu1sqP":{"apy":0.5495189858010674,"weeklyFactor":0.004628095378967399}}