{"CBk6Cwj97JELHTswNckDwFfvFHEXgw7PRqGCGnKiX9f3":{"apy":0.01275755094629627,"weeklyFactor":5.589760040931262e-7},"J4kicJXo4cWjJch14mY4dHsmBxrdrTYmf5WVXw5nKfsa":{"apy":0.06167657550939509,"weeklyFactor":0.000002701717353116777},"GzBARnifWFUkbxNM6wwSuARxB8JdEX1MPJoa9wQu1sqP":{"apy":0.06167657550939509,"weeklyFactor":0.000002701717353116777},"HgUyEp2wcouZ4H4arur44JFMwM2CDtw6as1EJmUmnJb3":{"apy":0.00450250524821616,"weeklyFactor":1.445418241970882e-7}}