{"GzBARnifWFUkbxNM6wwSuARxB8JdEX1MPJoa9wQu1sqP":{"apy":0.06169251325196523,"weeklyFactor":0.0000027027650355968767},"J4kicJXo4cWjJch14mY4dHsmBxrdrTYmf5WVXw5nKfsa":{"apy":0.06169251325196523,"weeklyFactor":0.0000027027650355968767},"CBk6Cwj97JELHTswNckDwFfvFHEXgw7PRqGCGnKiX9f3":{"apy":0.012760846797976733,"weeklyFactor":5.591927659855606e-7},"HgUyEp2wcouZ4H4arur44JFMwM2CDtw6as1EJmUmnJb3":{"apy":0.004496839050638357,"weeklyFactor":1.4433041481890445e-7}}