{"CBk6Cwj97JELHTswNckDwFfvFHEXgw7PRqGCGnKiX9f3":{"apy":0.0127576029603782,"weeklyFactor":5.5897942457986e-7},"J4kicJXo4cWjJch14mY4dHsmBxrdrTYmf5WVXw5nKfsa":{"apy":0.061676827033774195,"weeklyFactor":0.0000027017338854693226},"GzBARnifWFUkbxNM6wwSuARxB8JdEX1MPJoa9wQu1sqP":{"apy":0.061676827033774195,"weeklyFactor":0.0000027017338854693226},"HgUyEp2wcouZ4H4arur44JFMwM2CDtw6as1EJmUmnJb3":{"apy":0.004502266009431821,"weeklyFactor":1.445328963858588e-7}}