{"CBk6Cwj97JELHTswNckDwFfvFHEXgw7PRqGCGnKiX9f3":{"apy":0.0803623529427755,"weeklyFactor":0.00009867386318185018},"GzBARnifWFUkbxNM6wwSuARxB8JdEX1MPJoa9wQu1sqP":{"apy":0.28036753220337385,"weeklyFactor":0.00010093661356630521},"HgUyEp2wcouZ4H4arur44JFMwM2CDtw6as1EJmUmnJb3":{"apy":0.08029640245266201,"weeklyFactor":0.00009822670474411435},"J4kicJXo4cWjJch14mY4dHsmBxrdrTYmf5WVXw5nKfsa":{"apy":0.28036753220337385,"weeklyFactor":0.00010093661356630521}}