{"CBk6Cwj97JELHTswNckDwFfvFHEXgw7PRqGCGnKiX9f3":{"apy":0.04189598723483012,"weeklyFactor":0.000006678144732342675},"HgUyEp2wcouZ4H4arur44JFMwM2CDtw6as1EJmUmnJb3":{"apy":0.04101185171103694,"weeklyFactor":0.0000062615487526631784},"J4kicJXo4cWjJch14mY4dHsmBxrdrTYmf5WVXw5nKfsa":{"apy":0.1210768534171347,"weeklyFactor":0.000008828356316262712},"GzBARnifWFUkbxNM6wwSuARxB8JdEX1MPJoa9wQu1sqP":{"apy":0.1210768534171347,"weeklyFactor":0.000008828356316262712}}