{"GzBARnifWFUkbxNM6wwSuARxB8JdEX1MPJoa9wQu1sqP":{"apy":0.10032742080006152,"weeklyFactor":0.0000060852124469369474},"CBk6Cwj97JELHTswNckDwFfvFHEXgw7PRqGCGnKiX9f3":{"apy":0.020749144022635946,"weeklyFactor":0.0000012590094717800581},"J4kicJXo4cWjJch14mY4dHsmBxrdrTYmf5WVXw5nKfsa":{"apy":0.10032742080006152,"weeklyFactor":0.0000060852124469369474},"HgUyEp2wcouZ4H4arur44JFMwM2CDtw6as1EJmUmnJb3":{"apy":0.004498553060594546,"weeklyFactor":1.443943569299126e-7}}