{"J4kicJXo4cWjJch14mY4dHsmBxrdrTYmf5WVXw5nKfsa":{"apy":0.08784394917780158,"weeklyFactor":0.000004784251312191007},"GzBARnifWFUkbxNM6wwSuARxB8JdEX1MPJoa9wQu1sqP":{"apy":0.08784394917780158,"weeklyFactor":0.000004784251312191007},"CBk6Cwj97JELHTswNckDwFfvFHEXgw7PRqGCGnKiX9f3":{"apy":0.029572579873460292,"weeklyFactor":0.00000263898085667774},"HgUyEp2wcouZ4H4arur44JFMwM2CDtw6as1EJmUmnJb3":{"apy":0.02743113182790413,"weeklyFactor":0.0000022237578826613355}}