{"2susv1zhJbuRoCFSfsAf9ruBqemt9B5twrUb8HH9b9aT":{"apy":35.064030446776016,"apySingleTick":47.545794803605304}}