{"GzBARnifWFUkbxNM6wwSuARxB8JdEX1MPJoa9wQu1sqP":{"apy":0.1345043488061748,"weeklyFactor":0.000011085366408954028},"CBk6Cwj97JELHTswNckDwFfvFHEXgw7PRqGCGnKiX9f3":{"apy":0.027813654742847582,"weeklyFactor":0.0000022935240846111777},"J4kicJXo4cWjJch14mY4dHsmBxrdrTYmf5WVXw5nKfsa":{"apy":0.1345043488061748,"weeklyFactor":0.000011085366408954028},"HgUyEp2wcouZ4H4arur44JFMwM2CDtw6as1EJmUmnJb3":{"apy":0.004500294276210681,"weeklyFactor":1.4445932166633155e-7}}