{"J4kicJXo4cWjJch14mY4dHsmBxrdrTYmf5WVXw5nKfsa":{"apy":0.12726389636512625,"weeklyFactor":0.00000981513432173623},"CBk6Cwj97JELHTswNckDwFfvFHEXgw7PRqGCGnKiX9f3":{"apy":0.026319582210287962,"weeklyFactor":0.0000020311175101486654},"GzBARnifWFUkbxNM6wwSuARxB8JdEX1MPJoa9wQu1sqP":{"apy":0.12726389636512625,"weeklyFactor":0.00000981513432173623},"HgUyEp2wcouZ4H4arur44JFMwM2CDtw6as1EJmUmnJb3":{"apy":0.004518020717125815,"weeklyFactor":1.451211370183163e-7}}