{"GzBARnifWFUkbxNM6wwSuARxB8JdEX1MPJoa9wQu1sqP":{"apy":0.1322713696916722,"weeklyFactor":0.00001067963189948926},"CBk6Cwj97JELHTswNckDwFfvFHEXgw7PRqGCGnKiX9f3":{"apy":0.0273521472271554,"weeklyFactor":0.000002209579013687433},"J4kicJXo4cWjJch14mY4dHsmBxrdrTYmf5WVXw5nKfsa":{"apy":0.1322713696916722,"weeklyFactor":0.00001067963189948926},"HgUyEp2wcouZ4H4arur44JFMwM2CDtw6as1EJmUmnJb3":{"apy":0.004500278672847635,"weeklyFactor":1.4445873947001235e-7}}