{"GzBARnifWFUkbxNM6wwSuARxB8JdEX1MPJoa9wQu1sqP":{"apy":0.11423602776619024,"weeklyFactor":0.00000783346982898447},"CBk6Cwj97JELHTswNckDwFfvFHEXgw7PRqGCGnKiX9f3":{"apy":0.023624340742234295,"weeklyFactor":0.00000162071789565196},"J4kicJXo4cWjJch14mY4dHsmBxrdrTYmf5WVXw5nKfsa":{"apy":0.11423602776619024,"weeklyFactor":0.00000783346982898447},"HgUyEp2wcouZ4H4arur44JFMwM2CDtw6as1EJmUmnJb3":{"apy":0.004497623599086786,"weeklyFactor":1.4435968190866927e-7}}