{"CBk6Cwj97JELHTswNckDwFfvFHEXgw7PRqGCGnKiX9f3":{"apy":0.1139510251244591,"weeklyFactor":0.000991246672033367},"GzBARnifWFUkbxNM6wwSuARxB8JdEX1MPJoa9wQu1sqP":{"apy":0.44083264686913815,"weeklyFactor":0.0009946013109860213},"HgUyEp2wcouZ4H4arur44JFMwM2CDtw6as1EJmUmnJb3":{"apy":0.11394006548577362,"weeklyFactor":0.0009905017446667074},"J4kicJXo4cWjJch14mY4dHsmBxrdrTYmf5WVXw5nKfsa":{"apy":0.44083264686913815,"weeklyFactor":0.0009946013109860213}}