{"GzBARnifWFUkbxNM6wwSuARxB8JdEX1MPJoa9wQu1sqP":{"apy":0.06425683878161781,"weeklyFactor":0.000002874455884360324},"CBk6Cwj97JELHTswNckDwFfvFHEXgw7PRqGCGnKiX9f3":{"apy":0.013291132071557854,"weeklyFactor":5.947150105573082e-7},"J4kicJXo4cWjJch14mY4dHsmBxrdrTYmf5WVXw5nKfsa":{"apy":0.06425683878161781,"weeklyFactor":0.000002874455884360324},"HgUyEp2wcouZ4H4arur44JFMwM2CDtw6as1EJmUmnJb3":{"apy":0.0044985501872707445,"weeklyFactor":1.4439424973292513e-7}}