{"CBk6Cwj97JELHTswNckDwFfvFHEXgw7PRqGCGnKiX9f3":{"apy":0.015594943523655758,"weeklyFactor":7.649701524247586e-7},"HgUyEp2wcouZ4H4arur44JFMwM2CDtw6as1EJmUmnJb3":{"apy":0.009183615662244904,"weeklyFactor":3.5055557185058e-7},"J4kicJXo4cWjJch14mY4dHsmBxrdrTYmf5WVXw5nKfsa":{"apy":0.06474637797133642,"weeklyFactor":0.0000029079481217180066},"GzBARnifWFUkbxNM6wwSuARxB8JdEX1MPJoa9wQu1sqP":{"apy":0.06474637797133642,"weeklyFactor":0.0000029079481217180066}}