{"CBk6Cwj97JELHTswNckDwFfvFHEXgw7PRqGCGnKiX9f3":{"apy":0.14091545192012056,"weeklyFactor":0.006297842257151359},"GzBARnifWFUkbxNM6wwSuARxB8JdEX1MPJoa9wQu1sqP":{"apy":0.5713431023568472,"weeklyFactor":0.006299629218602802},"HgUyEp2wcouZ4H4arur44JFMwM2CDtw6as1EJmUmnJb3":{"apy":0.14091449611270956,"weeklyFactor":0.006297429606266335},"J4kicJXo4cWjJch14mY4dHsmBxrdrTYmf5WVXw5nKfsa":{"apy":0.5713431023568472,"weeklyFactor":0.006299629218602802}}