{"J4kicJXo4cWjJch14mY4dHsmBxrdrTYmf5WVXw5nKfsa":{"apy":0.11226586242134573,"weeklyFactor":0.000007564385538001348},"CBk6Cwj97JELHTswNckDwFfvFHEXgw7PRqGCGnKiX9f3":{"apy":0.02321826297531082,"weeklyFactor":0.0000015652039369954504},"GzBARnifWFUkbxNM6wwSuARxB8JdEX1MPJoa9wQu1sqP":{"apy":0.11226586242134573,"weeklyFactor":0.000007564385538001348},"HgUyEp2wcouZ4H4arur44JFMwM2CDtw6as1EJmUmnJb3":{"apy":0.004508338782849286,"weeklyFactor":1.44759562935512e-7}}