{"CBk6Cwj97JELHTswNckDwFfvFHEXgw7PRqGCGnKiX9f3":{"apy":0.012758631079634597,"weeklyFactor":5.590470370057303e-7},"J4kicJXo4cWjJch14mY4dHsmBxrdrTYmf5WVXw5nKfsa":{"apy":0.06168179870749135,"weeklyFactor":0.00000270206067886103},"GzBARnifWFUkbxNM6wwSuARxB8JdEX1MPJoa9wQu1sqP":{"apy":0.06168179870749135,"weeklyFactor":0.00000270206067886103},"HgUyEp2wcouZ4H4arur44JFMwM2CDtw6as1EJmUmnJb3":{"apy":0.004497106195411327,"weeklyFactor":1.4434038031124097e-7}}