{"J4kicJXo4cWjJch14mY4dHsmBxrdrTYmf5WVXw5nKfsa":{"apy":0.06331233157423899,"weeklyFactor":0.000002810490123440483},"CBk6Cwj97JELHTswNckDwFfvFHEXgw7PRqGCGnKiX9f3":{"apy":0.013095815587016446,"weeklyFactor":5.814807151945826e-7},"GzBARnifWFUkbxNM6wwSuARxB8JdEX1MPJoa9wQu1sqP":{"apy":0.06331233157423899,"weeklyFactor":0.000002810490123440483},"HgUyEp2wcouZ4H4arur44JFMwM2CDtw6as1EJmUmnJb3":{"apy":0.0045003205937810264,"weeklyFactor":1.4446030363377903e-7}}