{"CBk6Cwj97JELHTswNckDwFfvFHEXgw7PRqGCGnKiX9f3":{"apy":0.01275750299996048,"weeklyFactor":5.58972851115005e-7},"J4kicJXo4cWjJch14mY4dHsmBxrdrTYmf5WVXw5nKfsa":{"apy":0.061676343655370225,"weeklyFactor":0.000002701702113722523},"GzBARnifWFUkbxNM6wwSuARxB8JdEX1MPJoa9wQu1sqP":{"apy":0.061676343655370225,"weeklyFactor":0.000002701702113722523},"HgUyEp2wcouZ4H4arur44JFMwM2CDtw6as1EJmUmnJb3":{"apy":0.004502986109500284,"weeklyFactor":1.4455976921741795e-7}}