{"CBk6Cwj97JELHTswNckDwFfvFHEXgw7PRqGCGnKiX9f3":{"apy":0.09375672433065141,"weeklyFactor":0.00024787529008534224},"GzBARnifWFUkbxNM6wwSuARxB8JdEX1MPJoa9wQu1sqP":{"apy":0.3436214622266176,"weeklyFactor":0.00024996501998399595},"HgUyEp2wcouZ4H4arur44JFMwM2CDtw6as1EJmUmnJb3":{"apy":0,"weeklyFactor":0.01},"J4kicJXo4cWjJch14mY4dHsmBxrdrTYmf5WVXw5nKfsa":{"apy":0.3436214622266176,"weeklyFactor":0.00024996501998399595}}