{"GzBARnifWFUkbxNM6wwSuARxB8JdEX1MPJoa9wQu1sqP":{"apy":0.0813917538934561,"weeklyFactor":0.000004196876397609005},"CBk6Cwj97JELHTswNckDwFfvFHEXgw7PRqGCGnKiX9f3":{"apy":0.016834240682217505,"weeklyFactor":8.683192546777252e-7},"J4kicJXo4cWjJch14mY4dHsmBxrdrTYmf5WVXw5nKfsa":{"apy":0.0813917538934561,"weeklyFactor":0.000004196876397609005},"HgUyEp2wcouZ4H4arur44JFMwM2CDtw6as1EJmUmnJb3":{"apy":0.0044985622251303425,"weeklyFactor":1.4439469883843168e-7}}