{"CBk6Cwj97JELHTswNckDwFfvFHEXgw7PRqGCGnKiX9f3":{"apy":0.01275749598308451,"weeklyFactor":5.589723896822924e-7},"J4kicJXo4cWjJch14mY4dHsmBxrdrTYmf5WVXw5nKfsa":{"apy":0.06167630972389038,"weeklyFactor":0.0000027016998834644133},"GzBARnifWFUkbxNM6wwSuARxB8JdEX1MPJoa9wQu1sqP":{"apy":0.06167630972389038,"weeklyFactor":0.0000027016998834644133},"HgUyEp2wcouZ4H4arur44JFMwM2CDtw6as1EJmUmnJb3":{"apy":0.004505149114031326,"weeklyFactor":1.4464049661951177e-7}}