{"GzBARnifWFUkbxNM6wwSuARxB8JdEX1MPJoa9wQu1sqP":{"apy":0.06202969857769247,"weeklyFactor":0.0000027249858297213044},"CBk6Cwj97JELHTswNckDwFfvFHEXgw7PRqGCGnKiX9f3":{"apy":0.012830575071087758,"weeklyFactor":5.637901716664768e-7},"J4kicJXo4cWjJch14mY4dHsmBxrdrTYmf5WVXw5nKfsa":{"apy":0.06202969857769247,"weeklyFactor":0.0000027249858297213044},"HgUyEp2wcouZ4H4arur44JFMwM2CDtw6as1EJmUmnJb3":{"apy":0.004498782588080452,"weeklyFactor":1.4440292015352607e-7}}