{"J4kicJXo4cWjJch14mY4dHsmBxrdrTYmf5WVXw5nKfsa":{"apy":0.5386181466848106,"weeklyFactor":0.0039673248531096475},"GzBARnifWFUkbxNM6wwSuARxB8JdEX1MPJoa9wQu1sqP":{"apy":0.5386181466848106,"weeklyFactor":0.0039673248531096475},"CBk6Cwj97JELHTswNckDwFfvFHEXgw7PRqGCGnKiX9f3":{"apy":0.13417018086590016,"weeklyFactor":0.003966031866812762}}