{"J4kicJXo4cWjJch14mY4dHsmBxrdrTYmf5WVXw5nKfsa":{"apy":0.13249512422559562,"weeklyFactor":0.000010719711848375064},"CBk6Cwj97JELHTswNckDwFfvFHEXgw7PRqGCGnKiX9f3":{"apy":0.027424610012083406,"weeklyFactor":0.000002222584210315474},"GzBARnifWFUkbxNM6wwSuARxB8JdEX1MPJoa9wQu1sqP":{"apy":0.13249512422559562,"weeklyFactor":0.000010719711848375064},"HgUyEp2wcouZ4H4arur44JFMwM2CDtw6as1EJmUmnJb3":{"apy":0.004664552393940369,"weeklyFactor":1.506228337081395e-7}}