{
  "EfAJjXZppDeQPRpfjkndsPjUrp6hjcMuACHhghNmYE1t": {
    "apy": 186.09,
    "weeklyFactor": [
      0, 0, 0, 0, 0, 0.0000011092610672728694, 2.59287930610383e-7
    ]
  },
  "9yAstgXzyM2qG2JpXjr7yJ5RsYomJopxiPqhsbpjAtUw": {
    "apy": 0,
    "weeklyFactor": [0, 0, 0, 0, 0, 0, 0]
  }
}
