{"CBk6Cwj97JELHTswNckDwFfvFHEXgw7PRqGCGnKiX9f3":{"apy":0.12068495292458792,"weeklyFactor":0.001573144403069051},"GzBARnifWFUkbxNM6wwSuARxB8JdEX1MPJoa9wQu1sqP":{"apy":0.473292648329382,"weeklyFactor":0.0015749501482390897},"J4kicJXo4cWjJch14mY4dHsmBxrdrTYmf5WVXw5nKfsa":{"apy":0.473292648329382,"weeklyFactor":0.0015749501482390897}}