{"GzBARnifWFUkbxNM6wwSuARxB8JdEX1MPJoa9wQu1sqP":{"apy":0.08420153676549358,"weeklyFactor":0.000004446072803354527},"CBk6Cwj97JELHTswNckDwFfvFHEXgw7PRqGCGnKiX9f3":{"apy":0.01741519361189159,"weeklyFactor":9.19877131728523e-7},"J4kicJXo4cWjJch14mY4dHsmBxrdrTYmf5WVXw5nKfsa":{"apy":0.08420153676549358,"weeklyFactor":0.000004446072803354527},"HgUyEp2wcouZ4H4arur44JFMwM2CDtw6as1EJmUmnJb3":{"apy":0.004498030483546245,"weeklyFactor":1.4437486110033978e-7}}