{"CBk6Cwj97JELHTswNckDwFfvFHEXgw7PRqGCGnKiX9f3":{"apy":0.012764744460902477,"weeklyFactor":5.594491711418861e-7},"J4kicJXo4cWjJch14mY4dHsmBxrdrTYmf5WVXw5nKfsa":{"apy":0.06171136117447684,"weeklyFactor":0.0000027040043271857835},"GzBARnifWFUkbxNM6wwSuARxB8JdEX1MPJoa9wQu1sqP":{"apy":0.06171136117447684,"weeklyFactor":0.0000027040043271857835},"HgUyEp2wcouZ4H4arur44JFMwM2CDtw6as1EJmUmnJb3":{"apy":0.004497145950321801,"weeklyFactor":1.4434186333222315e-7}}