{"CBk6Cwj97JELHTswNckDwFfvFHEXgw7PRqGCGnKiX9f3":{"apy":0.012757501134430527,"weeklyFactor":5.58972728437567e-7},"J4kicJXo4cWjJch14mY4dHsmBxrdrTYmf5WVXw5nKfsa":{"apy":0.06167633463427524,"weeklyFactor":0.000002701701520781573},"GzBARnifWFUkbxNM6wwSuARxB8JdEX1MPJoa9wQu1sqP":{"apy":0.06167633463427524,"weeklyFactor":0.000002701701520781573},"HgUyEp2wcouZ4H4arur44JFMwM2CDtw6as1EJmUmnJb3":{"apy":0.004503579264092394,"weeklyFactor":1.4458190567088725e-7}}