{"GzBARnifWFUkbxNM6wwSuARxB8JdEX1MPJoa9wQu1sqP":{"apy":0.1403427823754244,"weeklyFactor":0.000012208938896702607},"CBk6Cwj97JELHTswNckDwFfvFHEXgw7PRqGCGnKiX9f3":{"apy":0.029020291576098423,"weeklyFactor":0.000002525987357938471},"J4kicJXo4cWjJch14mY4dHsmBxrdrTYmf5WVXw5nKfsa":{"apy":0.1403427823754244,"weeklyFactor":0.000012208938896702607},"HgUyEp2wcouZ4H4arur44JFMwM2CDtw6as1EJmUmnJb3":{"apy":0.004491654421934221,"weeklyFactor":1.4413704509479468e-7}}