{"CBk6Cwj97JELHTswNckDwFfvFHEXgw7PRqGCGnKiX9f3":{"apy":0.012759956278718398,"weeklyFactor":5.591341933944571e-7},"J4kicJXo4cWjJch14mY4dHsmBxrdrTYmf5WVXw5nKfsa":{"apy":0.061688206969767734,"weeklyFactor":0.0000027024819347398755},"GzBARnifWFUkbxNM6wwSuARxB8JdEX1MPJoa9wQu1sqP":{"apy":0.061688206969767734,"weeklyFactor":0.0000027024819347398755},"HgUyEp2wcouZ4H4arur44JFMwM2CDtw6as1EJmUmnJb3":{"apy":0.0044968203111839244,"weeklyFactor":1.443297157740507e-7}}