{"2susv1zhJbuRoCFSfsAf9ruBqemt9B5twrUb8HH9b9aT":{"apy":34.3487548044497,"apySingleTick":46.51406304495711}}