{"GzBARnifWFUkbxNM6wwSuARxB8JdEX1MPJoa9wQu1sqP":{"apy":0.12911381122726606,"weeklyFactor":0.000010127382150495552},"CBk6Cwj97JELHTswNckDwFfvFHEXgw7PRqGCGnKiX9f3":{"apy":0.026699535627394688,"weeklyFactor":0.000002095320444930114},"J4kicJXo4cWjJch14mY4dHsmBxrdrTYmf5WVXw5nKfsa":{"apy":0.12911381122726606,"weeklyFactor":0.000010127382150495552},"HgUyEp2wcouZ4H4arur44JFMwM2CDtw6as1EJmUmnJb3":{"apy":0.004501008394997008,"weeklyFactor":1.444859676753691e-7}}