{"GzBARnifWFUkbxNM6wwSuARxB8JdEX1MPJoa9wQu1sqP":{"apy":0.1372514650469725,"weeklyFactor":0.000011602462451837075},"CBk6Cwj97JELHTswNckDwFfvFHEXgw7PRqGCGnKiX9f3":{"apy":0.028381411861433392,"weeklyFactor":0.000002400509472793876},"J4kicJXo4cWjJch14mY4dHsmBxrdrTYmf5WVXw5nKfsa":{"apy":0.1372514650469725,"weeklyFactor":0.000011602462451837075},"HgUyEp2wcouZ4H4arur44JFMwM2CDtw6as1EJmUmnJb3":{"apy":0.004501744409646236,"weeklyFactor":1.4451343205510997e-7}}