{"CBk6Cwj97JELHTswNckDwFfvFHEXgw7PRqGCGnKiX9f3":{"apy":0.08263162702608629,"weeklyFactor":0.0001153595745964935},"GzBARnifWFUkbxNM6wwSuARxB8JdEX1MPJoa9wQu1sqP":{"apy":0.29174399036093757,"weeklyFactor":0.00011891970899053012},"HgUyEp2wcouZ4H4arur44JFMwM2CDtw6as1EJmUmnJb3":{"apy":0,"weeklyFactor":0.01},"J4kicJXo4cWjJch14mY4dHsmBxrdrTYmf5WVXw5nKfsa":{"apy":0.29174399036093757,"weeklyFactor":0.00011891970899053012}}