{"J4kicJXo4cWjJch14mY4dHsmBxrdrTYmf5WVXw5nKfsa":{"apy":0.1362154960885542,"weeklyFactor":0.000011405091227134725},"CBk6Cwj97JELHTswNckDwFfvFHEXgw7PRqGCGnKiX9f3":{"apy":0.0281807356537378,"weeklyFactor":0.0000023622178954980696},"GzBARnifWFUkbxNM6wwSuARxB8JdEX1MPJoa9wQu1sqP":{"apy":0.1362154960885542,"weeklyFactor":0.000011405091227134725},"HgUyEp2wcouZ4H4arur44JFMwM2CDtw6as1EJmUmnJb3":{"apy":0.00459055628028171,"weeklyFactor":1.4783765087364779e-7}}