{"CBk6Cwj97JELHTswNckDwFfvFHEXgw7PRqGCGnKiX9f3":{"apy":0.08481974859810837,"weeklyFactor":0.00013410424055582807},"HgUyEp2wcouZ4H4arur44JFMwM2CDtw6as1EJmUmnJb3":{"apy":0.08476990767201098,"weeklyFactor":0.00013364522452038386},"J4kicJXo4cWjJch14mY4dHsmBxrdrTYmf5WVXw5nKfsa":{"apy":0.3012893998881161,"weeklyFactor":0.0001364103330896719},"GzBARnifWFUkbxNM6wwSuARxB8JdEX1MPJoa9wQu1sqP":{"apy":0.3012893998881161,"weeklyFactor":0.0001364103330896719}}