{"HvVL7Ny8f4nF9xH6BTq7LtbjEiNgw92YhC77QDP2yjyn":{"apy":100.82885568487848,"apySingleTick":138.5430794869896}}