{"J4kicJXo4cWjJch14mY4dHsmBxrdrTYmf5WVXw5nKfsa":{"apy":0.07323912033756486,"weeklyFactor":0.0000035275750131194365},"GzBARnifWFUkbxNM6wwSuARxB8JdEX1MPJoa9wQu1sqP":{"apy":0.07323912033756486,"weeklyFactor":0.0000035275750131194365},"CBk6Cwj97JELHTswNckDwFfvFHEXgw7PRqGCGnKiX9f3":{"apy":0.02180674645089198,"weeklyFactor":0.0000013838399774217263},"HgUyEp2wcouZ4H4arur44JFMwM2CDtw6as1EJmUmnJb3":{"apy":0.01794908491872249,"weeklyFactor":9.691055041331451e-7}}