{"GzBARnifWFUkbxNM6wwSuARxB8JdEX1MPJoa9wQu1sqP":{"apy":0.12943209281315315,"weeklyFactor":0.000010181935414256786},"J4kicJXo4cWjJch14mY4dHsmBxrdrTYmf5WVXw5nKfsa":{"apy":0.12943209281315315,"weeklyFactor":0.000010181935414256786},"CBk6Cwj97JELHTswNckDwFfvFHEXgw7PRqGCGnKiX9f3":{"apy":0.026802574394535483,"weeklyFactor":0.0000021130219625627244},"HgUyEp2wcouZ4H4arur44JFMwM2CDtw6as1EJmUmnJb3":{"apy":0.00472054677569389,"weeklyFactor":1.527398605914067e-7}}