{"CBk6Cwj97JELHTswNckDwFfvFHEXgw7PRqGCGnKiX9f3":{"apy":0.05202842361593518,"weeklyFactor":0.000013784915438961334},"GzBARnifWFUkbxNM6wwSuARxB8JdEX1MPJoa9wQu1sqP":{"apy":0.15687251301541583,"weeklyFactor":0.000015943820769334797},"HgUyEp2wcouZ4H4arur44JFMwM2CDtw6as1EJmUmnJb3":{"apy":0.05159135211270094,"weeklyFactor":0.000013365880462037481},"J4kicJXo4cWjJch14mY4dHsmBxrdrTYmf5WVXw5nKfsa":{"apy":0.15687251301541583,"weeklyFactor":0.000015943820769334797}}