{"CBk6Cwj97JELHTswNckDwFfvFHEXgw7PRqGCGnKiX9f3":{"apy":0.012757528358475767,"weeklyFactor":5.589745187040191e-7},"J4kicJXo4cWjJch14mY4dHsmBxrdrTYmf5WVXw5nKfsa":{"apy":0.061676466281501696,"weeklyFactor":0.0000027017101737360922},"GzBARnifWFUkbxNM6wwSuARxB8JdEX1MPJoa9wQu1sqP":{"apy":0.061676466281501696,"weeklyFactor":0.0000027017101737360922},"HgUyEp2wcouZ4H4arur44JFMwM2CDtw6as1EJmUmnJb3":{"apy":0.004502880389201103,"weeklyFactor":1.4455582384357155e-7}}