{"J4kicJXo4cWjJch14mY4dHsmBxrdrTYmf5WVXw5nKfsa":{"apy":0.13610101136856123,"weeklyFactor":0.000011383457068968961},"CBk6Cwj97JELHTswNckDwFfvFHEXgw7PRqGCGnKiX9f3":{"apy":0.028143644661859923,"weeklyFactor":0.0000023551980142694388},"GzBARnifWFUkbxNM6wwSuARxB8JdEX1MPJoa9wQu1sqP":{"apy":0.13610101136856123,"weeklyFactor":0.000011383457068968961},"HgUyEp2wcouZ4H4arur44JFMwM2CDtw6as1EJmUmnJb3":{"apy":0.004501017044811206,"weeklyFactor":1.4448629043552121e-7}}