{"CBk6Cwj97JELHTswNckDwFfvFHEXgw7PRqGCGnKiX9f3":{"apy":0.01275754223131198,"weeklyFactor":5.589754309902424e-7},"J4kicJXo4cWjJch14mY4dHsmBxrdrTYmf5WVXw5nKfsa":{"apy":0.06167653336637269,"weeklyFactor":0.000002701714583119505},"GzBARnifWFUkbxNM6wwSuARxB8JdEX1MPJoa9wQu1sqP":{"apy":0.06167653336637269,"weeklyFactor":0.000002701714583119505},"HgUyEp2wcouZ4H4arur44JFMwM2CDtw6as1EJmUmnJb3":{"apy":0.004503046232939845,"weeklyFactor":1.4456201297518595e-7}}