{"CBk6Cwj97JELHTswNckDwFfvFHEXgw7PRqGCGnKiX9f3":{"apy":0.024057813141586948,"weeklyFactor":0.0000016817089720226773},"HgUyEp2wcouZ4H4arur44JFMwM2CDtw6as1EJmUmnJb3":{"apy":0.020817981798493257,"weeklyFactor":0.000001266861765581659},"J4kicJXo4cWjJch14mY4dHsmBxrdrTYmf5WVXw5nKfsa":{"apy":0.07698869940913067,"weeklyFactor":0.000003825808392280168},"GzBARnifWFUkbxNM6wwSuARxB8JdEX1MPJoa9wQu1sqP":{"apy":0.07698869940913067,"weeklyFactor":0.000003825808392280168}}