{"CBk6Cwj97JELHTswNckDwFfvFHEXgw7PRqGCGnKiX9f3":{"apy":0.013413068650125481,"weeklyFactor":6.030676115305999e-7},"HgUyEp2wcouZ4H4arur44JFMwM2CDtw6as1EJmUmnJb3":{"apy":0.005642104004399684,"weeklyFactor":1.8877658325345366e-7},"J4kicJXo4cWjJch14mY4dHsmBxrdrTYmf5WVXw5nKfsa":{"apy":0.06234479951074956,"weeklyFactor":0.0000027458475246744657},"GzBARnifWFUkbxNM6wwSuARxB8JdEX1MPJoa9wQu1sqP":{"apy":0.06234479951074956,"weeklyFactor":0.0000027458475246744657}}