{"J4kicJXo4cWjJch14mY4dHsmBxrdrTYmf5WVXw5nKfsa":{"apy":0.13777196134387992,"weeklyFactor":0.000011702725787003884},"CBk6Cwj97JELHTswNckDwFfvFHEXgw7PRqGCGnKiX9f3":{"apy":0.028497257684945154,"weeklyFactor":0.0000024228555681800846},"GzBARnifWFUkbxNM6wwSuARxB8JdEX1MPJoa9wQu1sqP":{"apy":0.13777196134387992,"weeklyFactor":0.000011702725787003884},"HgUyEp2wcouZ4H4arur44JFMwM2CDtw6as1EJmUmnJb3":{"apy":0.004557580804775974,"weeklyFactor":1.4660101672604142e-7}}