{"CBk6Cwj97JELHTswNckDwFfvFHEXgw7PRqGCGnKiX9f3":{"apy":0.10496546210061464,"weeklyFactor":0.0005351069861627093},"HgUyEp2wcouZ4H4arur44JFMwM2CDtw6as1EJmUmnJb3":{"apy":null,"weeklyFactor":null},"J4kicJXo4cWjJch14mY4dHsmBxrdrTYmf5WVXw5nKfsa":{"apy":0.39738890701581653,"weeklyFactor":0.0005371351667394469},"GzBARnifWFUkbxNM6wwSuARxB8JdEX1MPJoa9wQu1sqP":{"apy":0.39738890701581653,"weeklyFactor":0.0005371351667394469}}