{"CBk6Cwj97JELHTswNckDwFfvFHEXgw7PRqGCGnKiX9f3":{"apy":0.012757774931526633,"weeklyFactor":5.58990733621911e-7},"J4kicJXo4cWjJch14mY4dHsmBxrdrTYmf5WVXw5nKfsa":{"apy":0.06167765863414054,"weeklyFactor":0.000002701788545839236},"GzBARnifWFUkbxNM6wwSuARxB8JdEX1MPJoa9wQu1sqP":{"apy":0.06167765863414054,"weeklyFactor":0.000002701788545839236},"HgUyEp2wcouZ4H4arur44JFMwM2CDtw6as1EJmUmnJb3":{"apy":0.0044986085705245316,"weeklyFactor":1.443964278850002e-7}}