{"CBk6Cwj97JELHTswNckDwFfvFHEXgw7PRqGCGnKiX9f3":{"apy":0.10272190799678338,"weeklyFactor":0.0004587429841383755},"HgUyEp2wcouZ4H4arur44JFMwM2CDtw6as1EJmUmnJb3":{"apy":null,"weeklyFactor":null},"J4kicJXo4cWjJch14mY4dHsmBxrdrTYmf5WVXw5nKfsa":{"apy":0.38659390245605607,"weeklyFactor":0.00046078752834283107},"GzBARnifWFUkbxNM6wwSuARxB8JdEX1MPJoa9wQu1sqP":{"apy":0.38659390245605607,"weeklyFactor":0.00046078752834283107}}