{"J4kicJXo4cWjJch14mY4dHsmBxrdrTYmf5WVXw5nKfsa":{"apy":0.06431589312330122,"weeklyFactor":0.00000287848381334913},"GzBARnifWFUkbxNM6wwSuARxB8JdEX1MPJoa9wQu1sqP":{"apy":0.06431589312330122,"weeklyFactor":0.00000287848381334913},"CBk6Cwj97JELHTswNckDwFfvFHEXgw7PRqGCGnKiX9f3":{"apy":0.015221882196558845,"weeklyFactor":7.355418438459272e-7},"HgUyEp2wcouZ4H4arur44JFMwM2CDtw6as1EJmUmnJb3":{"apy":0.008600550772097648,"weeklyFactor":3.2114518403529124e-7}}