{"GzBARnifWFUkbxNM6wwSuARxB8JdEX1MPJoa9wQu1sqP":{"apy":0.13682009703075426,"weeklyFactor":0.000011519926608501565},"CBk6Cwj97JELHTswNckDwFfvFHEXgw7PRqGCGnKiX9f3":{"apy":0.028303674165064407,"weeklyFactor":0.0000023856135329895556},"J4kicJXo4cWjJch14mY4dHsmBxrdrTYmf5WVXw5nKfsa":{"apy":0.13682009703075426,"weeklyFactor":0.000011519926608501565},"HgUyEp2wcouZ4H4arur44JFMwM2CDtw6as1EJmUmnJb3":{"apy":0.0045774484783489555,"weeklyFactor":1.4734575173882848e-7}}