{"CBk6Cwj97JELHTswNckDwFfvFHEXgw7PRqGCGnKiX9f3":0.029006720559254795,"J4kicJXo4cWjJch14mY4dHsmBxrdrTYmf5WVXw5nKfsa":0.14027711614563732,"GzBARnifWFUkbxNM6wwSuARxB8JdEX1MPJoa9wQu1sqP":0.14027711614563732}