{"J4kicJXo4cWjJch14mY4dHsmBxrdrTYmf5WVXw5nKfsa":{"apy":0.06290983037389175,"weeklyFactor":0.000002783490476449271},"GzBARnifWFUkbxNM6wwSuARxB8JdEX1MPJoa9wQu1sqP":{"apy":0.06290983037389175,"weeklyFactor":0.000002783490476449271},"CBk6Cwj97JELHTswNckDwFfvFHEXgw7PRqGCGnKiX9f3":{"apy":0.013949641225474707,"weeklyFactor":6.406645707661057e-7},"HgUyEp2wcouZ4H4arur44JFMwM2CDtw6as1EJmUmnJb3":{"apy":0.0065457342831365395,"weeklyFactor":2.26396035432675e-7}}