{"GzBARnifWFUkbxNM6wwSuARxB8JdEX1MPJoa9wQu1sqP":{"apy":0.08734409400226184,"weeklyFactor":0.000004736801943390969},"CBk6Cwj97JELHTswNckDwFfvFHEXgw7PRqGCGnKiX9f3":{"apy":0.018064935908679303,"weeklyFactor":9.80027988287787e-7},"J4kicJXo4cWjJch14mY4dHsmBxrdrTYmf5WVXw5nKfsa":{"apy":0.08734409400226184,"weeklyFactor":0.000004736801943390969},"HgUyEp2wcouZ4H4arur44JFMwM2CDtw6as1EJmUmnJb3":{"apy":0.004497943385550762,"weeklyFactor":1.4437161179541096e-7}}