{"J4kicJXo4cWjJch14mY4dHsmBxrdrTYmf5WVXw5nKfsa":{"apy":0.08464967332459938,"weeklyFactor":0.000004486743690897416},"GzBARnifWFUkbxNM6wwSuARxB8JdEX1MPJoa9wQu1sqP":{"apy":0.08464967332459938,"weeklyFactor":0.000004486743690897416},"CBk6Cwj97JELHTswNckDwFfvFHEXgw7PRqGCGnKiX9f3":{"apy":0.028072785676003242,"weeklyFactor":0.000002341836733205625},"HgUyEp2wcouZ4H4arur44JFMwM2CDtw6as1EJmUmnJb3":{"apy":0.025679962229530062,"weeklyFactor":0.0000019267471647302247}}