{"GzBARnifWFUkbxNM6wwSuARxB8JdEX1MPJoa9wQu1sqP":{"apy":0.12015611464724074,"weeklyFactor":0.000008688765139959236},"CBk6Cwj97JELHTswNckDwFfvFHEXgw7PRqGCGnKiX9f3":{"apy":0.02484804902209703,"weeklyFactor":0.0000017976755461984636},"J4kicJXo4cWjJch14mY4dHsmBxrdrTYmf5WVXw5nKfsa":{"apy":0.12015611464724074,"weeklyFactor":0.000008688765139959236},"HgUyEp2wcouZ4H4arur44JFMwM2CDtw6as1EJmUmnJb3":{"apy":0.004496823561228602,"weeklyFactor":1.4432983701230706e-7}}