{"2susv1zhJbuRoCFSfsAf9ruBqemt9B5twrUb8HH9b9aT":{"apy":25.893688786904214,"apySingleTick":31.413527687753696}}