{"CBk6Cwj97JELHTswNckDwFfvFHEXgw7PRqGCGnKiX9f3":{"apy":0.0627238492080684,"weeklyFactor":0.000029145447237590423},"HgUyEp2wcouZ4H4arur44JFMwM2CDtw6as1EJmUmnJb3":{"apy":0.06251306346136687,"weeklyFactor":0.00002872128756919805},"J4kicJXo4cWjJch14mY4dHsmBxrdrTYmf5WVXw5nKfsa":{"apy":0.20066318976574848,"weeklyFactor":0.00003132314317967204},"GzBARnifWFUkbxNM6wwSuARxB8JdEX1MPJoa9wQu1sqP":{"apy":0.20066318976574848,"weeklyFactor":0.00003132314317967204}}