{"CBk6Cwj97JELHTswNckDwFfvFHEXgw7PRqGCGnKiX9f3":{"apy":0.013642739354846611,"weeklyFactor":6.189910295597554e-7},"HgUyEp2wcouZ4H4arur44JFMwM2CDtw6as1EJmUmnJb3":{"apy":0.006031434771869293,"weeklyFactor":2.0469936566942094e-7},"J4kicJXo4cWjJch14mY4dHsmBxrdrTYmf5WVXw5nKfsa":{"apy":0.06258465972615035,"weeklyFactor":0.0000027617904218967363},"GzBARnifWFUkbxNM6wwSuARxB8JdEX1MPJoa9wQu1sqP":{"apy":0.06258465972615035,"weeklyFactor":0.0000027617904218967363}}