{"2susv1zhJbuRoCFSfsAf9ruBqemt9B5twrUb8HH9b9aT":{"apy":62.794379649609965,"apySingleTick":69.80706793008883}}