{"GzBARnifWFUkbxNM6wwSuARxB8JdEX1MPJoa9wQu1sqP":{"apy":0.13672281643475337,"weeklyFactor":0.000011501383044359483},"CBk6Cwj97JELHTswNckDwFfvFHEXgw7PRqGCGnKiX9f3":{"apy":0.028272154971809016,"weeklyFactor":0.0000023795964919364433},"J4kicJXo4cWjJch14mY4dHsmBxrdrTYmf5WVXw5nKfsa":{"apy":0.13672281643475337,"weeklyFactor":0.000011501383044359483},"HgUyEp2wcouZ4H4arur44JFMwM2CDtw6as1EJmUmnJb3":{"apy":0.004501217890129361,"weeklyFactor":1.4449378484285282e-7}}