{"CBk6Cwj97JELHTswNckDwFfvFHEXgw7PRqGCGnKiX9f3":{"apy":0.09376217217513805,"weeklyFactor":0.00024796806907636653},"HgUyEp2wcouZ4H4arur44JFMwM2CDtw6as1EJmUmnJb3":{"apy":0.09373296445056578,"weeklyFactor":0.0002474710547054303},"J4kicJXo4cWjJch14mY4dHsmBxrdrTYmf5WVXw5nKfsa":{"apy":0.34374712601283886,"weeklyFactor":0.00025041345177394844},"GzBARnifWFUkbxNM6wwSuARxB8JdEX1MPJoa9wQu1sqP":{"apy":0.34374712601283886,"weeklyFactor":0.00025041345177394844}}