{"GzBARnifWFUkbxNM6wwSuARxB8JdEX1MPJoa9wQu1sqP":{"apy":0.06167638078382609,"weeklyFactor":0.00000270170455411375},"CBk6Cwj97JELHTswNckDwFfvFHEXgw7PRqGCGnKiX9f3":{"apy":0.012757510677952055,"weeklyFactor":5.589733560235347e-7},"J4kicJXo4cWjJch14mY4dHsmBxrdrTYmf5WVXw5nKfsa":{"apy":0.06167638078382609,"weeklyFactor":0.00000270170455411375},"HgUyEp2wcouZ4H4arur44JFMwM2CDtw6as1EJmUmnJb3":{"apy":0.004502146348772662,"weeklyFactor":1.4452843099508444e-7}}