{"2susv1zhJbuRoCFSfsAf9ruBqemt9B5twrUb8HH9b9aT":{"apy":29.51862128709464,"apySingleTick":31.285173720137173}}