{"CBk6Cwj97JELHTswNckDwFfvFHEXgw7PRqGCGnKiX9f3":{"apy":0.012757495119974926,"weeklyFactor":5.589723329238133e-7},"J4kicJXo4cWjJch14mY4dHsmBxrdrTYmf5WVXw5nKfsa":{"apy":0.06167630555014014,"weeklyFactor":0.000002701699609131765},"GzBARnifWFUkbxNM6wwSuARxB8JdEX1MPJoa9wQu1sqP":{"apy":0.06167630555014014,"weeklyFactor":0.000002701699609131765},"HgUyEp2wcouZ4H4arur44JFMwM2CDtw6as1EJmUmnJb3":{"apy":0.0045053112446513666,"weeklyFactor":1.4464654812294706e-7}}