{"J4kicJXo4cWjJch14mY4dHsmBxrdrTYmf5WVXw5nKfsa":{"apy":0.07169892164538005,"weeklyFactor":0.0000034095925774074987},"GzBARnifWFUkbxNM6wwSuARxB8JdEX1MPJoa9wQu1sqP":{"apy":0.07169892164538005,"weeklyFactor":0.0000034095925774074987},"CBk6Cwj97JELHTswNckDwFfvFHEXgw7PRqGCGnKiX9f3":{"apy":0.020810457747666433,"weeklyFactor":0.000001266001693843328},"HgUyEp2wcouZ4H4arur44JFMwM2CDtw6as1EJmUmnJb3":{"apy":0.016637387994733466,"weeklyFactor":8.513102331193723e-7}}