{"J4kicJXo4cWjJch14mY4dHsmBxrdrTYmf5WVXw5nKfsa":{"apy":0.10762946545948004,"weeklyFactor":0.0000069600305111891845},"CBk6Cwj97JELHTswNckDwFfvFHEXgw7PRqGCGnKiX9f3":{"apy":0.022258667179264613,"weeklyFactor":0.0000014400063126598313},"GzBARnifWFUkbxNM6wwSuARxB8JdEX1MPJoa9wQu1sqP":{"apy":0.10762946545948004,"weeklyFactor":0.0000069600305111891845},"HgUyEp2wcouZ4H4arur44JFMwM2CDtw6as1EJmUmnJb3":{"apy":0.004499579853867175,"weeklyFactor":1.444326656368532e-7}}