{"AvNeVrKZy1FaEG9suboRXNPgmnMwomiU5EvkF6jGxGrX":{"apy":103427.18607890504,"weeklyFactor":0.01920236568764747},"2SgUGxYDczrB6wUzXHPJH65pNhWkEzNMEx3km4xTYUTC":{"apy":0.6590186552039023,"weeklyFactor":0.00001799623373499956},"C7BLPzc1vzLL3Tm5udXELnHDRXeXkdd5f1oMKP8rwUNv":{"apy":0.6590186552039023,"weeklyFactor":0.00001799623373499956},"HbMbeaDH8xtB1a8WpwjNqcXBBGraKJjJ2xFkXEdAy1rY":{"apy":0.6590186552039023,"weeklyFactor":0.00001799623373499956},"4FkGNJMvKFk9PFwn8TBtk1ShUKege6D5Au87ezwLWiqk":{"apy":0.6590186552039023,"weeklyFactor":0.00001799623373499956},"FeKSMTD9Z22kdnMLeNWAfaTXydbhVixUPcfZDW3QS1X4":{"apy":0.6590186552039023,"weeklyFactor":0.00001799623373499956},"HYCzZYupXUyamfTQWNkULW1EFcNPCTA5urnEXCFXkLRh":{"apy":0.6590186552039023,"weeklyFactor":0.00001799623373499956},"7drJL7kEdJfgNzeaEYKDqTkfmiG2ain3nEPtGHDZc6i2":{"apy":0.6590186552039023,"weeklyFactor":0.00001799623373499956},"GmBMZ8BNeNR6mRFqu2ZaFvpxvGPXmc9Aa4a1GWFaxWMv":{"apy":0.6590186552039023,"weeklyFactor":0.00001799623373499956},"FejEVPJBH5TEbgcpupNuRyiMRoeaCQwPvtVU6w3i2xRc":{"apy":139.94371633825403,"weeklyFactor":0.0024007791691053153},"2keDsfcMY6hLvfrmzDAfnMSudMqYczPVcb8MSkK59P9r":{"apy":0.6590186552039023,"weeklyFactor":0.00001799623373499956},"AXSXYioiHGFvQ1XF4zCvXjnVAcMY68WQ4RH5r5nAdah5":{"apy":0.6590186552039023,"weeklyFactor":0.00001799623373499956},"DzCbrMZXNG3XpXuufhBp233LJXvV8Xq1C3q4ksrtbCPP":{"apy":0.6590186552039023,"weeklyFactor":0.00001799623373499956},"5dX3tkVDmbHBWMCQMerAHTmd9wsRvmtKLoQt6qv9fHy7":{"apy":5.611281022911219,"weeklyFactor":0.0001495865498204645},"EWZW9aJmY2LX6ZyV5RU8waHWKF1aGaxzbuBuRQp6G4j":{"apy":0.6590186552039023,"weeklyFactor":0.00001799623373499956},"9bXJSJ3tGjkk8QVSykcGE6KnzdKznfjWP7YXicSRFTe8":{"apy":0.6590186552039023,"weeklyFactor":0.00001799623373499956},"A5U2LbZhwc6GFZtYft6MtbGHFhYyZ1pzCRQkz7D2b2YS":{"apy":0.6590186552039023,"weeklyFactor":0.00001799623373499956},"9fY5jLin2yYMK9Eee5diWzJRZqLaYgEUupUNsKVYAMhi":{"apy":0.6590186552039023,"weeklyFactor":0.00001799623373499956},"B2Mq1fpJ2bZYxxtF4yz6nNvLJLaYzM3zQsHcs2oDqk3z":{"apy":0.6590186552039023,"weeklyFactor":0.00001799623373499956},"5yKHz86cvHocaQnxv4mPJjftA4w7BbJzQQr5rG9miyZ3":{"apy":0.6590186552039023,"weeklyFactor":0.00001799623373499956},"6rvpVhL9fxm2WLMefNRaLwv6aNdivZadMi56teWfSkuU":{"apy":6.081015857495905e+64,"weeklyFactor":0.4859729148702673},"BGz6pBLvc4nuGNsbXYoAE7z466kSjZaoXKJMnEkZWkyD":{"apy":0.6590186552039023,"weeklyFactor":0.00001799623373499956}}