{"HbMbeaDH8xtB1a8WpwjNqcXBBGraKJjJ2xFkXEdAy1rY":{"apy":0.001608989385126769,"weeklyFactor":4.4081547232200234e-8},"C7BLPzc1vzLL3Tm5udXELnHDRXeXkdd5f1oMKP8rwUNv":{"apy":0.001608989385126769,"weeklyFactor":4.4081547232200234e-8},"7drJL7kEdJfgNzeaEYKDqTkfmiG2ain3nEPtGHDZc6i2":{"apy":0.001608989385126769,"weeklyFactor":4.4081547232200234e-8},"4FkGNJMvKFk9PFwn8TBtk1ShUKege6D5Au87ezwLWiqk":{"apy":0.001608989385126769,"weeklyFactor":4.4081547232200234e-8},"HYCzZYupXUyamfTQWNkULW1EFcNPCTA5urnEXCFXkLRh":{"apy":0.001608989385126769,"weeklyFactor":4.4081547232200234e-8},"2SgUGxYDczrB6wUzXHPJH65pNhWkEzNMEx3km4xTYUTC":{"apy":0.001608989385126769,"weeklyFactor":4.4081547232200234e-8},"FeKSMTD9Z22kdnMLeNWAfaTXydbhVixUPcfZDW3QS1X4":{"apy":0.001608989385126769,"weeklyFactor":4.4081547232200234e-8},"AvNeVrKZy1FaEG9suboRXNPgmnMwomiU5EvkF6jGxGrX":{"apy":63.91119871553674,"weeklyFactor":0.0013547651510778783},"2keDsfcMY6hLvfrmzDAfnMSudMqYczPVcb8MSkK59P9r":{"apy":0.001608989385126769,"weeklyFactor":4.4081547232200234e-8},"5dX3tkVDmbHBWMCQMerAHTmd9wsRvmtKLoQt6qv9fHy7":{"apy":0.01337487020987016,"weeklyFactor":3.664103644302237e-7},"DzCbrMZXNG3XpXuufhBp233LJXvV8Xq1C3q4ksrtbCPP":{"apy":0.001608989385126769,"weeklyFactor":4.4081547232200234e-8},"GmBMZ8BNeNR6mRFqu2ZaFvpxvGPXmc9Aa4a1GWFaxWMv":{"apy":0.001608989385126769,"weeklyFactor":4.4081547232200234e-8},"FejEVPJBH5TEbgcpupNuRyiMRoeaCQwPvtVU6w3i2xRc":{"apy":2.306422886577897,"weeklyFactor":0.0000624739235063544},"9bXJSJ3tGjkk8QVSykcGE6KnzdKznfjWP7YXicSRFTe8":{"apy":0.001608989385126769,"weeklyFactor":4.4081547232200234e-8},"AXSXYioiHGFvQ1XF4zCvXjnVAcMY68WQ4RH5r5nAdah5":{"apy":0.001608989385126769,"weeklyFactor":4.4081547232200234e-8},"EWZW9aJmY2LX6ZyV5RU8waHWKF1aGaxzbuBuRQp6G4j":{"apy":0.001608989385126769,"weeklyFactor":4.4081547232200234e-8},"9fY5jLin2yYMK9Eee5diWzJRZqLaYgEUupUNsKVYAMhi":{"apy":0.001608989385126769,"weeklyFactor":4.4081547232200234e-8},"A5U2LbZhwc6GFZtYft6MtbGHFhYyZ1pzCRQkz7D2b2YS":{"apy":0.001608989385126769,"weeklyFactor":4.4081547232200234e-8},"B2Mq1fpJ2bZYxxtF4yz6nNvLJLaYzM3zQsHcs2oDqk3z":{"apy":0.001608989385126769,"weeklyFactor":4.4081547232200234e-8},"5yKHz86cvHocaQnxv4mPJjftA4w7BbJzQQr5rG9miyZ3":{"apy":0.001608989385126769,"weeklyFactor":4.4081547232200234e-8},"6rvpVhL9fxm2WLMefNRaLwv6aNdivZadMi56teWfSkuU":{"apy":373.6146454842793,"weeklyFactor":0.004269977666774507},"BGz6pBLvc4nuGNsbXYoAE7z466kSjZaoXKJMnEkZWkyD":{"apy":0.001608989385126769,"weeklyFactor":4.4081547232200234e-8}}