{"CrMFwYDc3j4d9f9dogyDTx97raJJpAupntzVXm2bL8hH":{"apy":77.459967797077,"weeklyFactor":0.001572673339111649},"7cRPNt4EMSwvmwSrm379JhyG7s49CuCbCfnARzGykkzx":{"apy":77.459967797077,"weeklyFactor":0.001572673339111649},"AG4harXetHAJLmKfQRTvW8uBBhjGDqbSvMQGTAhik4eE":{"apy":77.459967797077,"weeklyFactor":0.001572673339111649},"71QzPrqM26vMDJdtanPqyNyQ7MzqVw3FqzUWTpdNxta2":{"apy":77.459967797077,"weeklyFactor":0.001572673339111649},"6SXW9UNVdiUWJhw4RvfmovbkTEBeb8tvBzPHc8EeVWi":{"apy":77.459967797077,"weeklyFactor":0.001572673339111649},"9gGUAz4psCE2t3NFr8p64hgvXAcQGADtLmrNDTKMJPpC":{"apy":77.459967797077,"weeklyFactor":0.001572673339111649},"7Pzoefg48HurAC8ewRfgJgJmvGSasMYi5zHgQ67cxGTS":{"apy":77.459967797077,"weeklyFactor":0.001572673339111649},"AgUfgteJ5mGWeuKZeUTedwvvu8jLaWGiRE2matEMoHEG":{"apy":77.459967797077,"weeklyFactor":0.001572673339111649},"Di5eqFCEonm8ABWfZph4fermaFbtrU5Jj2mrYdkKM1pT":{"apy":77.459967797077,"weeklyFactor":0.001572673339111649},"6nqWUFzjoJzuZ9FWF6iBjFwUpGX6mZrF25WaWsbwqekM":{"apy":77.459967797077,"weeklyFactor":0.001572673339111649},"BbuK8MkcZSJxx7VtRXB8Up8CqeURv3FRHzdzavPyKr1H":{"apy":77.459967797077,"weeklyFactor":0.001572673339111649},"4NkYxZtSpUzQc2oxktQoRYUSYC4awrtspuAGLq7Sx8A1":{"apy":77.459967797077,"weeklyFactor":0.001572673339111649},"8cQaC9iDd9pGQYcZfK61zgMitBvsW7218WzG55JhonsZ":{"apy":77.459967797077,"weeklyFactor":0.001572673339111649},"8qhdhHUPxCqXDqhYiXDjjDnLAHctt7pEettHU6bTSXFB":{"apy":77.459967797077,"weeklyFactor":0.001572673339111649},"FmV9BnyyAGqVWudkV2S4hq7TGkUfoa8ku6UhKK1UN9zn":{"apy":104.93113980905031,"weeklyFactor":0.0019676973075482746},"CqVgxaQprGDZkBnAFNxKnwgaB5929CT1nSFxYjgUJz4H":{"apy":77.459967797077,"weeklyFactor":0.001572673339111649},"27j5twe2g8Vqr6bGyEjX4dSPKA3s1hu4N1nm9u3gRsmc":{"apy":77.459967797077,"weeklyFactor":0.001572673339111649},"7WxatmehVQjfXYMXoyFXnrRMCpDnMKcShFhNDXUioDpb":{"apy":77.459967797077,"weeklyFactor":0.001572673339111649},"45t3M59UDEkeADxyGq1tJxwoUPQ5kUxeuLsusYBFkBah":{"apy":77.459967797077,"weeklyFactor":0.001572673339111649},"569xM2bZSTijhdB8u15G6e442PVq3PhcJUPFUZM9njvi":{"apy":77.459967797077,"weeklyFactor":0.001572673339111649},"D8W6t585rTrYfhtQQTxozyG6w2oCLpBwLCy7rMsS1rNF":{"apy":77.459967797077,"weeklyFactor":0.001572673339111649},"HUmPDU5amyLXjpZJGwMf6YAa6W9LW2srJjcrSM3FXgUA":{"apy":77.459967797077,"weeklyFactor":0.001572673339111649},"9z35ptatPpnzzfzCXB5k7aJ6jxg4Qyno5xXVMLC7oHAW":{"apy":77.459967797077,"weeklyFactor":0.001572673339111649},"GAd62dWPW36cxUPndsPwB52x1xjeRcJMuZ2SNdZTMzDR":{"apy":77.459967797077,"weeklyFactor":0.001572673339111649},"7w3qaYPMAnbHnyWKqDzHVZcTLfJaDXhB2JdDUkZXuMho":{"apy":77.459967797077,"weeklyFactor":0.001572673339111649},"GYXWHy8iakBiffXh6NinMnxkuJkmNrMPry6zCPQdeaJ2":{"apy":77.459967797077,"weeklyFactor":0.001572673339111649},"79RBFWfLKbJMNHzF6sqsAb7z9iXY1kyNFpuW6HJQQW4f":{"apy":77.459967797077,"weeklyFactor":0.001572673339111649},"FKh586sYqro7RsTYsr7Wwc6b95bdkWCLEDKRc8fmBruh":{"apy":77.459967797077,"weeklyFactor":0.001572673339111649},"6m8H4nKpm5fEQqKBaniRUYQfeaH7pjMkPPFiMnGXZEd8":{"apy":77.459967797077,"weeklyFactor":0.001572673339111649},"EKYai7Zh1qPtRtkkYJcCvdEPo2fXj3bfuTGoNUSJ4Z1m":{"apy":77.459967797077,"weeklyFactor":0.001572673339111649},"84GSk7hjwaUwX5wxmvnHiTtSnffPYP7dnmoP6ZJ5TnSR":{"apy":77.459967797077,"weeklyFactor":0.001572673339111649},"GBEo8NoJAg5woWXXWXKT5xaWVUmxsqYgLkvyLkFDEgzY":{"apy":77.459967797077,"weeklyFactor":0.001572673339111649},"EGLDBGNDaC1pr3iznmGDUSVLmFE8DGR1LruUHTwCFhhy":{"apy":77.459967797077,"weeklyFactor":0.001572673339111649},"BZSp8EvV8XTfNrsyBXrF2xGB3L7SbHSwhmJ7RD74zmAH":{"apy":77.459967797077,"weeklyFactor":0.001572673339111649},"xQob6CJEuPD23kbMENHWGWT7ho4Anwx4dpH7pBbX6MY":{"apy":77.459967797077,"weeklyFactor":0.001572673339111649},"2ShQGNv3YNqABBSEVGwSk9s1UCaDMGGehdbnjiJ1HmYn":{"apy":5.859996173316703e+60,"weeklyFactor":0.4487983339799781},"6zPRRm2tjgUYPrnSboaxr2RvovB9y5vT9f4kYyzdbbri":{"apy":77.459967797077,"weeklyFactor":0.001572673339111649},"A7AwVVu1y1bzz86LQrLbVtgC43k7LES6Lesc8ao7MGFP":{"apy":77.459967797077,"weeklyFactor":0.001572673339111649},"51DNyWAJ7pa67DzkbHfipbZYW5hUSSRYsec5iHndtZ2W":{"apy":77.459967797077,"weeklyFactor":0.001572673339111649},"NvbSrT458e6LCeLq257rH73dZ7btcq1TPkQVsyL8ouT":{"apy":77.459967797077,"weeklyFactor":0.001572673339111649},"HZwUnXYy27TUWQucuuSM8dYJxxCgUMgfDf83vZNz7CKe":{"apy":77.459967797077,"weeklyFactor":0.001572673339111649},"A4maCv1LM7rjpUzzM7JP4wg61VchwCovKiRqo3fbXSgF":{"apy":77.459967797077,"weeklyFactor":0.001572673339111649},"6Cr9rtgY4c7H6DZzaCTgVpeFK8TpdcuhZXeZ2wqPhCD3":{"apy":77.459967797077,"weeklyFactor":0.001572673339111649},"GGAtxXgYGP5YzxbhhnuYCwZJV24idnSp31XK81Lqu6vi":{"apy":53.481950712193836,"weeklyFactor":0.0011744227639511595},"6fJ7t3uvmosPqXY51Qcwdc126miSnTF2bt7xgG5fyPgX":{"apy":77.459967797077,"weeklyFactor":0.001572673339111649},"BvPLZDd4cHfNeUy3F9tv8PQkJSWtwe5EyFpyTm81tQ9g":{"apy":77.459967797077,"weeklyFactor":0.001572673339111649},"6W6iaKmdBNqyFrXmJqB5yrebr3KowYDs4F9Nide4ARYL":{"apy":77.459967797077,"weeklyFactor":0.001572673339111649},"82g9tPxdE3UgLiSoA4KkV6S7hXKdN4RDjcbBiqTwWSWw":{"apy":77.459967797077,"weeklyFactor":0.001572673339111649},"5yjxDcJzH1yaKYA6AH7GEgxtC6rdqy2kSCifjMLcmh8b":{"apy":77.459967797077,"weeklyFactor":0.001572673339111649},"Hb2freG61xfMgmH6CUJDiyjG5zbbfcp9a6TQ2SJvs2Ur":{"apy":77.459967797077,"weeklyFactor":0.001572673339111649},"Hb3evEtCB4ykLYYKFGkGgVuaCyrWFbXwe3jtkMSkq6Ve":{"apy":77.459967797077,"weeklyFactor":0.001572673339111649},"F8fj2myqZcw5CZy8yaNZDJXS2rzB7FL79maFBJM16WPu":{"apy":77.459967797077,"weeklyFactor":0.001572673339111649},"93b5xNohGF24cbbGn7pw4QUKGLcrXdBVGw8gRsxTNcUx":{"apy":77.459967797077,"weeklyFactor":0.001572673339111649},"7SaJ5xEHTtWrFoJcNrNkJKb4pHJSDoMtzvcyHXJuhZRf":{"apy":77.459967797077,"weeklyFactor":0.001572673339111649},"3a3EdoS5MvDcw9K8GdAb2FD7A9cUK6TuAqboJX23DQNM":{"apy":77.459967797077,"weeklyFactor":0.001572673339111649},"Fb8rVemMjXE9r7FNK7DTmUdDhQDa3jFufkqrH2bsDYWX":{"apy":77.459967797077,"weeklyFactor":0.001572673339111649},"bfSBHwyL6PNjpeQEyrjsnbo7TzGRttbymvN74Y9czN3":{"apy":77.459967797077,"weeklyFactor":0.001572673339111649},"5Wc3GkVnPmfRMgumstAEtT1yWYR7nBeyjYEQonz91bpb":{"apy":77.459967797077,"weeklyFactor":0.001572673339111649},"hLZNVV8EbeLCjkXCxfBePjAcuPSwCryWtiStoV7E4cU":{"apy":77.459967797077,"weeklyFactor":0.001572673339111649},"CssW9uGzH22u9CUkft1xgqHgKCGCTrCL6Ma93wLY94dq":{"apy":77.459967797077,"weeklyFactor":0.001572673339111649},"As83NX9BsHUx5RBuRWGWzByzXsSEoThVzcTpHrNkvUFt":{"apy":77.459967797077,"weeklyFactor":0.001572673339111649},"8PhY9FH6ZQT74nnBuxxoVs4nYk9NUWwguFfWrZHGiAwK":{"apy":77.459967797077,"weeklyFactor":0.001572673339111649},"CHQ8Ti9L3z9aLfML1ULf78ZaGFwaTMA6GFcteBvMgmAG":{"apy":77.459967797077,"weeklyFactor":0.001572673339111649},"HbJhdrHeagEKTKLiajwXSvgETRs652U3vcMHpQS5y8qr":{"apy":77.459967797077,"weeklyFactor":0.001572673339111649},"ApkrPbiWzEmkRj92g8tpzMNNXGkTogRNMQfESaUQAykv":{"apy":77.459967797077,"weeklyFactor":0.001572673339111649},"DkFWVeEchx65Q9vymQjDjdfY472vV4JvkXompH5s4u6u":{"apy":77.459967797077,"weeklyFactor":0.001572673339111649},"91efQM48sjFp5YPLRPVVFwxoER2YiYzy9BfhPeAk8oNS":{"apy":77.459967797077,"weeklyFactor":0.001572673339111649},"74nxLDML7sZeFjeqLteu89kGxC18ZRdsSHsMP9q5BALP":{"apy":77.459967797077,"weeklyFactor":0.001572673339111649},"CC72FniNhUM41xSoA5h1idGxstrKXDqqhnYzfyBTSZDG":{"apy":8.145149680432904e+48,"weeklyFactor":0.34438299709200776},"8krGUkrubzsymUFmy5ncJHiE5RwyDEWazvwfahii7UW1":{"apy":77.459967797077,"weeklyFactor":0.001572673339111649},"HyXFTA4sq7NM4Bs49zPu25T1fzE5KXabafoiC4qAWjxR":{"apy":77.459967797077,"weeklyFactor":0.001572673339111649},"9chT2PBZvM3TLfPQeHWyWREMUY8eLVp2uK5NnkGh3upt":{"apy":77.459967797077,"weeklyFactor":0.001572673339111649},"7p9iJfB1ToLYv55JontFhAt1K5rA57oa9AWyrZRaRX4A":{"apy":77.459967797077,"weeklyFactor":0.001572673339111649},"2Ag3cXASMvi9aNTc3iPT2R31zVxQXeawhsx4Ukf2xTeH":{"apy":77.459967797077,"weeklyFactor":0.001572673339111649},