{"A7AwVVu1y1bzz86LQrLbVtgC43k7LES6Lesc8ao7MGFP":{"apy":6.8567357948821295,"weeklyFactor":0.00018171194190998578},"AG4harXetHAJLmKfQRTvW8uBBhjGDqbSvMQGTAhik4eE":{"apy":6.8567357948821295,"weeklyFactor":0.00018171194190998578},"BZSp8EvV8XTfNrsyBXrF2xGB3L7SbHSwhmJ7RD74zmAH":{"apy":6.8567357948821295,"weeklyFactor":0.00018171194190998578},"GGAtxXgYGP5YzxbhhnuYCwZJV24idnSp31XK81Lqu6vi":{"apy":261.5039705072278,"weeklyFactor":0.003527035097272891},"9z35ptatPpnzzfzCXB5k7aJ6jxg4Qyno5xXVMLC7oHAW":{"apy":6.8567357948821295,"weeklyFactor":0.00018171194190998578},"8cQaC9iDd9pGQYcZfK61zgMitBvsW7218WzG55JhonsZ":{"apy":6.8567357948821295,"weeklyFactor":0.00018171194190998578},"7w3qaYPMAnbHnyWKqDzHVZcTLfJaDXhB2JdDUkZXuMho":{"apy":6.8567357948821295,"weeklyFactor":0.00018171194190998578},"xQob6CJEuPD23kbMENHWGWT7ho4Anwx4dpH7pBbX6MY":{"apy":6.8567357948821295,"weeklyFactor":0.00018171194190998578},"45t3M59UDEkeADxyGq1tJxwoUPQ5kUxeuLsusYBFkBah":{"apy":6.8567357948821295,"weeklyFactor":0.00018171194190998578},"EGLDBGNDaC1pr3iznmGDUSVLmFE8DGR1LruUHTwCFhhy":{"apy":6.8567357948821295,"weeklyFactor":0.00018171194190998578},"HUmPDU5amyLXjpZJGwMf6YAa6W9LW2srJjcrSM3FXgUA":{"apy":6.8567357948821295,"weeklyFactor":0.00018171194190998578},"NvbSrT458e6LCeLq257rH73dZ7btcq1TPkQVsyL8ouT":{"apy":6.8567357948821295,"weeklyFactor":0.00018171194190998578},"5yjxDcJzH1yaKYA6AH7GEgxtC6rdqy2kSCifjMLcmh8b":{"apy":6.8567357948821295,"weeklyFactor":0.00018171194190998578},"AgUfgteJ5mGWeuKZeUTedwvvu8jLaWGiRE2matEMoHEG":{"apy":6.8567357948821295,"weeklyFactor":0.00018171194190998578},"6W6iaKmdBNqyFrXmJqB5yrebr3KowYDs4F9Nide4ARYL":{"apy":6.8567357948821295,"weeklyFactor":0.00018171194190998578},"6m8H4nKpm5fEQqKBaniRUYQfeaH7pjMkPPFiMnGXZEd8":{"apy":6.8567357948821295,"weeklyFactor":0.00018171194190998578},"CrMFwYDc3j4d9f9dogyDTx97raJJpAupntzVXm2bL8hH":{"apy":6.8567357948821295,"weeklyFactor":0.00018171194190998578},"7Pzoefg48HurAC8ewRfgJgJmvGSasMYi5zHgQ67cxGTS":{"apy":6.8567357948821295,"weeklyFactor":0.00018171194190998578},"6fJ7t3uvmosPqXY51Qcwdc126miSnTF2bt7xgG5fyPgX":{"apy":6.8567357948821295,"weeklyFactor":0.00018171194190998578},"GBEo8NoJAg5woWXXWXKT5xaWVUmxsqYgLkvyLkFDEgzY":{"apy":6.8567357948821295,"weeklyFactor":0.00018171194190998578},"CqVgxaQprGDZkBnAFNxKnwgaB5929CT1nSFxYjgUJz4H":{"apy":6.8567357948821295,"weeklyFactor":0.00018171194190998578},"Di5eqFCEonm8ABWfZph4fermaFbtrU5Jj2mrYdkKM1pT":{"apy":6.8567357948821295,"weeklyFactor":0.00018171194190998578},"79RBFWfLKbJMNHzF6sqsAb7z9iXY1kyNFpuW6HJQQW4f":{"apy":6.8567357948821295,"weeklyFactor":0.00018171194190998578},"4NkYxZtSpUzQc2oxktQoRYUSYC4awrtspuAGLq7Sx8A1":{"apy":6.8567357948821295,"weeklyFactor":0.00018171194190998578},"EKYai7Zh1qPtRtkkYJcCvdEPo2fXj3bfuTGoNUSJ4Z1m":{"apy":6.8567357948821295,"weeklyFactor":0.00018171194190998578},"7cRPNt4EMSwvmwSrm379JhyG7s49CuCbCfnARzGykkzx":{"apy":6.8567357948821295,"weeklyFactor":0.00018171194190998578},"FmV9BnyyAGqVWudkV2S4hq7TGkUfoa8ku6UhKK1UN9zn":{"apy":41.050837013688366,"weeklyFactor":0.0009427734073580087},"BvPLZDd4cHfNeUy3F9tv8PQkJSWtwe5EyFpyTm81tQ9g":{"apy":6.8567357948821295,"weeklyFactor":0.00018171194190998578},"27j5twe2g8Vqr6bGyEjX4dSPKA3s1hu4N1nm9u3gRsmc":{"apy":6.8567357948821295,"weeklyFactor":0.00018171194190998578},"84GSk7hjwaUwX5wxmvnHiTtSnffPYP7dnmoP6ZJ5TnSR":{"apy":6.8567357948821295,"weeklyFactor":0.00018171194190998578},"6SXW9UNVdiUWJhw4RvfmovbkTEBeb8tvBzPHc8EeVWi":{"apy":6.8567357948821295,"weeklyFactor":0.00018171194190998578},"82g9tPxdE3UgLiSoA4KkV6S7hXKdN4RDjcbBiqTwWSWw":{"apy":6.8567357948821295,"weeklyFactor":0.00018171194190998578},"A4maCv1LM7rjpUzzM7JP4wg61VchwCovKiRqo3fbXSgF":{"apy":6.8567357948821295,"weeklyFactor":0.00018171194190998578},"6Cr9rtgY4c7H6DZzaCTgVpeFK8TpdcuhZXeZ2wqPhCD3":{"apy":6.8567357948821295,"weeklyFactor":0.00018171194190998578},"7WxatmehVQjfXYMXoyFXnrRMCpDnMKcShFhNDXUioDpb":{"apy":6.8567357948821295,"weeklyFactor":0.00018171194190998578},"GYXWHy8iakBiffXh6NinMnxkuJkmNrMPry6zCPQdeaJ2":{"apy":6.8567357948821295,"weeklyFactor":0.00018171194190998578},"569xM2bZSTijhdB8u15G6e442PVq3PhcJUPFUZM9njvi":{"apy":6.8567357948821295,"weeklyFactor":0.00018171194190998578},"9gGUAz4psCE2t3NFr8p64hgvXAcQGADtLmrNDTKMJPpC":{"apy":6.8567357948821295,"weeklyFactor":0.00018171194190998578},"BbuK8MkcZSJxx7VtRXB8Up8CqeURv3FRHzdzavPyKr1H":{"apy":6.8567357948821295,"weeklyFactor":0.00018171194190998578},"D8W6t585rTrYfhtQQTxozyG6w2oCLpBwLCy7rMsS1rNF":{"apy":6.8567357948821295,"weeklyFactor":0.00018171194190998578},"FKh586sYqro7RsTYsr7Wwc6b95bdkWCLEDKRc8fmBruh":{"apy":6.8567357948821295,"weeklyFactor":0.00018171194190998578},"6zPRRm2tjgUYPrnSboaxr2RvovB9y5vT9f4kYyzdbbri":{"apy":6.8567357948821295,"weeklyFactor":0.00018171194190998578},"GAd62dWPW36cxUPndsPwB52x1xjeRcJMuZ2SNdZTMzDR":{"apy":6.8567357948821295,"weeklyFactor":0.00018171194190998578},"8qhdhHUPxCqXDqhYiXDjjDnLAHctt7pEettHU6bTSXFB":{"apy":6.8567357948821295,"weeklyFactor":0.00018171194190998578},"71QzPrqM26vMDJdtanPqyNyQ7MzqVw3FqzUWTpdNxta2":{"apy":6.8567357948821295,"weeklyFactor":0.00018171194190998578},"6nqWUFzjoJzuZ9FWF6iBjFwUpGX6mZrF25WaWsbwqekM":{"apy":6.8567357948821295,"weeklyFactor":0.00018171194190998578},"51DNyWAJ7pa67DzkbHfipbZYW5hUSSRYsec5iHndtZ2W":{"apy":6.8567357948821295,"weeklyFactor":0.00018171194190998578},"2ShQGNv3YNqABBSEVGwSk9s1UCaDMGGehdbnjiJ1HmYn":{"apy":0,"weeklyFactor":11.83853940403084},"HZwUnXYy27TUWQucuuSM8dYJxxCgUMgfDf83vZNz7CKe":{"apy":6.8567357948821295,"weeklyFactor":0.00018171194190998578},"bfSBHwyL6PNjpeQEyrjsnbo7TzGRttbymvN74Y9czN3":{"apy":6.8567357948821295,"weeklyFactor":0.00018171194190998578},"Hb2freG61xfMgmH6CUJDiyjG5zbbfcp9a6TQ2SJvs2Ur":{"apy":6.8567357948821295,"weeklyFactor":0.00018171194190998578},"CssW9uGzH22u9CUkft1xgqHgKCGCTrCL6Ma93wLY94dq":{"apy":6.8567357948821295,"weeklyFactor":0.00018171194190998578},"HbJhdrHeagEKTKLiajwXSvgETRs652U3vcMHpQS5y8qr":{"apy":6.8567357948821295,"weeklyFactor":0.00018171194190998578},"8krGUkrubzsymUFmy5ncJHiE5RwyDEWazvwfahii7UW1":{"apy":6.8567357948821295,"weeklyFactor":0.00018171194190998578},"DkFWVeEchx65Q9vymQjDjdfY472vV4JvkXompH5s4u6u":{"apy":6.8567357948821295,"weeklyFactor":0.00018171194190998578},"91efQM48sjFp5YPLRPVVFwxoER2YiYzy9BfhPeAk8oNS":{"apy":6.8567357948821295,"weeklyFactor":0.00018171194190998578},"74nxLDML7sZeFjeqLteu89kGxC18ZRdsSHsMP9q5BALP":{"apy":6.8567357948821295,"weeklyFactor":0.00018171194190998578},"3a3EdoS5MvDcw9K8GdAb2FD7A9cUK6TuAqboJX23DQNM":{"apy":6.8567357948821295,"weeklyFactor":0.00018171194190998578},"Hb3evEtCB4ykLYYKFGkGgVuaCyrWFbXwe3jtkMSkq6Ve":{"apy":6.8567357948821295,"weeklyFactor":0.00018171194190998578},"CHQ8Ti9L3z9aLfML1ULf78ZaGFwaTMA6GFcteBvMgmAG":{"apy":6.8567357948821295,"weeklyFactor":0.00018171194190998578},"93b5xNohGF24cbbGn7pw4QUKGLcrXdBVGw8gRsxTNcUx":{"apy":6.8567357948821295,"weeklyFactor":0.00018171194190998578},"F8fj2myqZcw5CZy8yaNZDJXS2rzB7FL79maFBJM16WPu":{"apy":6.8567357948821295,"weeklyFactor":0.00018171194190998578},"hLZNVV8EbeLCjkXCxfBePjAcuPSwCryWtiStoV7E4cU":{"apy":6.8567357948821295,"weeklyFactor":0.00018171194190998578},"CC72FniNhUM41xSoA5h1idGxstrKXDqqhnYzfyBTSZDG":{"apy":354283514.63765514,"weeklyFactor":0.04218166303978559},"ApkrPbiWzEmkRj92g8tpzMNNXGkTogRNMQfESaUQAykv":{"apy":6.8567357948821295,"weeklyFactor":0.00018171194190998578},"Fb8rVemMjXE9r7FNK7DTmUdDhQDa3jFufkqrH2bsDYWX":{"apy":6.8567357948821295,"weeklyFactor":0.00018171194190998578},"7SaJ5xEHTtWrFoJcNrNkJKb4pHJSDoMtzvcyHXJuhZRf":{"apy":6.8567357948821295,"weeklyFactor":0.00018171194190998578},"5Wc3GkVnPmfRMgumstAEtT1yWYR7nBeyjYEQonz91bpb":{"apy":6.8567357948821295,"weeklyFactor":0.00018171194190998578},"8PhY9FH6ZQT74nnBuxxoVs4nYk9NUWwguFfWrZHGiAwK":{"apy":6.8567357948821295,"weeklyFactor":0.00018171194190998578},"As83NX9BsHUx5RBuRWGWzByzXsSEoThVzcTpHrNkvUFt":{"apy":6.8567357948821295,"weeklyFactor":0.00018171194190998578},"YkDo4ooVf3Sw79y84w3HCy7aGFd6UMfkGdgDMiHdprx":{"apy":6.8567357948821295,"weeklyFactor":0.00018171194190998578},"Ee7EsMJ6bYN99FKVTc9SEpX9HucyHg4AGuQpRuP9Ac4c":{"apy":6.8567357948821295,