{"7drJL7kEdJfgNzeaEYKDqTkfmiG2ain3nEPtGHDZc6i2":{"apy":0.03010259091205114,"weeklyFactor":8.24604750717976e-7},"HbMbeaDH8xtB1a8WpwjNqcXBBGraKJjJ2xFkXEdAy1rY":{"apy":0.03010259091205114,"weeklyFactor":8.24604750717976e-7},"4FkGNJMvKFk9PFwn8TBtk1ShUKege6D5Au87ezwLWiqk":{"apy":0.03010259091205114,"weeklyFactor":8.24604750717976e-7},"FeKSMTD9Z22kdnMLeNWAfaTXydbhVixUPcfZDW3QS1X4":{"apy":0.03010259091205114,"weeklyFactor":8.24604750717976e-7},"HYCzZYupXUyamfTQWNkULW1EFcNPCTA5urnEXCFXkLRh":{"apy":0.03010259091205114,"weeklyFactor":8.24604750717976e-7},"AvNeVrKZy1FaEG9suboRXNPgmnMwomiU5EvkF6jGxGrX":{"apy":2082.419017150708,"weeklyFactor":0.008482400792615497},"2SgUGxYDczrB6wUzXHPJH65pNhWkEzNMEx3km4xTYUTC":{"apy":0.03010259091205114,"weeklyFactor":8.24604750717976e-7},"C7BLPzc1vzLL3Tm5udXELnHDRXeXkdd5f1oMKP8rwUNv":{"apy":0.03010259091205114,"weeklyFactor":8.24604750717976e-7},"GmBMZ8BNeNR6mRFqu2ZaFvpxvGPXmc9Aa4a1GWFaxWMv":{"apy":0.03010259091205114,"weeklyFactor":8.24604750717976e-7},"FejEVPJBH5TEbgcpupNuRyiMRoeaCQwPvtVU6w3i2xRc":{"apy":53.15977231933595,"weeklyFactor":0.0011686589367648195},"5dX3tkVDmbHBWMCQMerAHTmd9wsRvmtKLoQt6qv9fHy7":{"apy":0.25049063604500876,"weeklyFactor":0.00000685419968654732},"DzCbrMZXNG3XpXuufhBp233LJXvV8Xq1C3q4ksrtbCPP":{"apy":0.03010259091205114,"weeklyFactor":8.24604750717976e-7},"9bXJSJ3tGjkk8QVSykcGE6KnzdKznfjWP7YXicSRFTe8":{"apy":0.03010259091205114,"weeklyFactor":8.24604750717976e-7},"AXSXYioiHGFvQ1XF4zCvXjnVAcMY68WQ4RH5r5nAdah5":{"apy":0.03010259091205114,"weeklyFactor":8.24604750717976e-7},"2keDsfcMY6hLvfrmzDAfnMSudMqYczPVcb8MSkK59P9r":{"apy":0.03010259091205114,"weeklyFactor":8.24604750717976e-7},"EWZW9aJmY2LX6ZyV5RU8waHWKF1aGaxzbuBuRQp6G4j":{"apy":0.03010259091205114,"weeklyFactor":8.24604750717976e-7},"A5U2LbZhwc6GFZtYft6MtbGHFhYyZ1pzCRQkz7D2b2YS":{"apy":0.03010259091205114,"weeklyFactor":8.24604750717976e-7},"9fY5jLin2yYMK9Eee5diWzJRZqLaYgEUupUNsKVYAMhi":{"apy":0.03010259091205114,"weeklyFactor":8.24604750717976e-7},"B2Mq1fpJ2bZYxxtF4yz6nNvLJLaYzM3zQsHcs2oDqk3z":{"apy":0.03010259091205114,"weeklyFactor":8.24604750717976e-7},"6rvpVhL9fxm2WLMefNRaLwv6aNdivZadMi56teWfSkuU":{"apy":151853080687770.72,"weeklyFactor":0.07987568700651014},"5yKHz86cvHocaQnxv4mPJjftA4w7BbJzQQr5rG9miyZ3":{"apy":0.03010259091205114,"weeklyFactor":8.24604750717976e-7},"BGz6pBLvc4nuGNsbXYoAE7z466kSjZaoXKJMnEkZWkyD":{"apy":0.03010259091205114,"weeklyFactor":8.24604750717976e-7}}