{"A7AwVVu1y1bzz86LQrLbVtgC43k7LES6Lesc8ao7MGFP":{"apy":63.50784109192704,"weeklyFactor":0.0013480057192385565},"AG4harXetHAJLmKfQRTvW8uBBhjGDqbSvMQGTAhik4eE":{"apy":63.50784109192704,"weeklyFactor":0.0013480057192385565},"BZSp8EvV8XTfNrsyBXrF2xGB3L7SbHSwhmJ7RD74zmAH":{"apy":63.50784109192704,"weeklyFactor":0.0013480057192385565},"GGAtxXgYGP5YzxbhhnuYCwZJV24idnSp31XK81Lqu6vi":{"apy":99.09155146220347,"weeklyFactor":0.0018883411969403596},"9z35ptatPpnzzfzCXB5k7aJ6jxg4Qyno5xXVMLC7oHAW":{"apy":63.50784109192704,"weeklyFactor":0.0013480057192385565},"8cQaC9iDd9pGQYcZfK61zgMitBvsW7218WzG55JhonsZ":{"apy":63.50784109192704,"weeklyFactor":0.0013480057192385565},"7w3qaYPMAnbHnyWKqDzHVZcTLfJaDXhB2JdDUkZXuMho":{"apy":63.50784109192704,"weeklyFactor":0.0013480057192385565},"xQob6CJEuPD23kbMENHWGWT7ho4Anwx4dpH7pBbX6MY":{"apy":63.50784109192704,"weeklyFactor":0.0013480057192385565},"45t3M59UDEkeADxyGq1tJxwoUPQ5kUxeuLsusYBFkBah":{"apy":63.50784109192704,"weeklyFactor":0.0013480057192385565},"EGLDBGNDaC1pr3iznmGDUSVLmFE8DGR1LruUHTwCFhhy":{"apy":63.50784109192704,"weeklyFactor":0.0013480057192385565},"HUmPDU5amyLXjpZJGwMf6YAa6W9LW2srJjcrSM3FXgUA":{"apy":63.50784109192704,"weeklyFactor":0.0013480057192385565},"NvbSrT458e6LCeLq257rH73dZ7btcq1TPkQVsyL8ouT":{"apy":63.50784109192704,"weeklyFactor":0.0013480057192385565},"5yjxDcJzH1yaKYA6AH7GEgxtC6rdqy2kSCifjMLcmh8b":{"apy":63.50784109192704,"weeklyFactor":0.0013480057192385565},"AgUfgteJ5mGWeuKZeUTedwvvu8jLaWGiRE2matEMoHEG":{"apy":63.50784109192704,"weeklyFactor":0.0013480057192385565},"6W6iaKmdBNqyFrXmJqB5yrebr3KowYDs4F9Nide4ARYL":{"apy":63.50784109192704,"weeklyFactor":0.0013480057192385565},"6m8H4nKpm5fEQqKBaniRUYQfeaH7pjMkPPFiMnGXZEd8":{"apy":63.50784109192704,"weeklyFactor":0.0013480057192385565},"CrMFwYDc3j4d9f9dogyDTx97raJJpAupntzVXm2bL8hH":{"apy":63.50784109192704,"weeklyFactor":0.0013480057192385565},"7Pzoefg48HurAC8ewRfgJgJmvGSasMYi5zHgQ67cxGTS":{"apy":63.50784109192704,"weeklyFactor":0.0013480057192385565},"6fJ7t3uvmosPqXY51Qcwdc126miSnTF2bt7xgG5fyPgX":{"apy":63.50784109192704,"weeklyFactor":0.0013480057192385565},"GBEo8NoJAg5woWXXWXKT5xaWVUmxsqYgLkvyLkFDEgzY":{"apy":63.50784109192704,"weeklyFactor":0.0013480057192385565},"CqVgxaQprGDZkBnAFNxKnwgaB5929CT1nSFxYjgUJz4H":{"apy":63.50784109192704,"weeklyFactor":0.0013480057192385565},"Di5eqFCEonm8ABWfZph4fermaFbtrU5Jj2mrYdkKM1pT":{"apy":63.50784109192704,"weeklyFactor":0.0013480057192385565},"79RBFWfLKbJMNHzF6sqsAb7z9iXY1kyNFpuW6HJQQW4f":{"apy":63.50784109192704,"weeklyFactor":0.0013480057192385565},"4NkYxZtSpUzQc2oxktQoRYUSYC4awrtspuAGLq7Sx8A1":{"apy":63.50784109192704,"weeklyFactor":0.0013480057192385565},"EKYai7Zh1qPtRtkkYJcCvdEPo2fXj3bfuTGoNUSJ4Z1m":{"apy":63.50784109192704,"weeklyFactor":0.0013480057192385565},"7cRPNt4EMSwvmwSrm379JhyG7s49CuCbCfnARzGykkzx":{"apy":63.50784109192704,"weeklyFactor":0.0013480057192385565},"FmV9BnyyAGqVWudkV2S4hq7TGkUfoa8ku6UhKK1UN9zn":{"apy":157.8187467031861,"weeklyFactor":0.0025981271604192226},"BvPLZDd4cHfNeUy3F9tv8PQkJSWtwe5EyFpyTm81tQ9g":{"apy":63.50784109192704,"weeklyFactor":0.0013480057192385565},"27j5twe2g8Vqr6bGyEjX4dSPKA3s1hu4N1nm9u3gRsmc":{"apy":63.50784109192704,"weeklyFactor":0.0013480057192385565},"84GSk7hjwaUwX5wxmvnHiTtSnffPYP7dnmoP6ZJ5TnSR":{"apy":63.50784109192704,"weeklyFactor":0.0013480057192385565},"6SXW9UNVdiUWJhw4RvfmovbkTEBeb8tvBzPHc8EeVWi":{"apy":63.50784109192704,"weeklyFactor":0.0013480057192385565},"82g9tPxdE3UgLiSoA4KkV6S7hXKdN4RDjcbBiqTwWSWw":{"apy":63.50784109192704,"weeklyFactor":0.0013480057192385565},"A4maCv1LM7rjpUzzM7JP4wg61VchwCovKiRqo3fbXSgF":{"apy":63.50784109192704,"weeklyFactor":0.0013480057192385565},"6Cr9rtgY4c7H6DZzaCTgVpeFK8TpdcuhZXeZ2wqPhCD3":{"apy":63.50784109192704,"weeklyFactor":0.0013480057192385565},"7WxatmehVQjfXYMXoyFXnrRMCpDnMKcShFhNDXUioDpb":{"apy":63.50784109192704,"weeklyFactor":0.0013480057192385565},"GYXWHy8iakBiffXh6NinMnxkuJkmNrMPry6zCPQdeaJ2":{"apy":63.50784109192704,"weeklyFactor":0.0013480057192385565},"569xM2bZSTijhdB8u15G6e442PVq3PhcJUPFUZM9njvi":{"apy":63.50784109192704,"weeklyFactor":0.0013480057192385565},"9gGUAz4psCE2t3NFr8p64hgvXAcQGADtLmrNDTKMJPpC":{"apy":63.50784109192704,"weeklyFactor":0.0013480057192385565},"BbuK8MkcZSJxx7VtRXB8Up8CqeURv3FRHzdzavPyKr1H":{"apy":63.50784109192704,"weeklyFactor":0.0013480057192385565},"D8W6t585rTrYfhtQQTxozyG6w2oCLpBwLCy7rMsS1rNF":{"apy":63.50784109192704,"weeklyFactor":0.0013480057192385565},"FKh586sYqro7RsTYsr7Wwc6b95bdkWCLEDKRc8fmBruh":{"apy":63.50784109192704,"weeklyFactor":0.0013480057192385565},"6zPRRm2tjgUYPrnSboaxr2RvovB9y5vT9f4kYyzdbbri":{"apy":63.50784109192704,"weeklyFactor":0.0013480057192385565},"GAd62dWPW36cxUPndsPwB52x1xjeRcJMuZ2SNdZTMzDR":{"apy":63.50784109192704,"weeklyFactor":0.0013480057192385565},"8qhdhHUPxCqXDqhYiXDjjDnLAHctt7pEettHU6bTSXFB":{"apy":63.50784109192704,"weeklyFactor":0.0013480057192385565},"71QzPrqM26vMDJdtanPqyNyQ7MzqVw3FqzUWTpdNxta2":{"apy":63.50784109192704,"weeklyFactor":0.0013480057192385565},"6nqWUFzjoJzuZ9FWF6iBjFwUpGX6mZrF25WaWsbwqekM":{"apy":63.50784109192704,"weeklyFactor":0.0013480057192385565},"51DNyWAJ7pa67DzkbHfipbZYW5hUSSRYsec5iHndtZ2W":{"apy":63.50784109192704,"weeklyFactor":0.0013480057192385565},"2ShQGNv3YNqABBSEVGwSk9s1UCaDMGGehdbnjiJ1HmYn":{"apy":8.077122858310436e+184,"weeklyFactor":2.1704125009188173},"HZwUnXYy27TUWQucuuSM8dYJxxCgUMgfDf83vZNz7CKe":{"apy":63.50784109192704,"weeklyFactor":0.0013480057192385565},"bfSBHwyL6PNjpeQEyrjsnbo7TzGRttbymvN74Y9czN3":{"apy":63.50784109192704,"weeklyFactor":0.0013480057192385565},"Hb2freG61xfMgmH6CUJDiyjG5zbbfcp9a6TQ2SJvs2Ur":{"apy":63.50784109192704,"weeklyFactor":0.0013480057192385565},"CssW9uGzH22u9CUkft1xgqHgKCGCTrCL6Ma93wLY94dq":{"apy":63.50784109192704,"weeklyFactor":0.0013480057192385565},"HbJhdrHeagEKTKLiajwXSvgETRs652U3vcMHpQS5y8qr":{"apy":63.50784109192704,"weeklyFactor":0.0013480057192385565},"8krGUkrubzsymUFmy5ncJHiE5RwyDEWazvwfahii7UW1":{"apy":63.50784109192704,"weeklyFactor":0.0013480057192385565},"DkFWVeEchx65Q9vymQjDjdfY472vV4JvkXompH5s4u6u":{"apy":63.50784109192704,"weeklyFactor":0.0013480057192385565},"91efQM48sjFp5YPLRPVVFwxoER2YiYzy9BfhPeAk8oNS":{"apy":63.50784109192704,"weeklyFactor":0.0013480057192385565},"74nxLDML7sZeFjeqLteu89kGxC18ZRdsSHsMP9q5BALP":{"apy":63.50784109192704,"weeklyFactor":0.0013480057192385565},"3a3EdoS5MvDcw9K8GdAb2FD7A9cUK6TuAqboJX23DQNM":{"apy":63.50784109192704,"weeklyFactor":0.0013480057192385565},"Hb3evEtCB4ykLYYKFGkGgVuaCyrWFbXwe3jtkMSkq6Ve":{"apy":63.50784109192704,"weeklyFactor":0.0013480057192385565},"CHQ8Ti9L3z9aLfML1ULf78ZaGFwaTMA6GFcteBvMgmAG":{"apy":63.50784109192704,"weeklyFactor":0.0013480057192385565},"93b5xNohGF24cbbGn7pw4QUKGLcrXdBVGw8gRsxTNcUx":{"apy":63.50784109192704,"weeklyFactor":0.0013480057192385565},"F8fj2myqZcw5CZy8yaNZDJXS2rzB7FL79maFBJM16WPu":{"apy":63.50784109192704,"weeklyFactor":0.0013480057192385565},"hLZNVV8EbeLCjkXCxfBePjAcuPSwCryWtiStoV7E4cU":{"apy":63.50784109192704,"weeklyFactor":0.0013480057192385565},"CC72FniNhUM41xSoA5h1idGxstrKXDqqhnYzfyBTSZDG":{"apy":1.6823666183797412e+32,"weeklyFactor":0.2100706893902992},"ApkrPbiWzEmkRj92g8tpzMNNXGkTogRNMQfESaUQAykv":{"apy":63.50784109192704,"weeklyFactor":0.0013480057192385565},"Fb8rVemMjXE9r7FNK7DTmUdDhQDa3jFufkqrH2bsDYWX":{"apy":63.50784109192704,"weeklyFactor":0.0013480057192385565},"7SaJ5xEHTtWrFoJcNrNkJKb4pHJSDoMtzvcyHXJuhZRf":{"apy":63.50784109192704,"weeklyFactor":0.0013480057192385565},"5Wc3GkVnPmfRMgumstAEtT1yWYR7nBeyjYEQonz91bpb":{"apy":63.50784109192704,"weeklyFactor":0.0013480057192385565},"8PhY9FH6ZQT74nnBuxxoVs4nYk9NUWwguFfWrZHGiAwK":{"apy":63.50784109192704,"weeklyFactor":0.0013480057192385565},"As83NX9BsHUx5RBuRWGWzByzXsSEoThVzcTpHrNkvUFt":{"apy":63.50784109192704,"weeklyFactor":0.0013480057192385565},"YkDo4ooVf3Sw79y84w3HCy7aGFd6UMfkGdgDMiHdprx":{"apy":63.50784109192704,"weeklyFactor":0.0013480057192385565},"Ee7EsMJ6bYN99FKVTc9SEpX9HucyHg4AGuQpRuP9Ac4c":{"apy":63.50784109192704,"weeklyFactor":0.0013480057192385565},"CmkfvxXTLihwp7eBm9HFtfGTvBHfK8cKPW99LEq1uR7c":{"apy":63.50784109192704,