{"7drJL7kEdJfgNzeaEYKDqTkfmiG2ain3nEPtGHDZc6i2":{"apy":52.42306074630558,"weeklyFactor":0.0011554334736330483},"AvNeVrKZy1FaEG9suboRXNPgmnMwomiU5EvkF6jGxGrX":{"apy":2498.235204573141,"weeklyFactor":0.008964373086392143},"HbMbeaDH8xtB1a8WpwjNqcXBBGraKJjJ2xFkXEdAy1rY":{"apy":52.42306074630558,"weeklyFactor":0.0011554334736330483},"4FkGNJMvKFk9PFwn8TBtk1ShUKege6D5Au87ezwLWiqk":{"apy":52.42306074630558,"weeklyFactor":0.0011554334736330483},"C7BLPzc1vzLL3Tm5udXELnHDRXeXkdd5f1oMKP8rwUNv":{"apy":52.42306074630558,"weeklyFactor":0.0011554334736330483},"HYCzZYupXUyamfTQWNkULW1EFcNPCTA5urnEXCFXkLRh":{"apy":52.42306074630558,"weeklyFactor":0.0011554334736330483},"FeKSMTD9Z22kdnMLeNWAfaTXydbhVixUPcfZDW3QS1X4":{"apy":52.42306074630558,"weeklyFactor":0.0011554334736330483},"2SgUGxYDczrB6wUzXHPJH65pNhWkEzNMEx3km4xTYUTC":{"apy":52.42306074630558,"weeklyFactor":0.0011554334736330483},"GmBMZ8BNeNR6mRFqu2ZaFvpxvGPXmc9Aa4a1GWFaxWMv":{"apy":52.42306074630558,"weeklyFactor":0.0011554334736330483},"2keDsfcMY6hLvfrmzDAfnMSudMqYczPVcb8MSkK59P9r":{"apy":52.42306074630558,"weeklyFactor":0.0011554334736330483},"AXSXYioiHGFvQ1XF4zCvXjnVAcMY68WQ4RH5r5nAdah5":{"apy":52.42306074630558,"weeklyFactor":0.0011554334736330483},"DzCbrMZXNG3XpXuufhBp233LJXvV8Xq1C3q4ksrtbCPP":{"apy":52.42306074630558,"weeklyFactor":0.0011554334736330483},"FejEVPJBH5TEbgcpupNuRyiMRoeaCQwPvtVU6w3i2xRc":{"apy":304.82169375043367,"weeklyFactor":0.003838241836190402},"5dX3tkVDmbHBWMCQMerAHTmd9wsRvmtKLoQt6qv9fHy7":{"apy":202.51417814501585,"weeklyFactor":0.003037365008862146},"EWZW9aJmY2LX6ZyV5RU8waHWKF1aGaxzbuBuRQp6G4j":{"apy":52.42306074630558,"weeklyFactor":0.0011554334736330483},"9bXJSJ3tGjkk8QVSykcGE6KnzdKznfjWP7YXicSRFTe8":{"apy":52.42306074630558,"weeklyFactor":0.0011554334736330483},"A5U2LbZhwc6GFZtYft6MtbGHFhYyZ1pzCRQkz7D2b2YS":{"apy":52.42306074630558,"weeklyFactor":0.0011554334736330483},"9fY5jLin2yYMK9Eee5diWzJRZqLaYgEUupUNsKVYAMhi":{"apy":52.42306074630558,"weeklyFactor":0.0011554334736330483},"B2Mq1fpJ2bZYxxtF4yz6nNvLJLaYzM3zQsHcs2oDqk3z":{"apy":52.42306074630558,"weeklyFactor":0.0011554334736330483},"5yKHz86cvHocaQnxv4mPJjftA4w7BbJzQQr5rG9miyZ3":{"apy":52.42306074630558,"weeklyFactor":0.0011554334736330483},"6rvpVhL9fxm2WLMefNRaLwv6aNdivZadMi56teWfSkuU":{"apy":52.42306074630558,"weeklyFactor":0.0011554334736330483},"BGz6pBLvc4nuGNsbXYoAE7z466kSjZaoXKJMnEkZWkyD":{"apy":52.42306074630558,"weeklyFactor":0.0011554334736330483}}