{"HYCzZYupXUyamfTQWNkULW1EFcNPCTA5urnEXCFXkLRh":{"apy":0.06507490280924788,"weeklyFactor":0.00000178229578772081},"FeKSMTD9Z22kdnMLeNWAfaTXydbhVixUPcfZDW3QS1X4":{"apy":0.06507490280924788,"weeklyFactor":0.00000178229578772081},"7drJL7kEdJfgNzeaEYKDqTkfmiG2ain3nEPtGHDZc6i2":{"apy":0.06507490280924788,"weeklyFactor":0.00000178229578772081},"2SgUGxYDczrB6wUzXHPJH65pNhWkEzNMEx3km4xTYUTC":{"apy":0.06507490280924788,"weeklyFactor":0.00000178229578772081},"C7BLPzc1vzLL3Tm5udXELnHDRXeXkdd5f1oMKP8rwUNv":{"apy":0.06507490280924788,"weeklyFactor":0.00000178229578772081},"AvNeVrKZy1FaEG9suboRXNPgmnMwomiU5EvkF6jGxGrX":{"apy":47603.41501453465,"weeklyFactor":0.017041071894186334},"4FkGNJMvKFk9PFwn8TBtk1ShUKege6D5Au87ezwLWiqk":{"apy":0.06507490280924788,"weeklyFactor":0.00000178229578772081},"HbMbeaDH8xtB1a8WpwjNqcXBBGraKJjJ2xFkXEdAy1rY":{"apy":0.06507490280924788,"weeklyFactor":0.00000178229578772081},"GmBMZ8BNeNR6mRFqu2ZaFvpxvGPXmc9Aa4a1GWFaxWMv":{"apy":0.06507490280924788,"weeklyFactor":0.00000178229578772081},"AXSXYioiHGFvQ1XF4zCvXjnVAcMY68WQ4RH5r5nAdah5":{"apy":0.06507490280924788,"weeklyFactor":0.00000178229578772081},"5dX3tkVDmbHBWMCQMerAHTmd9wsRvmtKLoQt6qv9fHy7":{"apy":0.5421944372160148,"weeklyFactor":0.000014814626302957922},"DzCbrMZXNG3XpXuufhBp233LJXvV8Xq1C3q4ksrtbCPP":{"apy":0.06507490280924788,"weeklyFactor":0.00000178229578772081},"9bXJSJ3tGjkk8QVSykcGE6KnzdKznfjWP7YXicSRFTe8":{"apy":0.06507490280924788,"weeklyFactor":0.00000178229578772081},"EWZW9aJmY2LX6ZyV5RU8waHWKF1aGaxzbuBuRQp6G4j":{"apy":0.06507490280924788,"weeklyFactor":0.00000178229578772081},"FejEVPJBH5TEbgcpupNuRyiMRoeaCQwPvtVU6w3i2xRc":{"apy":151.1305886007352,"weeklyFactor":0.002525932452444229},"2keDsfcMY6hLvfrmzDAfnMSudMqYczPVcb8MSkK59P9r":{"apy":0.06507490280924788,"weeklyFactor":0.00000178229578772081},"A5U2LbZhwc6GFZtYft6MtbGHFhYyZ1pzCRQkz7D2b2YS":{"apy":0.06507490280924788,"weeklyFactor":0.00000178229578772081},"9fY5jLin2yYMK9Eee5diWzJRZqLaYgEUupUNsKVYAMhi":{"apy":0.06507490280924788,"weeklyFactor":0.00000178229578772081},"B2Mq1fpJ2bZYxxtF4yz6nNvLJLaYzM3zQsHcs2oDqk3z":{"apy":0.06507490280924788,"weeklyFactor":0.00000178229578772081},"5yKHz86cvHocaQnxv4mPJjftA4w7BbJzQQr5rG9miyZ3":{"apy":0.06507490280924788,"weeklyFactor":0.00000178229578772081},"6rvpVhL9fxm2WLMefNRaLwv6aNdivZadMi56teWfSkuU":{"apy":1.7599490227857402e+27,"weeklyFactor":0.17264283327140126},"BGz6pBLvc4nuGNsbXYoAE7z466kSjZaoXKJMnEkZWkyD":{"apy":0.06507490280924788,"weeklyFactor":0.00000178229578772081}}