{"CrMFwYDc3j4d9f9dogyDTx97raJJpAupntzVXm2bL8hH":{"apy":21.53945988684942,"weeklyFactor":0.0005345778955774727},"7cRPNt4EMSwvmwSrm379JhyG7s49CuCbCfnARzGykkzx":{"apy":21.53945988684942,"weeklyFactor":0.0005345778955774727},"AG4harXetHAJLmKfQRTvW8uBBhjGDqbSvMQGTAhik4eE":{"apy":21.53945988684942,"weeklyFactor":0.0005345778955774727},"71QzPrqM26vMDJdtanPqyNyQ7MzqVw3FqzUWTpdNxta2":{"apy":21.53945988684942,"weeklyFactor":0.0005345778955774727},"6SXW9UNVdiUWJhw4RvfmovbkTEBeb8tvBzPHc8EeVWi":{"apy":21.53945988684942,"weeklyFactor":0.0005345778955774727},"9gGUAz4psCE2t3NFr8p64hgvXAcQGADtLmrNDTKMJPpC":{"apy":21.53945988684942,"weeklyFactor":0.0005345778955774727},"7Pzoefg48HurAC8ewRfgJgJmvGSasMYi5zHgQ67cxGTS":{"apy":21.53945988684942,"weeklyFactor":0.0005345778955774727},"AgUfgteJ5mGWeuKZeUTedwvvu8jLaWGiRE2matEMoHEG":{"apy":21.53945988684942,"weeklyFactor":0.0005345778955774727},"Di5eqFCEonm8ABWfZph4fermaFbtrU5Jj2mrYdkKM1pT":{"apy":21.53945988684942,"weeklyFactor":0.0005345778955774727},"6nqWUFzjoJzuZ9FWF6iBjFwUpGX6mZrF25WaWsbwqekM":{"apy":21.53945988684942,"weeklyFactor":0.0005345778955774727},"BbuK8MkcZSJxx7VtRXB8Up8CqeURv3FRHzdzavPyKr1H":{"apy":21.53945988684942,"weeklyFactor":0.0005345778955774727},"4NkYxZtSpUzQc2oxktQoRYUSYC4awrtspuAGLq7Sx8A1":{"apy":21.53945988684942,"weeklyFactor":0.0005345778955774727},"8cQaC9iDd9pGQYcZfK61zgMitBvsW7218WzG55JhonsZ":{"apy":21.53945988684942,"weeklyFactor":0.0005345778955774727},"8qhdhHUPxCqXDqhYiXDjjDnLAHctt7pEettHU6bTSXFB":{"apy":21.53945988684942,"weeklyFactor":0.0005345778955774727},"FmV9BnyyAGqVWudkV2S4hq7TGkUfoa8ku6UhKK1UN9zn":{"apy":73.79822256956481,"weeklyFactor":0.0015154616735349696},"CqVgxaQprGDZkBnAFNxKnwgaB5929CT1nSFxYjgUJz4H":{"apy":21.53945988684942,"weeklyFactor":0.0005345778955774727},"27j5twe2g8Vqr6bGyEjX4dSPKA3s1hu4N1nm9u3gRsmc":{"apy":21.53945988684942,"weeklyFactor":0.0005345778955774727},"7WxatmehVQjfXYMXoyFXnrRMCpDnMKcShFhNDXUioDpb":{"apy":21.53945988684942,"weeklyFactor":0.0005345778955774727},"45t3M59UDEkeADxyGq1tJxwoUPQ5kUxeuLsusYBFkBah":{"apy":21.53945988684942,"weeklyFactor":0.0005345778955774727},"569xM2bZSTijhdB8u15G6e442PVq3PhcJUPFUZM9njvi":{"apy":21.53945988684942,"weeklyFactor":0.0005345778955774727},"D8W6t585rTrYfhtQQTxozyG6w2oCLpBwLCy7rMsS1rNF":{"apy":21.53945988684942,"weeklyFactor":0.0005345778955774727},"HUmPDU5amyLXjpZJGwMf6YAa6W9LW2srJjcrSM3FXgUA":{"apy":21.53945988684942,"weeklyFactor":0.0005345778955774727},"9z35ptatPpnzzfzCXB5k7aJ6jxg4Qyno5xXVMLC7oHAW":{"apy":21.53945988684942,"weeklyFactor":0.0005345778955774727},"GAd62dWPW36cxUPndsPwB52x1xjeRcJMuZ2SNdZTMzDR":{"apy":21.53945988684942,"weeklyFactor":0.0005345778955774727},"7w3qaYPMAnbHnyWKqDzHVZcTLfJaDXhB2JdDUkZXuMho":{"apy":21.53945988684942,"weeklyFactor":0.0005345778955774727},"GYXWHy8iakBiffXh6NinMnxkuJkmNrMPry6zCPQdeaJ2":{"apy":21.53945988684942,"weeklyFactor":0.0005345778955774727},"79RBFWfLKbJMNHzF6sqsAb7z9iXY1kyNFpuW6HJQQW4f":{"apy":21.53945988684942,"weeklyFactor":0.0005345778955774727},"FKh586sYqro7RsTYsr7Wwc6b95bdkWCLEDKRc8fmBruh":{"apy":21.53945988684942,"weeklyFactor":0.0005345778955774727},"6m8H4nKpm5fEQqKBaniRUYQfeaH7pjMkPPFiMnGXZEd8":{"apy":21.53945988684942,"weeklyFactor":0.0005345778955774727},"EKYai7Zh1qPtRtkkYJcCvdEPo2fXj3bfuTGoNUSJ4Z1m":{"apy":21.53945988684942,"weeklyFactor":0.0005345778955774727},"84GSk7hjwaUwX5wxmvnHiTtSnffPYP7dnmoP6ZJ5TnSR":{"apy":21.53945988684942,"weeklyFactor":0.0005345778955774727},"GBEo8NoJAg5woWXXWXKT5xaWVUmxsqYgLkvyLkFDEgzY":{"apy":21.53945988684942,"weeklyFactor":0.0005345778955774727},"EGLDBGNDaC1pr3iznmGDUSVLmFE8DGR1LruUHTwCFhhy":{"apy":21.53945988684942,"weeklyFactor":0.0005345778955774727},"BZSp8EvV8XTfNrsyBXrF2xGB3L7SbHSwhmJ7RD74zmAH":{"apy":21.53945988684942,"weeklyFactor":0.0005345778955774727},"xQob6CJEuPD23kbMENHWGWT7ho4Anwx4dpH7pBbX6MY":{"apy":21.53945988684942,"weeklyFactor":0.0005345778955774727},"2ShQGNv3YNqABBSEVGwSk9s1UCaDMGGehdbnjiJ1HmYn":{"apy":0,"weeklyFactor":8.91341634656313},"6zPRRm2tjgUYPrnSboaxr2RvovB9y5vT9f4kYyzdbbri":{"apy":21.53945988684942,"weeklyFactor":0.0005345778955774727},"A7AwVVu1y1bzz86LQrLbVtgC43k7LES6Lesc8ao7MGFP":{"apy":21.53945988684942,"weeklyFactor":0.0005345778955774727},"51DNyWAJ7pa67DzkbHfipbZYW5hUSSRYsec5iHndtZ2W":{"apy":21.53945988684942,"weeklyFactor":0.0005345778955774727},"NvbSrT458e6LCeLq257rH73dZ7btcq1TPkQVsyL8ouT":{"apy":21.53945988684942,"weeklyFactor":0.0005345778955774727},"HZwUnXYy27TUWQucuuSM8dYJxxCgUMgfDf83vZNz7CKe":{"apy":21.53945988684942,"weeklyFactor":0.0005345778955774727},"A4maCv1LM7rjpUzzM7JP4wg61VchwCovKiRqo3fbXSgF":{"apy":21.53945988684942,"weeklyFactor":0.0005345778955774727},"6Cr9rtgY4c7H6DZzaCTgVpeFK8TpdcuhZXeZ2wqPhCD3":{"apy":21.53945988684942,"weeklyFactor":0.0005345778955774727},"GGAtxXgYGP5YzxbhhnuYCwZJV24idnSp31XK81Lqu6vi":{"apy":201.84099068409074,"weeklyFactor":0.003031242958833804},"6fJ7t3uvmosPqXY51Qcwdc126miSnTF2bt7xgG5fyPgX":{"apy":21.53945988684942,"weeklyFactor":0.0005345778955774727},"BvPLZDd4cHfNeUy3F9tv8PQkJSWtwe5EyFpyTm81tQ9g":{"apy":21.53945988684942,"weeklyFactor":0.0005345778955774727},"6W6iaKmdBNqyFrXmJqB5yrebr3KowYDs4F9Nide4ARYL":{"apy":21.53945988684942,"weeklyFactor":0.0005345778955774727},"82g9tPxdE3UgLiSoA4KkV6S7hXKdN4RDjcbBiqTwWSWw":{"apy":21.53945988684942,"weeklyFactor":0.0005345778955774727},"5yjxDcJzH1yaKYA6AH7GEgxtC6rdqy2kSCifjMLcmh8b":{"apy":21.53945988684942,"weeklyFactor":0.0005345778955774727},"Hb2freG61xfMgmH6CUJDiyjG5zbbfcp9a6TQ2SJvs2Ur":{"apy":21.53945988684942,"weeklyFactor":0.0005345778955774727},"Hb3evEtCB4ykLYYKFGkGgVuaCyrWFbXwe3jtkMSkq6Ve":{"apy":21.53945988684942,"weeklyFactor":0.0005345778955774727},"F8fj2myqZcw5CZy8yaNZDJXS2rzB7FL79maFBJM16WPu":{"apy":21.53945988684942,"weeklyFactor":0.0005345778955774727},"93b5xNohGF24cbbGn7pw4QUKGLcrXdBVGw8gRsxTNcUx":{"apy":21.53945988684942,"weeklyFactor":0.0005345778955774727},"7SaJ5xEHTtWrFoJcNrNkJKb4pHJSDoMtzvcyHXJuhZRf":{"apy":21.53945988684942,"weeklyFactor":0.0005345778955774727},"3a3EdoS5MvDcw9K8GdAb2FD7A9cUK6TuAqboJX23DQNM":{"apy":21.53945988684942,"weeklyFactor":0.0005345778955774727},"Fb8rVemMjXE9r7FNK7DTmUdDhQDa3jFufkqrH2bsDYWX":{"apy":21.53945988684942,"weeklyFactor":0.0005345778955774727},"bfSBHwyL6PNjpeQEyrjsnbo7TzGRttbymvN74Y9czN3":{"apy":21.53945988684942,"weeklyFactor":0.0005345778955774727},"5Wc3GkVnPmfRMgumstAEtT1yWYR7nBeyjYEQonz91bpb":{"apy":21.53945988684942,"weeklyFactor":0.0005345778955774727},"hLZNVV8EbeLCjkXCxfBePjAcuPSwCryWtiStoV7E4cU":{"apy":21.53945988684942,"weeklyFactor":0.0005345778955774727},"CssW9uGzH22u9CUkft1xgqHgKCGCTrCL6Ma93wLY94dq":{"apy":21.53945988684942,"weeklyFactor":0.0005345778955774727},"As83NX9BsHUx5RBuRWGWzByzXsSEoThVzcTpHrNkvUFt":{"apy":21.53945988684942,"weeklyFactor":0.0005345778955774727},"8PhY9FH6ZQT74nnBuxxoVs4nYk9NUWwguFfWrZHGiAwK":{"apy":21.53945988684942,"weeklyFactor":0.0005345778955774727},"CHQ8Ti9L3z9aLfML1ULf78ZaGFwaTMA6GFcteBvMgmAG":{"apy":21.53945988684942,"weeklyFactor":0.0005345778955774727},"HbJhdrHeagEKTKLiajwXSvgETRs652U3vcMHpQS5y8qr":{"apy":21.53945988684942,"weeklyFactor":0.0005345778955774727},"ApkrPbiWzEmkRj92g8tpzMNNXGkTogRNMQfESaUQAykv":{"apy":21.53945988684942,"weeklyFactor":0.0005345778955774727},"DkFWVeEchx65Q9vymQjDjdfY472vV4JvkXompH5s4u6u":{"apy":21.53945988684942,"weeklyFactor":0.0005345778955774727},"91efQM48sjFp5YPLRPVVFwxoER2YiYzy9BfhPeAk8oNS":{"apy":21.53945988684942,"weeklyFactor":0.0005345778955774727},"74nxLDML7sZeFjeqLteu89kGxC18ZRdsSHsMP9q5BALP":{"apy":21.53945988684942,"weeklyFactor":0.0005345778955774727},"CC72FniNhUM41xSoA5h1idGxstrKXDqqhnYzfyBTSZDG":{"apy":12388760782144646,"weeklyFactor":0.09297703084940905},"8krGUkrubzsymUFmy5ncJHiE5RwyDEWazvwfahii7UW1":{"apy":21.53945988684942,"weeklyFactor":0.0005345778955774727},"HyXFTA4sq7NM4Bs49zPu25T1fzE5KXabafoiC4qAWjxR":{"apy":21.53945988684942,"weeklyFactor":0.0005345778955774727},"9chT2PBZvM3TLfPQeHWyWREMUY8eLVp2uK5NnkGh3upt":{"apy":21.53945988684942,"weeklyFactor":0.0005345778955774727},"7p9iJfB1ToLYv55JontFhAt1K5rA57oa9AWyrZRaRX4A":{"apy":21.53945988684942,