{"HYCzZYupXUyamfTQWNkULW1EFcNPCTA5urnEXCFXkLRh":{"apy":118.25148456022663,"weeklyFactor":0.0021405831560130776},"7drJL7kEdJfgNzeaEYKDqTkfmiG2ain3nEPtGHDZc6i2":{"apy":118.25148456022663,"weeklyFactor":0.0021405831560130776},"4FkGNJMvKFk9PFwn8TBtk1ShUKege6D5Au87ezwLWiqk":{"apy":118.25148456022663,"weeklyFactor":0.0021405831560130776},"HbMbeaDH8xtB1a8WpwjNqcXBBGraKJjJ2xFkXEdAy1rY":{"apy":118.25148456022663,"weeklyFactor":0.0021405831560130776},"C7BLPzc1vzLL3Tm5udXELnHDRXeXkdd5f1oMKP8rwUNv":{"apy":118.25148456022663,"weeklyFactor":0.0021405831560130776},"FeKSMTD9Z22kdnMLeNWAfaTXydbhVixUPcfZDW3QS1X4":{"apy":118.25148456022663,"weeklyFactor":0.0021405831560130776},"2SgUGxYDczrB6wUzXHPJH65pNhWkEzNMEx3km4xTYUTC":{"apy":118.25148456022663,"weeklyFactor":0.0021405831560130776},"AvNeVrKZy1FaEG9suboRXNPgmnMwomiU5EvkF6jGxGrX":{"apy":2368.3471470588906,"weeklyFactor":0.008822620256444038},"AXSXYioiHGFvQ1XF4zCvXjnVAcMY68WQ4RH5r5nAdah5":{"apy":118.25148456022663,"weeklyFactor":0.0021405831560130776},"GmBMZ8BNeNR6mRFqu2ZaFvpxvGPXmc9Aa4a1GWFaxWMv":{"apy":118.25148456022663,"weeklyFactor":0.0021405831560130776},"2keDsfcMY6hLvfrmzDAfnMSudMqYczPVcb8MSkK59P9r":{"apy":118.25148456022663,"weeklyFactor":0.0021405831560130776},"5dX3tkVDmbHBWMCQMerAHTmd9wsRvmtKLoQt6qv9fHy7":{"apy":295.7986237554923,"weeklyFactor":0.0037762501335081864},"DzCbrMZXNG3XpXuufhBp233LJXvV8Xq1C3q4ksrtbCPP":{"apy":118.25148456022663,"weeklyFactor":0.0021405831560130776},"EWZW9aJmY2LX6ZyV5RU8waHWKF1aGaxzbuBuRQp6G4j":{"apy":118.25148456022663,"weeklyFactor":0.0021405831560130776},"9bXJSJ3tGjkk8QVSykcGE6KnzdKznfjWP7YXicSRFTe8":{"apy":118.25148456022663,"weeklyFactor":0.0021405831560130776},"FejEVPJBH5TEbgcpupNuRyiMRoeaCQwPvtVU6w3i2xRc":{"apy":419.52374296624413,"weeklyFactor":0.004524567625010381},"9fY5jLin2yYMK9Eee5diWzJRZqLaYgEUupUNsKVYAMhi":{"apy":118.25148456022663,"weeklyFactor":0.0021405831560130776},"A5U2LbZhwc6GFZtYft6MtbGHFhYyZ1pzCRQkz7D2b2YS":{"apy":118.25148456022663,"weeklyFactor":0.0021405831560130776},"B2Mq1fpJ2bZYxxtF4yz6nNvLJLaYzM3zQsHcs2oDqk3z":{"apy":118.25148456022663,"weeklyFactor":0.0021405831560130776},"5yKHz86cvHocaQnxv4mPJjftA4w7BbJzQQr5rG9miyZ3":{"apy":118.25148456022663,"weeklyFactor":0.0021405831560130776},"6rvpVhL9fxm2WLMefNRaLwv6aNdivZadMi56teWfSkuU":{"apy":118.25148456022663,"weeklyFactor":0.0021405831560130776},"BGz6pBLvc4nuGNsbXYoAE7z466kSjZaoXKJMnEkZWkyD":{"apy":118.25148456022663,"weeklyFactor":0.0021405831560130776}}