{"FeKSMTD9Z22kdnMLeNWAfaTXydbhVixUPcfZDW3QS1X4":{"apy":0.14070551365965578,"weeklyFactor":0.000003852243480481438},"C7BLPzc1vzLL3Tm5udXELnHDRXeXkdd5f1oMKP8rwUNv":{"apy":0.14070551365965578,"weeklyFactor":0.000003852243480481438},"2SgUGxYDczrB6wUzXHPJH65pNhWkEzNMEx3km4xTYUTC":{"apy":0.14070551365965578,"weeklyFactor":0.000003852243480481438},"HYCzZYupXUyamfTQWNkULW1EFcNPCTA5urnEXCFXkLRh":{"apy":0.14070551365965578,"weeklyFactor":0.000003852243480481438},"AvNeVrKZy1FaEG9suboRXNPgmnMwomiU5EvkF6jGxGrX":{"apy":314457.9176477376,"weeklyFactor":0.022310311768148402},"7drJL7kEdJfgNzeaEYKDqTkfmiG2ain3nEPtGHDZc6i2":{"apy":0.14070551365965578,"weeklyFactor":0.000003852243480481438},"HbMbeaDH8xtB1a8WpwjNqcXBBGraKJjJ2xFkXEdAy1rY":{"apy":0.14070551365965578,"weeklyFactor":0.000003852243480481438},"4FkGNJMvKFk9PFwn8TBtk1ShUKege6D5Au87ezwLWiqk":{"apy":0.14070551365965578,"weeklyFactor":0.000003852243480481438},"9bXJSJ3tGjkk8QVSykcGE6KnzdKznfjWP7YXicSRFTe8":{"apy":0.14070551365965578,"weeklyFactor":0.000003852243480481438},"EWZW9aJmY2LX6ZyV5RU8waHWKF1aGaxzbuBuRQp6G4j":{"apy":0.14070551365965578,"weeklyFactor":0.000003852243480481438},"FejEVPJBH5TEbgcpupNuRyiMRoeaCQwPvtVU6w3i2xRc":{"apy":186.31012230812462,"weeklyFactor":0.0028860893107548287},"GmBMZ8BNeNR6mRFqu2ZaFvpxvGPXmc9Aa4a1GWFaxWMv":{"apy":0.14070551365965578,"weeklyFactor":0.000003852243480481438},"AXSXYioiHGFvQ1XF4zCvXjnVAcMY68WQ4RH5r5nAdah5":{"apy":0.14070551365965578,"weeklyFactor":0.000003852243480481438},"DzCbrMZXNG3XpXuufhBp233LJXvV8Xq1C3q4ksrtbCPP":{"apy":0.14070551365965578,"weeklyFactor":0.000003852243480481438},"2keDsfcMY6hLvfrmzDAfnMSudMqYczPVcb8MSkK59P9r":{"apy":0.14070551365965578,"weeklyFactor":0.000003852243480481438},"5dX3tkVDmbHBWMCQMerAHTmd9wsRvmtKLoQt6qv9fHy7":{"apy":1.175576446091653,"weeklyFactor":0.00003202024489117975},"A5U2LbZhwc6GFZtYft6MtbGHFhYyZ1pzCRQkz7D2b2YS":{"apy":0.14070551365965578,"weeklyFactor":0.000003852243480481438},"9fY5jLin2yYMK9Eee5diWzJRZqLaYgEUupUNsKVYAMhi":{"apy":0.14070551365965578,"weeklyFactor":0.000003852243480481438},"B2Mq1fpJ2bZYxxtF4yz6nNvLJLaYzM3zQsHcs2oDqk3z":{"apy":0.14070551365965578,"weeklyFactor":0.000003852243480481438},"5yKHz86cvHocaQnxv4mPJjftA4w7BbJzQQr5rG9miyZ3":{"apy":0.14070551365965578,"weeklyFactor":0.000003852243480481438},"6rvpVhL9fxm2WLMefNRaLwv6aNdivZadMi56teWfSkuU":{"apy":2.402534037092446e+38,"weeklyFactor":0.2579780613790568},"BGz6pBLvc4nuGNsbXYoAE7z466kSjZaoXKJMnEkZWkyD":{"apy":0.14070551365965578,"weeklyFactor":0.000003852243480481438}}