{"CrMFwYDc3j4d9f9dogyDTx97raJJpAupntzVXm2bL8hH":{"apy":95.2446312895773,"weeklyFactor":0.0018347855622969239},"7cRPNt4EMSwvmwSrm379JhyG7s49CuCbCfnARzGykkzx":{"apy":95.2446312895773,"weeklyFactor":0.0018347855622969239},"AG4harXetHAJLmKfQRTvW8uBBhjGDqbSvMQGTAhik4eE":{"apy":95.2446312895773,"weeklyFactor":0.0018347855622969239},"71QzPrqM26vMDJdtanPqyNyQ7MzqVw3FqzUWTpdNxta2":{"apy":95.2446312895773,"weeklyFactor":0.0018347855622969239},"6SXW9UNVdiUWJhw4RvfmovbkTEBeb8tvBzPHc8EeVWi":{"apy":95.2446312895773,"weeklyFactor":0.0018347855622969239},"9gGUAz4psCE2t3NFr8p64hgvXAcQGADtLmrNDTKMJPpC":{"apy":95.2446312895773,"weeklyFactor":0.0018347855622969239},"7Pzoefg48HurAC8ewRfgJgJmvGSasMYi5zHgQ67cxGTS":{"apy":95.2446312895773,"weeklyFactor":0.0018347855622969239},"AgUfgteJ5mGWeuKZeUTedwvvu8jLaWGiRE2matEMoHEG":{"apy":95.2446312895773,"weeklyFactor":0.0018347855622969239},"Di5eqFCEonm8ABWfZph4fermaFbtrU5Jj2mrYdkKM1pT":{"apy":95.2446312895773,"weeklyFactor":0.0018347855622969239},"6nqWUFzjoJzuZ9FWF6iBjFwUpGX6mZrF25WaWsbwqekM":{"apy":95.2446312895773,"weeklyFactor":0.0018347855622969239},"BbuK8MkcZSJxx7VtRXB8Up8CqeURv3FRHzdzavPyKr1H":{"apy":95.2446312895773,"weeklyFactor":0.0018347855622969239},"4NkYxZtSpUzQc2oxktQoRYUSYC4awrtspuAGLq7Sx8A1":{"apy":95.2446312895773,"weeklyFactor":0.0018347855622969239},"8cQaC9iDd9pGQYcZfK61zgMitBvsW7218WzG55JhonsZ":{"apy":95.2446312895773,"weeklyFactor":0.0018347855622969239},"8qhdhHUPxCqXDqhYiXDjjDnLAHctt7pEettHU6bTSXFB":{"apy":95.2446312895773,"weeklyFactor":0.0018347855622969239},"FmV9BnyyAGqVWudkV2S4hq7TGkUfoa8ku6UhKK1UN9zn":{"apy":226.37637395998124,"weeklyFactor":0.0032460269745886133},"CqVgxaQprGDZkBnAFNxKnwgaB5929CT1nSFxYjgUJz4H":{"apy":95.2446312895773,"weeklyFactor":0.0018347855622969239},"27j5twe2g8Vqr6bGyEjX4dSPKA3s1hu4N1nm9u3gRsmc":{"apy":95.2446312895773,"weeklyFactor":0.0018347855622969239},"7WxatmehVQjfXYMXoyFXnrRMCpDnMKcShFhNDXUioDpb":{"apy":95.2446312895773,"weeklyFactor":0.0018347855622969239},"45t3M59UDEkeADxyGq1tJxwoUPQ5kUxeuLsusYBFkBah":{"apy":95.2446312895773,"weeklyFactor":0.0018347855622969239},"569xM2bZSTijhdB8u15G6e442PVq3PhcJUPFUZM9njvi":{"apy":95.2446312895773,"weeklyFactor":0.0018347855622969239},"D8W6t585rTrYfhtQQTxozyG6w2oCLpBwLCy7rMsS1rNF":{"apy":95.2446312895773,"weeklyFactor":0.0018347855622969239},"HUmPDU5amyLXjpZJGwMf6YAa6W9LW2srJjcrSM3FXgUA":{"apy":95.2446312895773,"weeklyFactor":0.0018347855622969239},"9z35ptatPpnzzfzCXB5k7aJ6jxg4Qyno5xXVMLC7oHAW":{"apy":95.2446312895773,"weeklyFactor":0.0018347855622969239},"GAd62dWPW36cxUPndsPwB52x1xjeRcJMuZ2SNdZTMzDR":{"apy":95.2446312895773,"weeklyFactor":0.0018347855622969239},"7w3qaYPMAnbHnyWKqDzHVZcTLfJaDXhB2JdDUkZXuMho":{"apy":95.2446312895773,"weeklyFactor":0.0018347855622969239},"GYXWHy8iakBiffXh6NinMnxkuJkmNrMPry6zCPQdeaJ2":{"apy":95.2446312895773,"weeklyFactor":0.0018347855622969239},"79RBFWfLKbJMNHzF6sqsAb7z9iXY1kyNFpuW6HJQQW4f":{"apy":95.2446312895773,"weeklyFactor":0.0018347855622969239},"FKh586sYqro7RsTYsr7Wwc6b95bdkWCLEDKRc8fmBruh":{"apy":95.2446312895773,"weeklyFactor":0.0018347855622969239},"6m8H4nKpm5fEQqKBaniRUYQfeaH7pjMkPPFiMnGXZEd8":{"apy":95.2446312895773,"weeklyFactor":0.0018347855622969239},"EKYai7Zh1qPtRtkkYJcCvdEPo2fXj3bfuTGoNUSJ4Z1m":{"apy":95.2446312895773,"weeklyFactor":0.0018347855622969239},"84GSk7hjwaUwX5wxmvnHiTtSnffPYP7dnmoP6ZJ5TnSR":{"apy":95.2446312895773,"weeklyFactor":0.0018347855622969239},"GBEo8NoJAg5woWXXWXKT5xaWVUmxsqYgLkvyLkFDEgzY":{"apy":95.2446312895773,"weeklyFactor":0.0018347855622969239},"EGLDBGNDaC1pr3iznmGDUSVLmFE8DGR1LruUHTwCFhhy":{"apy":95.2446312895773,"weeklyFactor":0.0018347855622969239},"BZSp8EvV8XTfNrsyBXrF2xGB3L7SbHSwhmJ7RD74zmAH":{"apy":95.2446312895773,"weeklyFactor":0.0018347855622969239},"xQob6CJEuPD23kbMENHWGWT7ho4Anwx4dpH7pBbX6MY":{"apy":95.2446312895773,"weeklyFactor":0.0018347855622969239},"2ShQGNv3YNqABBSEVGwSk9s1UCaDMGGehdbnjiJ1HmYn":{"apy":4.619202722130808e+50,"weeklyFactor":0.35933838563551246},"6zPRRm2tjgUYPrnSboaxr2RvovB9y5vT9f4kYyzdbbri":{"apy":95.2446312895773,"weeklyFactor":0.0018347855622969239},"A7AwVVu1y1bzz86LQrLbVtgC43k7LES6Lesc8ao7MGFP":{"apy":95.2446312895773,"weeklyFactor":0.0018347855622969239},"51DNyWAJ7pa67DzkbHfipbZYW5hUSSRYsec5iHndtZ2W":{"apy":95.2446312895773,"weeklyFactor":0.0018347855622969239},"NvbSrT458e6LCeLq257rH73dZ7btcq1TPkQVsyL8ouT":{"apy":95.2446312895773,"weeklyFactor":0.0018347855622969239},"HZwUnXYy27TUWQucuuSM8dYJxxCgUMgfDf83vZNz7CKe":{"apy":95.2446312895773,"weeklyFactor":0.0018347855622969239},"A4maCv1LM7rjpUzzM7JP4wg61VchwCovKiRqo3fbXSgF":{"apy":95.2446312895773,"weeklyFactor":0.0018347855622969239},"6Cr9rtgY4c7H6DZzaCTgVpeFK8TpdcuhZXeZ2wqPhCD3":{"apy":95.2446312895773,"weeklyFactor":0.0018347855622969239},"GGAtxXgYGP5YzxbhhnuYCwZJV24idnSp31XK81Lqu6vi":{"apy":95.2446312895773,"weeklyFactor":0.0018347855622969239},"6fJ7t3uvmosPqXY51Qcwdc126miSnTF2bt7xgG5fyPgX":{"apy":95.2446312895773,"weeklyFactor":0.0018347855622969239},"BvPLZDd4cHfNeUy3F9tv8PQkJSWtwe5EyFpyTm81tQ9g":{"apy":95.2446312895773,"weeklyFactor":0.0018347855622969239},"6W6iaKmdBNqyFrXmJqB5yrebr3KowYDs4F9Nide4ARYL":{"apy":95.2446312895773,"weeklyFactor":0.0018347855622969239},"82g9tPxdE3UgLiSoA4KkV6S7hXKdN4RDjcbBiqTwWSWw":{"apy":95.2446312895773,"weeklyFactor":0.0018347855622969239},"5yjxDcJzH1yaKYA6AH7GEgxtC6rdqy2kSCifjMLcmh8b":{"apy":95.2446312895773,"weeklyFactor":0.0018347855622969239},"Hb2freG61xfMgmH6CUJDiyjG5zbbfcp9a6TQ2SJvs2Ur":{"apy":95.2446312895773,"weeklyFactor":0.0018347855622969239},"Hb3evEtCB4ykLYYKFGkGgVuaCyrWFbXwe3jtkMSkq6Ve":{"apy":95.2446312895773,"weeklyFactor":0.0018347855622969239},"F8fj2myqZcw5CZy8yaNZDJXS2rzB7FL79maFBJM16WPu":{"apy":95.2446312895773,"weeklyFactor":0.0018347855622969239},"93b5xNohGF24cbbGn7pw4QUKGLcrXdBVGw8gRsxTNcUx":{"apy":95.2446312895773,"weeklyFactor":0.0018347855622969239},"7SaJ5xEHTtWrFoJcNrNkJKb4pHJSDoMtzvcyHXJuhZRf":{"apy":95.2446312895773,"weeklyFactor":0.0018347855622969239},"3a3EdoS5MvDcw9K8GdAb2FD7A9cUK6TuAqboJX23DQNM":{"apy":95.2446312895773,"weeklyFactor":0.0018347855622969239},"Fb8rVemMjXE9r7FNK7DTmUdDhQDa3jFufkqrH2bsDYWX":{"apy":95.2446312895773,"weeklyFactor":0.0018347855622969239},"bfSBHwyL6PNjpeQEyrjsnbo7TzGRttbymvN74Y9czN3":{"apy":95.2446312895773,"weeklyFactor":0.0018347855622969239},"5Wc3GkVnPmfRMgumstAEtT1yWYR7nBeyjYEQonz91bpb":{"apy":95.2446312895773,"weeklyFactor":0.0018347855622969239},"hLZNVV8EbeLCjkXCxfBePjAcuPSwCryWtiStoV7E4cU":{"apy":95.2446312895773,"weeklyFactor":0.0018347855622969239},"CssW9uGzH22u9CUkft1xgqHgKCGCTrCL6Ma93wLY94dq":{"apy":95.2446312895773,"weeklyFactor":0.0018347855622969239},"As83NX9BsHUx5RBuRWGWzByzXsSEoThVzcTpHrNkvUFt":{"apy":95.2446312895773,"weeklyFactor":0.0018347855622969239},"8PhY9FH6ZQT74nnBuxxoVs4nYk9NUWwguFfWrZHGiAwK":{"apy":95.2446312895773,"weeklyFactor":0.0018347855622969239},"CHQ8Ti9L3z9aLfML1ULf78ZaGFwaTMA6GFcteBvMgmAG":{"apy":95.2446312895773,"weeklyFactor":0.0018347855622969239},"HbJhdrHeagEKTKLiajwXSvgETRs652U3vcMHpQS5y8qr":{"apy":95.2446312895773,"weeklyFactor":0.0018347855622969239},"ApkrPbiWzEmkRj92g8tpzMNNXGkTogRNMQfESaUQAykv":{"apy":95.2446312895773,"weeklyFactor":0.0018347855622969239},"DkFWVeEchx65Q9vymQjDjdfY472vV4JvkXompH5s4u6u":{"apy":95.2446312895773,"weeklyFactor":0.0018347855622969239},"91efQM48sjFp5YPLRPVVFwxoER2YiYzy9BfhPeAk8oNS":{"apy":95.2446312895773,"weeklyFactor":0.0018347855622969239},"74nxLDML7sZeFjeqLteu89kGxC18ZRdsSHsMP9q5BALP":{"apy":95.2446312895773,"weeklyFactor":0.0018347855622969239},"CC72FniNhUM41xSoA5h1idGxstrKXDqqhnYzfyBTSZDG":{"apy":1.4104487017285073e+41,"weeklyFactor":0.2801430806580624},"8krGUkrubzsymUFmy5ncJHiE5RwyDEWazvwfahii7UW1":{"apy":95.2446312895773,"weeklyFactor":0.0018347855622969239},"HyXFTA4sq7NM4Bs49zPu25T1fzE5KXabafoiC4qAWjxR":{"apy":95.2446312895773,"weeklyFactor":0.0018347855622969239},"9chT2PBZvM3TLfPQeHWyWREMUY8eLVp2uK5NnkGh3upt":{"apy":95.2446312895773,"weeklyFactor":0.0018347855622969239},"7p9iJfB1ToLYv55JontFhAt1K5rA57oa9AWyrZRaRX4A":{"apy":95.2446312895773,"weeklyFactor":0.0018347855622969239},