{"4FkGNJMvKFk9PFwn8TBtk1ShUKege6D5Au87ezwLWiqk":{"apy":4.264929020222263,"weeklyFactor":0.00011443084388500564},"HbMbeaDH8xtB1a8WpwjNqcXBBGraKJjJ2xFkXEdAy1rY":{"apy":4.264929020222263,"weeklyFactor":0.00011443084388500564},"HYCzZYupXUyamfTQWNkULW1EFcNPCTA5urnEXCFXkLRh":{"apy":4.264929020222263,"weeklyFactor":0.00011443084388500564},"2SgUGxYDczrB6wUzXHPJH65pNhWkEzNMEx3km4xTYUTC":{"apy":4.264929020222263,"weeklyFactor":0.00011443084388500564},"AvNeVrKZy1FaEG9suboRXNPgmnMwomiU5EvkF6jGxGrX":{"apy":56.99212447115962,"weeklyFactor":0.0012364499541764348},"7drJL7kEdJfgNzeaEYKDqTkfmiG2ain3nEPtGHDZc6i2":{"apy":4.264929020222263,"weeklyFactor":0.00011443084388500564},"FeKSMTD9Z22kdnMLeNWAfaTXydbhVixUPcfZDW3QS1X4":{"apy":4.264929020222263,"weeklyFactor":0.00011443084388500564},"C7BLPzc1vzLL3Tm5udXELnHDRXeXkdd5f1oMKP8rwUNv":{"apy":4.264929020222263,"weeklyFactor":0.00011443084388500564},"FejEVPJBH5TEbgcpupNuRyiMRoeaCQwPvtVU6w3i2xRc":{"apy":6.861509276397348,"weeklyFactor":0.00018183434988496184},"9bXJSJ3tGjkk8QVSykcGE6KnzdKznfjWP7YXicSRFTe8":{"apy":4.264929020222263,"weeklyFactor":0.00011443084388500564},"DzCbrMZXNG3XpXuufhBp233LJXvV8Xq1C3q4ksrtbCPP":{"apy":4.264929020222263,"weeklyFactor":0.00011443084388500564},"5dX3tkVDmbHBWMCQMerAHTmd9wsRvmtKLoQt6qv9fHy7":{"apy":33.68122896247072,"weeklyFactor":0.0007956256342727395},"2keDsfcMY6hLvfrmzDAfnMSudMqYczPVcb8MSkK59P9r":{"apy":4.264929020222263,"weeklyFactor":0.00011443084388500564},"GmBMZ8BNeNR6mRFqu2ZaFvpxvGPXmc9Aa4a1GWFaxWMv":{"apy":4.264929020222263,"weeklyFactor":0.00011443084388500564},"EWZW9aJmY2LX6ZyV5RU8waHWKF1aGaxzbuBuRQp6G4j":{"apy":4.264929020222263,"weeklyFactor":0.00011443084388500564},"AXSXYioiHGFvQ1XF4zCvXjnVAcMY68WQ4RH5r5nAdah5":{"apy":4.264929020222263,"weeklyFactor":0.00011443084388500564},"A5U2LbZhwc6GFZtYft6MtbGHFhYyZ1pzCRQkz7D2b2YS":{"apy":4.264929020222263,"weeklyFactor":0.00011443084388500564},"9fY5jLin2yYMK9Eee5diWzJRZqLaYgEUupUNsKVYAMhi":{"apy":4.264929020222263,"weeklyFactor":0.00011443084388500564},"B2Mq1fpJ2bZYxxtF4yz6nNvLJLaYzM3zQsHcs2oDqk3z":{"apy":4.264929020222263,"weeklyFactor":0.00011443084388500564},"6rvpVhL9fxm2WLMefNRaLwv6aNdivZadMi56teWfSkuU":{"apy":2.976653262881165e+163,"weeklyFactor":1.7694515768621548},"5yKHz86cvHocaQnxv4mPJjftA4w7BbJzQQr5rG9miyZ3":{"apy":4.264929020222263,"weeklyFactor":0.00011443084388500564},"BGz6pBLvc4nuGNsbXYoAE7z466kSjZaoXKJMnEkZWkyD":{"apy":4.264929020222263,"weeklyFactor":0.00011443084388500564}}