{"4FkGNJMvKFk9PFwn8TBtk1ShUKege6D5Au87ezwLWiqk":{"apy":6.6377686360651555,"weeklyFactor":0.0001760910238360524},"2SgUGxYDczrB6wUzXHPJH65pNhWkEzNMEx3km4xTYUTC":{"apy":0.00001578142219127443,"weeklyFactor":4.3236759853177787e-10},"HYCzZYupXUyamfTQWNkULW1EFcNPCTA5urnEXCFXkLRh":{"apy":0.00001578142219127443,"weeklyFactor":4.3236759853177787e-10},"HbMbeaDH8xtB1a8WpwjNqcXBBGraKJjJ2xFkXEdAy1rY":{"apy":0.00001578142219127443,"weeklyFactor":4.3236759853177787e-10},"7drJL7kEdJfgNzeaEYKDqTkfmiG2ain3nEPtGHDZc6i2":{"apy":0.00001578142219127443,"weeklyFactor":4.3236759853177787e-10},"C7BLPzc1vzLL3Tm5udXELnHDRXeXkdd5f1oMKP8rwUNv":{"apy":0.00001578142219127443,"weeklyFactor":4.3236759853177787e-10},"FeKSMTD9Z22kdnMLeNWAfaTXydbhVixUPcfZDW3QS1X4":{"apy":0.00001578142219127443,"weeklyFactor":4.3236759853177787e-10},"AvNeVrKZy1FaEG9suboRXNPgmnMwomiU5EvkF6jGxGrX":{"apy":1.910444184506721,"weeklyFactor":0.00005184858638980722},"DzCbrMZXNG3XpXuufhBp233LJXvV8Xq1C3q4ksrtbCPP":{"apy":0.00001578142219127443,"weeklyFactor":4.3236759853177787e-10},"5dX3tkVDmbHBWMCQMerAHTmd9wsRvmtKLoQt6qv9fHy7":{"apy":43021.978986604925,"weeklyFactor":0.016759766124281966},"9bXJSJ3tGjkk8QVSykcGE6KnzdKznfjWP7YXicSRFTe8":{"apy":0.00001578142219127443,"weeklyFactor":4.3236759853177787e-10},"AXSXYioiHGFvQ1XF4zCvXjnVAcMY68WQ4RH5r5nAdah5":{"apy":0.00001578142219127443,"weeklyFactor":4.3236759853177787e-10},"FejEVPJBH5TEbgcpupNuRyiMRoeaCQwPvtVU6w3i2xRc":{"apy":0.022368475795464526,"weeklyFactor":6.127666103690929e-7},"EWZW9aJmY2LX6ZyV5RU8waHWKF1aGaxzbuBuRQp6G4j":{"apy":0.00001578142219127443,"weeklyFactor":4.3236759853177787e-10},"2keDsfcMY6hLvfrmzDAfnMSudMqYczPVcb8MSkK59P9r":{"apy":0.00001578142219127443,"weeklyFactor":4.3236759853177787e-10},"GmBMZ8BNeNR6mRFqu2ZaFvpxvGPXmc9Aa4a1GWFaxWMv":{"apy":0.00001578142219127443,"weeklyFactor":4.3236759853177787e-10},"A5U2LbZhwc6GFZtYft6MtbGHFhYyZ1pzCRQkz7D2b2YS":{"apy":0.00001578142219127443,"weeklyFactor":4.3236759853177787e-10},"9fY5jLin2yYMK9Eee5diWzJRZqLaYgEUupUNsKVYAMhi":{"apy":0.00001578142219127443,"weeklyFactor":4.3236759853177787e-10},"B2Mq1fpJ2bZYxxtF4yz6nNvLJLaYzM3zQsHcs2oDqk3z":{"apy":0.00001578142219127443,"weeklyFactor":4.3236759853177787e-10},"5yKHz86cvHocaQnxv4mPJjftA4w7BbJzQQr5rG9miyZ3":{"apy":0.00001578142219127443,"weeklyFactor":4.3236759853177787e-10},"6rvpVhL9fxm2WLMefNRaLwv6aNdivZadMi56teWfSkuU":{"apy":38689817395739.91,"weeklyFactor":0.07583790129663519},"BGz6pBLvc4nuGNsbXYoAE7z466kSjZaoXKJMnEkZWkyD":{"apy":0.00001578142219127443,"weeklyFactor":4.3236759853177787e-10}}