{"4FkGNJMvKFk9PFwn8TBtk1ShUKege6D5Au87ezwLWiqk":{"apy":5.603117870822483,"weeklyFactor":0.0001493747447211589},"7drJL7kEdJfgNzeaEYKDqTkfmiG2ain3nEPtGHDZc6i2":{"apy":0.000034109864843756554,"weeklyFactor":9.34516747495318e-10},"HYCzZYupXUyamfTQWNkULW1EFcNPCTA5urnEXCFXkLRh":{"apy":0.000034109864843756554,"weeklyFactor":9.34516747495318e-10},"2SgUGxYDczrB6wUzXHPJH65pNhWkEzNMEx3km4xTYUTC":{"apy":0.000034109864843756554,"weeklyFactor":9.34516747495318e-10},"AvNeVrKZy1FaEG9suboRXNPgmnMwomiU5EvkF6jGxGrX":{"apy":4.174950424758128,"weeklyFactor":0.00011206522523836032},"HbMbeaDH8xtB1a8WpwjNqcXBBGraKJjJ2xFkXEdAy1rY":{"apy":0.000034109864843756554,"weeklyFactor":9.34516747495318e-10},"C7BLPzc1vzLL3Tm5udXELnHDRXeXkdd5f1oMKP8rwUNv":{"apy":0.000034109864843756554,"weeklyFactor":9.34516747495318e-10},"FeKSMTD9Z22kdnMLeNWAfaTXydbhVixUPcfZDW3QS1X4":{"apy":0.000034109864843756554,"weeklyFactor":9.34516747495318e-10},"DzCbrMZXNG3XpXuufhBp233LJXvV8Xq1C3q4ksrtbCPP":{"apy":0.000034109864843756554,"weeklyFactor":9.34516747495318e-10},"GmBMZ8BNeNR6mRFqu2ZaFvpxvGPXmc9Aa4a1GWFaxWMv":{"apy":0.000034109864843756554,"weeklyFactor":9.34516747495318e-10},"5dX3tkVDmbHBWMCQMerAHTmd9wsRvmtKLoQt6qv9fHy7":{"apy":21549.908744287284,"weeklyFactor":0.014842180527579976},"9bXJSJ3tGjkk8QVSykcGE6KnzdKznfjWP7YXicSRFTe8":{"apy":0.000034109864843756554,"weeklyFactor":9.34516747495318e-10},"2keDsfcMY6hLvfrmzDAfnMSudMqYczPVcb8MSkK59P9r":{"apy":0.000034109864843756554,"weeklyFactor":9.34516747495318e-10},"AXSXYioiHGFvQ1XF4zCvXjnVAcMY68WQ4RH5r5nAdah5":{"apy":0.000034109864843756554,"weeklyFactor":9.34516747495318e-10},"EWZW9aJmY2LX6ZyV5RU8waHWKF1aGaxzbuBuRQp6G4j":{"apy":0.000034109864843756554,"weeklyFactor":9.34516747495318e-10},"FejEVPJBH5TEbgcpupNuRyiMRoeaCQwPvtVU6w3i2xRc":{"apy":0.04835335292707743,"weeklyFactor":0.0000013244300952254816},"A5U2LbZhwc6GFZtYft6MtbGHFhYyZ1pzCRQkz7D2b2YS":{"apy":0.000034109864843756554,"weeklyFactor":9.34516747495318e-10},"9fY5jLin2yYMK9Eee5diWzJRZqLaYgEUupUNsKVYAMhi":{"apy":0.000034109864843756554,"weeklyFactor":9.34516747495318e-10},"B2Mq1fpJ2bZYxxtF4yz6nNvLJLaYzM3zQsHcs2oDqk3z":{"apy":0.000034109864843756554,"weeklyFactor":9.34516747495318e-10},"6rvpVhL9fxm2WLMefNRaLwv6aNdivZadMi56teWfSkuU":{"apy":778548082847.9285,"weeklyFactor":0.06438663372664886},"5yKHz86cvHocaQnxv4mPJjftA4w7BbJzQQr5rG9miyZ3":{"apy":0.000034109864843756554,"weeklyFactor":9.34516747495318e-10},"BGz6pBLvc4nuGNsbXYoAE7z466kSjZaoXKJMnEkZWkyD":{"apy":0.000034109864843756554,"weeklyFactor":9.34516747495318e-10}}