{"6W6iaKmdBNqyFrXmJqB5yrebr3KowYDs4F9Nide4ARYL":{"apy":15.41059906159492,"weeklyFactor":0.0003927511069548779},"569xM2bZSTijhdB8u15G6e442PVq3PhcJUPFUZM9njvi":{"apy":15.41059906159492,"weeklyFactor":0.0003927511069548779},"Di5eqFCEonm8ABWfZph4fermaFbtrU5Jj2mrYdkKM1pT":{"apy":15.41059906159492,"weeklyFactor":0.0003927511069548779},"xQob6CJEuPD23kbMENHWGWT7ho4Anwx4dpH7pBbX6MY":{"apy":15.41059906159492,"weeklyFactor":0.0003927511069548779},"7Pzoefg48HurAC8ewRfgJgJmvGSasMYi5zHgQ67cxGTS":{"apy":15.41059906159492,"weeklyFactor":0.0003927511069548779},"HUmPDU5amyLXjpZJGwMf6YAa6W9LW2srJjcrSM3FXgUA":{"apy":15.41059906159492,"weeklyFactor":0.0003927511069548779},"CqVgxaQprGDZkBnAFNxKnwgaB5929CT1nSFxYjgUJz4H":{"apy":15.41059906159492,"weeklyFactor":0.0003927511069548779},"BZSp8EvV8XTfNrsyBXrF2xGB3L7SbHSwhmJ7RD74zmAH":{"apy":15.41059906159492,"weeklyFactor":0.0003927511069548779},"FKh586sYqro7RsTYsr7Wwc6b95bdkWCLEDKRc8fmBruh":{"apy":15.41059906159492,"weeklyFactor":0.0003927511069548779},"GAd62dWPW36cxUPndsPwB52x1xjeRcJMuZ2SNdZTMzDR":{"apy":15.41059906159492,"weeklyFactor":0.0003927511069548779},"GGAtxXgYGP5YzxbhhnuYCwZJV24idnSp31XK81Lqu6vi":{"apy":224.539721979886,"weeklyFactor":0.0032305158160996126},"2ShQGNv3YNqABBSEVGwSk9s1UCaDMGGehdbnjiJ1HmYn":{"apy":0,"weeklyFactor":10.089105883212174},"AgUfgteJ5mGWeuKZeUTedwvvu8jLaWGiRE2matEMoHEG":{"apy":15.41059906159492,"weeklyFactor":0.0003927511069548779},"51DNyWAJ7pa67DzkbHfipbZYW5hUSSRYsec5iHndtZ2W":{"apy":15.41059906159492,"weeklyFactor":0.0003927511069548779},"71QzPrqM26vMDJdtanPqyNyQ7MzqVw3FqzUWTpdNxta2":{"apy":15.41059906159492,"weeklyFactor":0.0003927511069548779},"EKYai7Zh1qPtRtkkYJcCvdEPo2fXj3bfuTGoNUSJ4Z1m":{"apy":15.41059906159492,"weeklyFactor":0.0003927511069548779},"EGLDBGNDaC1pr3iznmGDUSVLmFE8DGR1LruUHTwCFhhy":{"apy":15.41059906159492,"weeklyFactor":0.0003927511069548779},"GBEo8NoJAg5woWXXWXKT5xaWVUmxsqYgLkvyLkFDEgzY":{"apy":15.41059906159492,"weeklyFactor":0.0003927511069548779},"6fJ7t3uvmosPqXY51Qcwdc126miSnTF2bt7xgG5fyPgX":{"apy":15.41059906159492,"weeklyFactor":0.0003927511069548779},"6zPRRm2tjgUYPrnSboaxr2RvovB9y5vT9f4kYyzdbbri":{"apy":15.41059906159492,"weeklyFactor":0.0003927511069548779},"7cRPNt4EMSwvmwSrm379JhyG7s49CuCbCfnARzGykkzx":{"apy":15.41059906159492,"weeklyFactor":0.0003927511069548779},"8qhdhHUPxCqXDqhYiXDjjDnLAHctt7pEettHU6bTSXFB":{"apy":15.41059906159492,"weeklyFactor":0.0003927511069548779},"FmV9BnyyAGqVWudkV2S4hq7TGkUfoa8ku6UhKK1UN9zn":{"apy":62.24241754076188,"weeklyFactor":0.001326691429032872},"5yjxDcJzH1yaKYA6AH7GEgxtC6rdqy2kSCifjMLcmh8b":{"apy":15.41059906159492,"weeklyFactor":0.0003927511069548779},"7WxatmehVQjfXYMXoyFXnrRMCpDnMKcShFhNDXUioDpb":{"apy":15.41059906159492,"weeklyFactor":0.0003927511069548779},"A4maCv1LM7rjpUzzM7JP4wg61VchwCovKiRqo3fbXSgF":{"apy":15.41059906159492,"weeklyFactor":0.0003927511069548779},"6m8H4nKpm5fEQqKBaniRUYQfeaH7pjMkPPFiMnGXZEd8":{"apy":15.41059906159492,"weeklyFactor":0.0003927511069548779},"6SXW9UNVdiUWJhw4RvfmovbkTEBeb8tvBzPHc8EeVWi":{"apy":15.41059906159492,"weeklyFactor":0.0003927511069548779},"GYXWHy8iakBiffXh6NinMnxkuJkmNrMPry6zCPQdeaJ2":{"apy":15.41059906159492,"weeklyFactor":0.0003927511069548779},"BbuK8MkcZSJxx7VtRXB8Up8CqeURv3FRHzdzavPyKr1H":{"apy":15.41059906159492,"weeklyFactor":0.0003927511069548779},"BvPLZDd4cHfNeUy3F9tv8PQkJSWtwe5EyFpyTm81tQ9g":{"apy":15.41059906159492,"weeklyFactor":0.0003927511069548779},"A7AwVVu1y1bzz86LQrLbVtgC43k7LES6Lesc8ao7MGFP":{"apy":15.41059906159492,"weeklyFactor":0.0003927511069548779},"D8W6t585rTrYfhtQQTxozyG6w2oCLpBwLCy7rMsS1rNF":{"apy":15.41059906159492,"weeklyFactor":0.0003927511069548779},"9z35ptatPpnzzfzCXB5k7aJ6jxg4Qyno5xXVMLC7oHAW":{"apy":15.41059906159492,"weeklyFactor":0.0003927511069548779},"CrMFwYDc3j4d9f9dogyDTx97raJJpAupntzVXm2bL8hH":{"apy":15.41059906159492,"weeklyFactor":0.0003927511069548779},"79RBFWfLKbJMNHzF6sqsAb7z9iXY1kyNFpuW6HJQQW4f":{"apy":15.41059906159492,"weeklyFactor":0.0003927511069548779},"27j5twe2g8Vqr6bGyEjX4dSPKA3s1hu4N1nm9u3gRsmc":{"apy":15.41059906159492,"weeklyFactor":0.0003927511069548779},"8cQaC9iDd9pGQYcZfK61zgMitBvsW7218WzG55JhonsZ":{"apy":15.41059906159492,"weeklyFactor":0.0003927511069548779},"AG4harXetHAJLmKfQRTvW8uBBhjGDqbSvMQGTAhik4eE":{"apy":15.41059906159492,"weeklyFactor":0.0003927511069548779},"9gGUAz4psCE2t3NFr8p64hgvXAcQGADtLmrNDTKMJPpC":{"apy":15.41059906159492,"weeklyFactor":0.0003927511069548779},"84GSk7hjwaUwX5wxmvnHiTtSnffPYP7dnmoP6ZJ5TnSR":{"apy":15.41059906159492,"weeklyFactor":0.0003927511069548779},"7w3qaYPMAnbHnyWKqDzHVZcTLfJaDXhB2JdDUkZXuMho":{"apy":15.41059906159492,"weeklyFactor":0.0003927511069548779},"NvbSrT458e6LCeLq257rH73dZ7btcq1TPkQVsyL8ouT":{"apy":15.41059906159492,"weeklyFactor":0.0003927511069548779},"45t3M59UDEkeADxyGq1tJxwoUPQ5kUxeuLsusYBFkBah":{"apy":15.41059906159492,"weeklyFactor":0.0003927511069548779},"6Cr9rtgY4c7H6DZzaCTgVpeFK8TpdcuhZXeZ2wqPhCD3":{"apy":15.41059906159492,"weeklyFactor":0.0003927511069548779},"HZwUnXYy27TUWQucuuSM8dYJxxCgUMgfDf83vZNz7CKe":{"apy":15.41059906159492,"weeklyFactor":0.0003927511069548779},"4NkYxZtSpUzQc2oxktQoRYUSYC4awrtspuAGLq7Sx8A1":{"apy":15.41059906159492,"weeklyFactor":0.0003927511069548779},"6nqWUFzjoJzuZ9FWF6iBjFwUpGX6mZrF25WaWsbwqekM":{"apy":15.41059906159492,"weeklyFactor":0.0003927511069548779},"82g9tPxdE3UgLiSoA4KkV6S7hXKdN4RDjcbBiqTwWSWw":{"apy":15.41059906159492,"weeklyFactor":0.0003927511069548779},"93b5xNohGF24cbbGn7pw4QUKGLcrXdBVGw8gRsxTNcUx":{"apy":15.41059906159492,"weeklyFactor":0.0003927511069548779},"F8fj2myqZcw5CZy8yaNZDJXS2rzB7FL79maFBJM16WPu":{"apy":15.41059906159492,"weeklyFactor":0.0003927511069548779},"CssW9uGzH22u9CUkft1xgqHgKCGCTrCL6Ma93wLY94dq":{"apy":15.41059906159492,"weeklyFactor":0.0003927511069548779},"ApkrPbiWzEmkRj92g8tpzMNNXGkTogRNMQfESaUQAykv":{"apy":15.41059906159492,"weeklyFactor":0.0003927511069548779},"DkFWVeEchx65Q9vymQjDjdfY472vV4JvkXompH5s4u6u":{"apy":15.41059906159492,"weeklyFactor":0.0003927511069548779},"As83NX9BsHUx5RBuRWGWzByzXsSEoThVzcTpHrNkvUFt":{"apy":15.41059906159492,"weeklyFactor":0.0003927511069548779},"Hb2freG61xfMgmH6CUJDiyjG5zbbfcp9a6TQ2SJvs2Ur":{"apy":15.41059906159492,"weeklyFactor":0.0003927511069548779},"hLZNVV8EbeLCjkXCxfBePjAcuPSwCryWtiStoV7E4cU":{"apy":15.41059906159492,"weeklyFactor":0.0003927511069548779},"bfSBHwyL6PNjpeQEyrjsnbo7TzGRttbymvN74Y9czN3":{"apy":15.41059906159492,"weeklyFactor":0.0003927511069548779},"CC72FniNhUM41xSoA5h1idGxstrKXDqqhnYzfyBTSZDG":{"apy":12706366606564.24,"weeklyFactor":0.0725609385104722},"8krGUkrubzsymUFmy5ncJHiE5RwyDEWazvwfahii7UW1":{"apy":15.41059906159492,"weeklyFactor":0.0003927511069548779},"91efQM48sjFp5YPLRPVVFwxoER2YiYzy9BfhPeAk8oNS":{"apy":15.41059906159492,"weeklyFactor":0.0003927511069548779},"7SaJ5xEHTtWrFoJcNrNkJKb4pHJSDoMtzvcyHXJuhZRf":{"apy":15.41059906159492,"weeklyFactor":0.0003927511069548779},"8PhY9FH6ZQT74nnBuxxoVs4nYk9NUWwguFfWrZHGiAwK":{"apy":15.41059906159492,"weeklyFactor":0.0003927511069548779},"HbJhdrHeagEKTKLiajwXSvgETRs652U3vcMHpQS5y8qr":{"apy":15.41059906159492,"weeklyFactor":0.0003927511069548779},"CHQ8Ti9L3z9aLfML1ULf78ZaGFwaTMA6GFcteBvMgmAG":{"apy":15.41059906159492,"weeklyFactor":0.0003927511069548779},"3a3EdoS5MvDcw9K8GdAb2FD7A9cUK6TuAqboJX23DQNM":{"apy":15.41059906159492,"weeklyFactor":0.0003927511069548779},"5Wc3GkVnPmfRMgumstAEtT1yWYR7nBeyjYEQonz91bpb":{"apy":15.41059906159492,"weeklyFactor":0.0003927511069548779},"74nxLDML7sZeFjeqLteu89kGxC18ZRdsSHsMP9q5BALP":{"apy":15.41059906159492,"weeklyFactor":0.0003927511069548779},"Hb3evEtCB4ykLYYKFGkGgVuaCyrWFbXwe3jtkMSkq6Ve":{"apy":15.41059906159492,"weeklyFactor":0.0003927511069548779},"Fb8rVemMjXE9r7FNK7DTmUdDhQDa3jFufkqrH2bsDYWX":{"apy":15.41059906159492,"weeklyFactor":0.0003927511069548779},"CmkfvxXTLihwp7eBm9HFtfGTvBHfK8cKPW99LEq1uR7c":{"apy":15.41059906159492,"weeklyFactor":0.0003927511069548779},"YkDo4ooVf3Sw79y84w3HCy7aGFd6UMfkGdgDMiHdprx":{"apy":15.41059906159492,"weeklyFactor":0.0003927511069548779},"2Ag3cXASMvi9aNTc3iPT2R31zVxQXeawhsx4Ukf2xTeH":{"apy":15.41059906159492,