{"A7AwVVu1y1bzz86LQrLbVtgC43k7LES6Lesc8ao7MGFP":{"apy":1346.641480616549,"weeklyFactor":0.007346938775510205},"AG4harXetHAJLmKfQRTvW8uBBhjGDqbSvMQGTAhik4eE":{"apy":1346.641480616549,"weeklyFactor":0.007346938775510205},"BZSp8EvV8XTfNrsyBXrF2xGB3L7SbHSwhmJ7RD74zmAH":{"apy":1346.641480616549,"weeklyFactor":0.007346938775510205},"GGAtxXgYGP5YzxbhhnuYCwZJV24idnSp31XK81Lqu6vi":{"apy":1346.641480616549,"weeklyFactor":0.007346938775510205},"9z35ptatPpnzzfzCXB5k7aJ6jxg4Qyno5xXVMLC7oHAW":{"apy":1346.641480616549,"weeklyFactor":0.007346938775510205},"8cQaC9iDd9pGQYcZfK61zgMitBvsW7218WzG55JhonsZ":{"apy":1346.641480616549,"weeklyFactor":0.007346938775510205},"7w3qaYPMAnbHnyWKqDzHVZcTLfJaDXhB2JdDUkZXuMho":{"apy":1346.641480616549,"weeklyFactor":0.007346938775510205},"xQob6CJEuPD23kbMENHWGWT7ho4Anwx4dpH7pBbX6MY":{"apy":1346.641480616549,"weeklyFactor":0.007346938775510205},"45t3M59UDEkeADxyGq1tJxwoUPQ5kUxeuLsusYBFkBah":{"apy":1346.641480616549,"weeklyFactor":0.007346938775510205},"EGLDBGNDaC1pr3iznmGDUSVLmFE8DGR1LruUHTwCFhhy":{"apy":1346.641480616549,"weeklyFactor":0.007346938775510205},"HUmPDU5amyLXjpZJGwMf6YAa6W9LW2srJjcrSM3FXgUA":{"apy":1346.641480616549,"weeklyFactor":0.007346938775510205},"NvbSrT458e6LCeLq257rH73dZ7btcq1TPkQVsyL8ouT":{"apy":1346.641480616549,"weeklyFactor":0.007346938775510205},"5yjxDcJzH1yaKYA6AH7GEgxtC6rdqy2kSCifjMLcmh8b":{"apy":1346.641480616549,"weeklyFactor":0.007346938775510205},"AgUfgteJ5mGWeuKZeUTedwvvu8jLaWGiRE2matEMoHEG":{"apy":1346.641480616549,"weeklyFactor":0.007346938775510205},"6W6iaKmdBNqyFrXmJqB5yrebr3KowYDs4F9Nide4ARYL":{"apy":1346.641480616549,"weeklyFactor":0.007346938775510205},"6m8H4nKpm5fEQqKBaniRUYQfeaH7pjMkPPFiMnGXZEd8":{"apy":1346.641480616549,"weeklyFactor":0.007346938775510205},"CrMFwYDc3j4d9f9dogyDTx97raJJpAupntzVXm2bL8hH":{"apy":1346.641480616549,"weeklyFactor":0.007346938775510205},"7Pzoefg48HurAC8ewRfgJgJmvGSasMYi5zHgQ67cxGTS":{"apy":1346.641480616549,"weeklyFactor":0.007346938775510205},"6fJ7t3uvmosPqXY51Qcwdc126miSnTF2bt7xgG5fyPgX":{"apy":1346.641480616549,"weeklyFactor":0.007346938775510205},"GBEo8NoJAg5woWXXWXKT5xaWVUmxsqYgLkvyLkFDEgzY":{"apy":1346.641480616549,"weeklyFactor":0.007346938775510205},"CqVgxaQprGDZkBnAFNxKnwgaB5929CT1nSFxYjgUJz4H":{"apy":1346.641480616549,"weeklyFactor":0.007346938775510205},"Di5eqFCEonm8ABWfZph4fermaFbtrU5Jj2mrYdkKM1pT":{"apy":1346.641480616549,"weeklyFactor":0.007346938775510205},"79RBFWfLKbJMNHzF6sqsAb7z9iXY1kyNFpuW6HJQQW4f":{"apy":1346.641480616549,"weeklyFactor":0.007346938775510205},"4NkYxZtSpUzQc2oxktQoRYUSYC4awrtspuAGLq7Sx8A1":{"apy":1346.641480616549,"weeklyFactor":0.007346938775510205},"EKYai7Zh1qPtRtkkYJcCvdEPo2fXj3bfuTGoNUSJ4Z1m":{"apy":1346.641480616549,"weeklyFactor":0.007346938775510205},"7cRPNt4EMSwvmwSrm379JhyG7s49CuCbCfnARzGykkzx":{"apy":1346.641480616549,"weeklyFactor":0.007346938775510205},"FmV9BnyyAGqVWudkV2S4hq7TGkUfoa8ku6UhKK1UN9zn":{"apy":1623.579678256236,"weeklyFactor":0.007830467297951697},"BvPLZDd4cHfNeUy3F9tv8PQkJSWtwe5EyFpyTm81tQ9g":{"apy":1346.641480616549,"weeklyFactor":0.007346938775510205},"27j5twe2g8Vqr6bGyEjX4dSPKA3s1hu4N1nm9u3gRsmc":{"apy":1346.641480616549,"weeklyFactor":0.007346938775510205},"84GSk7hjwaUwX5wxmvnHiTtSnffPYP7dnmoP6ZJ5TnSR":{"apy":1346.641480616549,"weeklyFactor":0.007346938775510205},"6SXW9UNVdiUWJhw4RvfmovbkTEBeb8tvBzPHc8EeVWi":{"apy":1346.641480616549,"weeklyFactor":0.007346938775510205},"82g9tPxdE3UgLiSoA4KkV6S7hXKdN4RDjcbBiqTwWSWw":{"apy":1346.641480616549,"weeklyFactor":0.007346938775510205},"A4maCv1LM7rjpUzzM7JP4wg61VchwCovKiRqo3fbXSgF":{"apy":1346.641480616549,"weeklyFactor":0.007346938775510205},"6Cr9rtgY4c7H6DZzaCTgVpeFK8TpdcuhZXeZ2wqPhCD3":{"apy":1346.641480616549,"weeklyFactor":0.007346938775510205},"7WxatmehVQjfXYMXoyFXnrRMCpDnMKcShFhNDXUioDpb":{"apy":1346.641480616549,"weeklyFactor":0.007346938775510205},"GYXWHy8iakBiffXh6NinMnxkuJkmNrMPry6zCPQdeaJ2":{"apy":1346.641480616549,"weeklyFactor":0.007346938775510205},"569xM2bZSTijhdB8u15G6e442PVq3PhcJUPFUZM9njvi":{"apy":1346.641480616549,"weeklyFactor":0.007346938775510205},"9gGUAz4psCE2t3NFr8p64hgvXAcQGADtLmrNDTKMJPpC":{"apy":1346.641480616549,"weeklyFactor":0.007346938775510205},"BbuK8MkcZSJxx7VtRXB8Up8CqeURv3FRHzdzavPyKr1H":{"apy":1346.641480616549,"weeklyFactor":0.007346938775510205},"D8W6t585rTrYfhtQQTxozyG6w2oCLpBwLCy7rMsS1rNF":{"apy":1346.641480616549,"weeklyFactor":0.007346938775510205},"FKh586sYqro7RsTYsr7Wwc6b95bdkWCLEDKRc8fmBruh":{"apy":1346.641480616549,"weeklyFactor":0.007346938775510205},"6zPRRm2tjgUYPrnSboaxr2RvovB9y5vT9f4kYyzdbbri":{"apy":1346.641480616549,"weeklyFactor":0.007346938775510205},"GAd62dWPW36cxUPndsPwB52x1xjeRcJMuZ2SNdZTMzDR":{"apy":1346.641480616549,"weeklyFactor":0.007346938775510205},"8qhdhHUPxCqXDqhYiXDjjDnLAHctt7pEettHU6bTSXFB":{"apy":1346.641480616549,"weeklyFactor":0.007346938775510205},"71QzPrqM26vMDJdtanPqyNyQ7MzqVw3FqzUWTpdNxta2":{"apy":1346.641480616549,"weeklyFactor":0.007346938775510205},"6nqWUFzjoJzuZ9FWF6iBjFwUpGX6mZrF25WaWsbwqekM":{"apy":1346.641480616549,"weeklyFactor":0.007346938775510205},"51DNyWAJ7pa67DzkbHfipbZYW5hUSSRYsec5iHndtZ2W":{"apy":1346.641480616549,"weeklyFactor":0.007346938775510205},"2ShQGNv3YNqABBSEVGwSk9s1UCaDMGGehdbnjiJ1HmYn":{"apy":7.91132909381069e+23,"weeklyFactor":0.14814094221076338},"HZwUnXYy27TUWQucuuSM8dYJxxCgUMgfDf83vZNz7CKe":{"apy":1346.641480616549,"weeklyFactor":0.007346938775510205},"bfSBHwyL6PNjpeQEyrjsnbo7TzGRttbymvN74Y9czN3":{"apy":1346.641480616549,"weeklyFactor":0.007346938775510205},"Hb2freG61xfMgmH6CUJDiyjG5zbbfcp9a6TQ2SJvs2Ur":{"apy":1346.641480616549,"weeklyFactor":0.007346938775510205},"CssW9uGzH22u9CUkft1xgqHgKCGCTrCL6Ma93wLY94dq":{"apy":1346.641480616549,"weeklyFactor":0.007346938775510205},"HbJhdrHeagEKTKLiajwXSvgETRs652U3vcMHpQS5y8qr":{"apy":1346.641480616549,"weeklyFactor":0.007346938775510205},"8krGUkrubzsymUFmy5ncJHiE5RwyDEWazvwfahii7UW1":{"apy":1346.641480616549,"weeklyFactor":0.007346938775510205},"DkFWVeEchx65Q9vymQjDjdfY472vV4JvkXompH5s4u6u":{"apy":1346.641480616549,"weeklyFactor":0.007346938775510205},"91efQM48sjFp5YPLRPVVFwxoER2YiYzy9BfhPeAk8oNS":{"apy":1346.641480616549,"weeklyFactor":0.007346938775510205},"74nxLDML7sZeFjeqLteu89kGxC18ZRdsSHsMP9q5BALP":{"apy":1346.641480616549,"weeklyFactor":0.007346938775510205},"3a3EdoS5MvDcw9K8GdAb2FD7A9cUK6TuAqboJX23DQNM":{"apy":1346.641480616549,"weeklyFactor":0.007346938775510205},"Hb3evEtCB4ykLYYKFGkGgVuaCyrWFbXwe3jtkMSkq6Ve":{"apy":1346.641480616549,"weeklyFactor":0.007346938775510205},"CHQ8Ti9L3z9aLfML1ULf78ZaGFwaTMA6GFcteBvMgmAG":{"apy":1346.641480616549,"weeklyFactor":0.007346938775510205},"93b5xNohGF24cbbGn7pw4QUKGLcrXdBVGw8gRsxTNcUx":{"apy":1346.641480616549,"weeklyFactor":0.007346938775510205},"F8fj2myqZcw5CZy8yaNZDJXS2rzB7FL79maFBJM16WPu":{"apy":1346.641480616549,"weeklyFactor":0.007346938775510205},"hLZNVV8EbeLCjkXCxfBePjAcuPSwCryWtiStoV7E4cU":{"apy":1346.641480616549,"weeklyFactor":0.007346938775510205},"CC72FniNhUM41xSoA5h1idGxstrKXDqqhnYzfyBTSZDG":{"apy":19660937970667454000,"weeklyFactor":0.11526927451747475},"ApkrPbiWzEmkRj92g8tpzMNNXGkTogRNMQfESaUQAykv":{"apy":1346.641480616549,"weeklyFactor":0.007346938775510205},"Fb8rVemMjXE9r7FNK7DTmUdDhQDa3jFufkqrH2bsDYWX":{"apy":1346.641480616549,"weeklyFactor":0.007346938775510205},"7SaJ5xEHTtWrFoJcNrNkJKb4pHJSDoMtzvcyHXJuhZRf":{"apy":1346.641480616549,"weeklyFactor":0.007346938775510205},"5Wc3GkVnPmfRMgumstAEtT1yWYR7nBeyjYEQonz91bpb":{"apy":1346.641480616549,"weeklyFactor":0.007346938775510205},"8PhY9FH6ZQT74nnBuxxoVs4nYk9NUWwguFfWrZHGiAwK":{"apy":1346.641480616549,"weeklyFactor":0.007346938775510205},"As83NX9BsHUx5RBuRWGWzByzXsSEoThVzcTpHrNkvUFt":{"apy":1346.641480616549,"weeklyFactor":0.007346938775510205},"YkDo4ooVf3Sw79y84w3HCy7aGFd6UMfkGdgDMiHdprx":{"apy":1346.641480616549,"weeklyFactor":0.007346938775510205},"Ee7EsMJ6bYN99FKVTc9SEpX9HucyHg4AGuQpRuP9Ac4c":{"apy":1346.641480616549,"weeklyFactor":0.007346938775510205},"CmkfvxXTLihwp7eBm9HFtfGTvBHfK8cKPW99LEq1uR7c":{"apy":1346.641480616549,"weeklyFactor":0.007346938775510205},