{"HbMbeaDH8xtB1a8WpwjNqcXBBGraKJjJ2xFkXEdAy1rY":{"apy":30.40628942572954,"weeklyFactor":0.0007276199134248934},"4FkGNJMvKFk9PFwn8TBtk1ShUKege6D5Au87ezwLWiqk":{"apy":30.40628942572954,"weeklyFactor":0.0007276199134248934},"7drJL7kEdJfgNzeaEYKDqTkfmiG2ain3nEPtGHDZc6i2":{"apy":30.40628942572954,"weeklyFactor":0.0007276199134248934},"C7BLPzc1vzLL3Tm5udXELnHDRXeXkdd5f1oMKP8rwUNv":{"apy":30.40628942572954,"weeklyFactor":0.0007276199134248934},"FeKSMTD9Z22kdnMLeNWAfaTXydbhVixUPcfZDW3QS1X4":{"apy":30.40628942572954,"weeklyFactor":0.0007276199134248934},"AvNeVrKZy1FaEG9suboRXNPgmnMwomiU5EvkF6jGxGrX":{"apy":278.72821900379165,"weeklyFactor":0.0036550158364491475},"HYCzZYupXUyamfTQWNkULW1EFcNPCTA5urnEXCFXkLRh":{"apy":30.40628942572954,"weeklyFactor":0.0007276199134248934},"2SgUGxYDczrB6wUzXHPJH65pNhWkEzNMEx3km4xTYUTC":{"apy":30.40628942572954,"weeklyFactor":0.0007276199134248934},"9bXJSJ3tGjkk8QVSykcGE6KnzdKznfjWP7YXicSRFTe8":{"apy":30.40628942572954,"weeklyFactor":0.0007276199134248934},"FejEVPJBH5TEbgcpupNuRyiMRoeaCQwPvtVU6w3i2xRc":{"apy":52.46631956691474,"weeklyFactor":0.0011562118169287084},"EWZW9aJmY2LX6ZyV5RU8waHWKF1aGaxzbuBuRQp6G4j":{"apy":30.40628942572954,"weeklyFactor":0.0007276199134248934},"GmBMZ8BNeNR6mRFqu2ZaFvpxvGPXmc9Aa4a1GWFaxWMv":{"apy":30.40628942572954,"weeklyFactor":0.0007276199134248934},"2keDsfcMY6hLvfrmzDAfnMSudMqYczPVcb8MSkK59P9r":{"apy":30.40628942572954,"weeklyFactor":0.0007276199134248934},"AXSXYioiHGFvQ1XF4zCvXjnVAcMY68WQ4RH5r5nAdah5":{"apy":30.40628942572954,"weeklyFactor":0.0007276199134248934},"DzCbrMZXNG3XpXuufhBp233LJXvV8Xq1C3q4ksrtbCPP":{"apy":30.40628942572954,"weeklyFactor":0.0007276199134248934},"5dX3tkVDmbHBWMCQMerAHTmd9wsRvmtKLoQt6qv9fHy7":{"apy":89.97766395972779,"weeklyFactor":0.0017597282094576907},"A5U2LbZhwc6GFZtYft6MtbGHFhYyZ1pzCRQkz7D2b2YS":{"apy":30.40628942572954,"weeklyFactor":0.0007276199134248934},"9fY5jLin2yYMK9Eee5diWzJRZqLaYgEUupUNsKVYAMhi":{"apy":30.40628942572954,"weeklyFactor":0.0007276199134248934},"B2Mq1fpJ2bZYxxtF4yz6nNvLJLaYzM3zQsHcs2oDqk3z":{"apy":30.40628942572954,"weeklyFactor":0.0007276199134248934},"5yKHz86cvHocaQnxv4mPJjftA4w7BbJzQQr5rG9miyZ3":{"apy":30.40628942572954,"weeklyFactor":0.0007276199134248934},"6rvpVhL9fxm2WLMefNRaLwv6aNdivZadMi56teWfSkuU":{"apy":3.2211456027748595e+146,"weeklyFactor":1.488355104755255},"BGz6pBLvc4nuGNsbXYoAE7z466kSjZaoXKJMnEkZWkyD":{"apy":30.40628942572954,"weeklyFactor":0.0007276199134248934}}