{"4FkGNJMvKFk9PFwn8TBtk1ShUKege6D5Au87ezwLWiqk":{"apy":888.813074351633,"weeklyFactor":0.006297376093294461},"HbMbeaDH8xtB1a8WpwjNqcXBBGraKJjJ2xFkXEdAy1rY":{"apy":888.813074351633,"weeklyFactor":0.006297376093294461},"FeKSMTD9Z22kdnMLeNWAfaTXydbhVixUPcfZDW3QS1X4":{"apy":888.813074351633,"weeklyFactor":0.006297376093294461},"7drJL7kEdJfgNzeaEYKDqTkfmiG2ain3nEPtGHDZc6i2":{"apy":888.813074351633,"weeklyFactor":0.006297376093294461},"HYCzZYupXUyamfTQWNkULW1EFcNPCTA5urnEXCFXkLRh":{"apy":888.813074351633,"weeklyFactor":0.006297376093294461},"AvNeVrKZy1FaEG9suboRXNPgmnMwomiU5EvkF6jGxGrX":{"apy":3332.824791845757,"weeklyFactor":0.00973466167180395},"2SgUGxYDczrB6wUzXHPJH65pNhWkEzNMEx3km4xTYUTC":{"apy":888.813074351633,"weeklyFactor":0.006297376093294461},"C7BLPzc1vzLL3Tm5udXELnHDRXeXkdd5f1oMKP8rwUNv":{"apy":888.813074351633,"weeklyFactor":0.006297376093294461},"EWZW9aJmY2LX6ZyV5RU8waHWKF1aGaxzbuBuRQp6G4j":{"apy":888.813074351633,"weeklyFactor":0.006297376093294461},"2keDsfcMY6hLvfrmzDAfnMSudMqYczPVcb8MSkK59P9r":{"apy":888.813074351633,"weeklyFactor":0.006297376093294461},"9bXJSJ3tGjkk8QVSykcGE6KnzdKznfjWP7YXicSRFTe8":{"apy":888.813074351633,"weeklyFactor":0.006297376093294461},"DzCbrMZXNG3XpXuufhBp233LJXvV8Xq1C3q4ksrtbCPP":{"apy":888.813074351633,"weeklyFactor":0.006297376093294461},"AXSXYioiHGFvQ1XF4zCvXjnVAcMY68WQ4RH5r5nAdah5":{"apy":888.813074351633,"weeklyFactor":0.006297376093294461},"5dX3tkVDmbHBWMCQMerAHTmd9wsRvmtKLoQt6qv9fHy7":{"apy":1266.045575119236,"weeklyFactor":0.007188743842639368},"FejEVPJBH5TEbgcpupNuRyiMRoeaCQwPvtVU6w3i2xRc":{"apy":1385.7103960364143,"weeklyFactor":0.007420487141269665},"GmBMZ8BNeNR6mRFqu2ZaFvpxvGPXmc9Aa4a1GWFaxWMv":{"apy":888.813074351633,"weeklyFactor":0.006297376093294461},"A5U2LbZhwc6GFZtYft6MtbGHFhYyZ1pzCRQkz7D2b2YS":{"apy":888.813074351633,"weeklyFactor":0.006297376093294461},"9fY5jLin2yYMK9Eee5diWzJRZqLaYgEUupUNsKVYAMhi":{"apy":888.813074351633,"weeklyFactor":0.006297376093294461},"B2Mq1fpJ2bZYxxtF4yz6nNvLJLaYzM3zQsHcs2oDqk3z":{"apy":888.813074351633,"weeklyFactor":0.006297376093294461},"5yKHz86cvHocaQnxv4mPJjftA4w7BbJzQQr5rG9miyZ3":{"apy":888.813074351633,"weeklyFactor":0.006297376093294461},"6rvpVhL9fxm2WLMefNRaLwv6aNdivZadMi56teWfSkuU":{"apy":888.813074351633,"weeklyFactor":0.006297376093294461},"BGz6pBLvc4nuGNsbXYoAE7z466kSjZaoXKJMnEkZWkyD":{"apy":888.813074351633,"weeklyFactor":0.006297376093294461}}