{"6W6iaKmdBNqyFrXmJqB5yrebr3KowYDs4F9Nide4ARYL":{"apy":1.0485172855341451,"weeklyFactor":0.00002857735264400393},"569xM2bZSTijhdB8u15G6e442PVq3PhcJUPFUZM9njvi":{"apy":1.0485172855341451,"weeklyFactor":0.00002857735264400393},"Di5eqFCEonm8ABWfZph4fermaFbtrU5Jj2mrYdkKM1pT":{"apy":1.0485172855341451,"weeklyFactor":0.00002857735264400393},"xQob6CJEuPD23kbMENHWGWT7ho4Anwx4dpH7pBbX6MY":{"apy":1.0485172855341451,"weeklyFactor":0.00002857735264400393},"7Pzoefg48HurAC8ewRfgJgJmvGSasMYi5zHgQ67cxGTS":{"apy":1.0485172855341451,"weeklyFactor":0.00002857735264400393},"HUmPDU5amyLXjpZJGwMf6YAa6W9LW2srJjcrSM3FXgUA":{"apy":1.0485172855341451,"weeklyFactor":0.00002857735264400393},"CqVgxaQprGDZkBnAFNxKnwgaB5929CT1nSFxYjgUJz4H":{"apy":1.0485172855341451,"weeklyFactor":0.00002857735264400393},"BZSp8EvV8XTfNrsyBXrF2xGB3L7SbHSwhmJ7RD74zmAH":{"apy":1.0485172855341451,"weeklyFactor":0.00002857735264400393},"FKh586sYqro7RsTYsr7Wwc6b95bdkWCLEDKRc8fmBruh":{"apy":1.0485172855341451,"weeklyFactor":0.00002857735264400393},"GAd62dWPW36cxUPndsPwB52x1xjeRcJMuZ2SNdZTMzDR":{"apy":1.0485172855341451,"weeklyFactor":0.00002857735264400393},"GGAtxXgYGP5YzxbhhnuYCwZJV24idnSp31XK81Lqu6vi":{"apy":171.35693874510673,"weeklyFactor":0.0027387157374266107},"2ShQGNv3YNqABBSEVGwSk9s1UCaDMGGehdbnjiJ1HmYn":{"apy":0,"weeklyFactor":9.567492794146927},"AgUfgteJ5mGWeuKZeUTedwvvu8jLaWGiRE2matEMoHEG":{"apy":1.0485172855341451,"weeklyFactor":0.00002857735264400393},"51DNyWAJ7pa67DzkbHfipbZYW5hUSSRYsec5iHndtZ2W":{"apy":1.0485172855341451,"weeklyFactor":0.00002857735264400393},"71QzPrqM26vMDJdtanPqyNyQ7MzqVw3FqzUWTpdNxta2":{"apy":1.0485172855341451,"weeklyFactor":0.00002857735264400393},"EKYai7Zh1qPtRtkkYJcCvdEPo2fXj3bfuTGoNUSJ4Z1m":{"apy":1.0485172855341451,"weeklyFactor":0.00002857735264400393},"EGLDBGNDaC1pr3iznmGDUSVLmFE8DGR1LruUHTwCFhhy":{"apy":1.0485172855341451,"weeklyFactor":0.00002857735264400393},"GBEo8NoJAg5woWXXWXKT5xaWVUmxsqYgLkvyLkFDEgzY":{"apy":1.0485172855341451,"weeklyFactor":0.00002857735264400393},"6fJ7t3uvmosPqXY51Qcwdc126miSnTF2bt7xgG5fyPgX":{"apy":1.0485172855341451,"weeklyFactor":0.00002857735264400393},"6zPRRm2tjgUYPrnSboaxr2RvovB9y5vT9f4kYyzdbbri":{"apy":1.0485172855341451,"weeklyFactor":0.00002857735264400393},"7cRPNt4EMSwvmwSrm379JhyG7s49CuCbCfnARzGykkzx":{"apy":1.0485172855341451,"weeklyFactor":0.00002857735264400393},"8qhdhHUPxCqXDqhYiXDjjDnLAHctt7pEettHU6bTSXFB":{"apy":1.0485172855341451,"weeklyFactor":0.00002857735264400393},"FmV9BnyyAGqVWudkV2S4hq7TGkUfoa8ku6UhKK1UN9zn":{"apy":5.988806870947738,"weeklyFactor":0.00015936422313234032},"5yjxDcJzH1yaKYA6AH7GEgxtC6rdqy2kSCifjMLcmh8b":{"apy":1.0485172855341451,"weeklyFactor":0.00002857735264400393},"7WxatmehVQjfXYMXoyFXnrRMCpDnMKcShFhNDXUioDpb":{"apy":1.0485172855341451,"weeklyFactor":0.00002857735264400393},"A4maCv1LM7rjpUzzM7JP4wg61VchwCovKiRqo3fbXSgF":{"apy":1.0485172855341451,"weeklyFactor":0.00002857735264400393},"6m8H4nKpm5fEQqKBaniRUYQfeaH7pjMkPPFiMnGXZEd8":{"apy":1.0485172855341451,"weeklyFactor":0.00002857735264400393},"6SXW9UNVdiUWJhw4RvfmovbkTEBeb8tvBzPHc8EeVWi":{"apy":1.0485172855341451,"weeklyFactor":0.00002857735264400393},"GYXWHy8iakBiffXh6NinMnxkuJkmNrMPry6zCPQdeaJ2":{"apy":1.0485172855341451,"weeklyFactor":0.00002857735264400393},"BbuK8MkcZSJxx7VtRXB8Up8CqeURv3FRHzdzavPyKr1H":{"apy":1.0485172855341451,"weeklyFactor":0.00002857735264400393},"BvPLZDd4cHfNeUy3F9tv8PQkJSWtwe5EyFpyTm81tQ9g":{"apy":1.0485172855341451,"weeklyFactor":0.00002857735264400393},"A7AwVVu1y1bzz86LQrLbVtgC43k7LES6Lesc8ao7MGFP":{"apy":1.0485172855341451,"weeklyFactor":0.00002857735264400393},"D8W6t585rTrYfhtQQTxozyG6w2oCLpBwLCy7rMsS1rNF":{"apy":1.0485172855341451,"weeklyFactor":0.00002857735264400393},"9z35ptatPpnzzfzCXB5k7aJ6jxg4Qyno5xXVMLC7oHAW":{"apy":1.0485172855341451,"weeklyFactor":0.00002857735264400393},"CrMFwYDc3j4d9f9dogyDTx97raJJpAupntzVXm2bL8hH":{"apy":1.0485172855341451,"weeklyFactor":0.00002857735264400393},"79RBFWfLKbJMNHzF6sqsAb7z9iXY1kyNFpuW6HJQQW4f":{"apy":1.0485172855341451,"weeklyFactor":0.00002857735264400393},"27j5twe2g8Vqr6bGyEjX4dSPKA3s1hu4N1nm9u3gRsmc":{"apy":1.0485172855341451,"weeklyFactor":0.00002857735264400393},"8cQaC9iDd9pGQYcZfK61zgMitBvsW7218WzG55JhonsZ":{"apy":1.0485172855341451,"weeklyFactor":0.00002857735264400393},"AG4harXetHAJLmKfQRTvW8uBBhjGDqbSvMQGTAhik4eE":{"apy":1.0485172855341451,"weeklyFactor":0.00002857735264400393},"9gGUAz4psCE2t3NFr8p64hgvXAcQGADtLmrNDTKMJPpC":{"apy":1.0485172855341451,"weeklyFactor":0.00002857735264400393},"84GSk7hjwaUwX5wxmvnHiTtSnffPYP7dnmoP6ZJ5TnSR":{"apy":1.0485172855341451,"weeklyFactor":0.00002857735264400393},"7w3qaYPMAnbHnyWKqDzHVZcTLfJaDXhB2JdDUkZXuMho":{"apy":1.0485172855341451,"weeklyFactor":0.00002857735264400393},"NvbSrT458e6LCeLq257rH73dZ7btcq1TPkQVsyL8ouT":{"apy":1.0485172855341451,"weeklyFactor":0.00002857735264400393},"45t3M59UDEkeADxyGq1tJxwoUPQ5kUxeuLsusYBFkBah":{"apy":1.0485172855341451,"weeklyFactor":0.00002857735264400393},"6Cr9rtgY4c7H6DZzaCTgVpeFK8TpdcuhZXeZ2wqPhCD3":{"apy":1.0485172855341451,"weeklyFactor":0.00002857735264400393},"HZwUnXYy27TUWQucuuSM8dYJxxCgUMgfDf83vZNz7CKe":{"apy":1.0485172855341451,"weeklyFactor":0.00002857735264400393},"4NkYxZtSpUzQc2oxktQoRYUSYC4awrtspuAGLq7Sx8A1":{"apy":1.0485172855341451,"weeklyFactor":0.00002857735264400393},"6nqWUFzjoJzuZ9FWF6iBjFwUpGX6mZrF25WaWsbwqekM":{"apy":1.0485172855341451,"weeklyFactor":0.00002857735264400393},"82g9tPxdE3UgLiSoA4KkV6S7hXKdN4RDjcbBiqTwWSWw":{"apy":1.0485172855341451,"weeklyFactor":0.00002857735264400393},"93b5xNohGF24cbbGn7pw4QUKGLcrXdBVGw8gRsxTNcUx":{"apy":1.0485172855341451,"weeklyFactor":0.00002857735264400393},"F8fj2myqZcw5CZy8yaNZDJXS2rzB7FL79maFBJM16WPu":{"apy":1.0485172855341451,"weeklyFactor":0.00002857735264400393},"CssW9uGzH22u9CUkft1xgqHgKCGCTrCL6Ma93wLY94dq":{"apy":1.0485172855341451,"weeklyFactor":0.00002857735264400393},"ApkrPbiWzEmkRj92g8tpzMNNXGkTogRNMQfESaUQAykv":{"apy":1.0485172855341451,"weeklyFactor":0.00002857735264400393},"DkFWVeEchx65Q9vymQjDjdfY472vV4JvkXompH5s4u6u":{"apy":1.0485172855341451,"weeklyFactor":0.00002857735264400393},"As83NX9BsHUx5RBuRWGWzByzXsSEoThVzcTpHrNkvUFt":{"apy":1.0485172855341451,"weeklyFactor":0.00002857735264400393},"Hb2freG61xfMgmH6CUJDiyjG5zbbfcp9a6TQ2SJvs2Ur":{"apy":1.0485172855341451,"weeklyFactor":0.00002857735264400393},"hLZNVV8EbeLCjkXCxfBePjAcuPSwCryWtiStoV7E4cU":{"apy":1.0485172855341451,"weeklyFactor":0.00002857735264400393},"bfSBHwyL6PNjpeQEyrjsnbo7TzGRttbymvN74Y9czN3":{"apy":1.0485172855341451,"weeklyFactor":0.00002857735264400393},"CC72FniNhUM41xSoA5h1idGxstrKXDqqhnYzfyBTSZDG":{"apy":6459.314505893634,"weeklyFactor":0.011527500318272783},"8krGUkrubzsymUFmy5ncJHiE5RwyDEWazvwfahii7UW1":{"apy":1.0485172855341451,"weeklyFactor":0.00002857735264400393},"91efQM48sjFp5YPLRPVVFwxoER2YiYzy9BfhPeAk8oNS":{"apy":1.0485172855341451,"weeklyFactor":0.00002857735264400393},"7SaJ5xEHTtWrFoJcNrNkJKb4pHJSDoMtzvcyHXJuhZRf":{"apy":1.0485172855341451,"weeklyFactor":0.00002857735264400393},"8PhY9FH6ZQT74nnBuxxoVs4nYk9NUWwguFfWrZHGiAwK":{"apy":1.0485172855341451,"weeklyFactor":0.00002857735264400393},"HbJhdrHeagEKTKLiajwXSvgETRs652U3vcMHpQS5y8qr":{"apy":1.0485172855341451,"weeklyFactor":0.00002857735264400393},"CHQ8Ti9L3z9aLfML1ULf78ZaGFwaTMA6GFcteBvMgmAG":{"apy":1.0485172855341451,"weeklyFactor":0.00002857735264400393},"3a3EdoS5MvDcw9K8GdAb2FD7A9cUK6TuAqboJX23DQNM":{"apy":1.0485172855341451,"weeklyFactor":0.00002857735264400393},"5Wc3GkVnPmfRMgumstAEtT1yWYR7nBeyjYEQonz91bpb":{"apy":1.0485172855341451,"weeklyFactor":0.00002857735264400393},"74nxLDML7sZeFjeqLteu89kGxC18ZRdsSHsMP9q5BALP":{"apy":20.43128932022873,"weeklyFactor":0.0005094699856313444},"Hb3evEtCB4ykLYYKFGkGgVuaCyrWFbXwe3jtkMSkq6Ve":{"apy":1.0485172855341451,"weeklyFactor":0.00002857735264400393},"Fb8rVemMjXE9r7FNK7DTmUdDhQDa3jFufkqrH2bsDYWX":{"apy":1.0485172855341451,"weeklyFactor":0.00002857735264400393},"CmkfvxXTLihwp7eBm9HFtfGTvBHfK8cKPW99LEq1uR7c":{"apy":1.0485172855341451,"weeklyFactor":0.00002857735264400393},"YkDo4ooVf3Sw79y84w3HCy7aGFd6UMfkGdgDMiHdprx":{"apy":1.0485172855341451,