{"HYCzZYupXUyamfTQWNkULW1EFcNPCTA5urnEXCFXkLRh":{"apy":0.07592482503442355,"weeklyFactor":0.000002079345085674278},"C7BLPzc1vzLL3Tm5udXELnHDRXeXkdd5f1oMKP8rwUNv":{"apy":0.07592482503442355,"weeklyFactor":0.000002079345085674278},"FeKSMTD9Z22kdnMLeNWAfaTXydbhVixUPcfZDW3QS1X4":{"apy":0.07592482503442355,"weeklyFactor":0.000002079345085674278},"7drJL7kEdJfgNzeaEYKDqTkfmiG2ain3nEPtGHDZc6i2":{"apy":0.07592482503442355,"weeklyFactor":0.000002079345085674278},"HbMbeaDH8xtB1a8WpwjNqcXBBGraKJjJ2xFkXEdAy1rY":{"apy":0.07592482503442355,"weeklyFactor":0.000002079345085674278},"4FkGNJMvKFk9PFwn8TBtk1ShUKege6D5Au87ezwLWiqk":{"apy":0.07592482503442355,"weeklyFactor":0.000002079345085674278},"2SgUGxYDczrB6wUzXHPJH65pNhWkEzNMEx3km4xTYUTC":{"apy":0.07592482503442355,"weeklyFactor":0.000002079345085674278},"AvNeVrKZy1FaEG9suboRXNPgmnMwomiU5EvkF6jGxGrX":{"apy":125913.4966068418,"weeklyFactor":0.019751360309600067},"9bXJSJ3tGjkk8QVSykcGE6KnzdKznfjWP7YXicSRFTe8":{"apy":0.07592482503442355,"weeklyFactor":0.000002079345085674278},"2keDsfcMY6hLvfrmzDAfnMSudMqYczPVcb8MSkK59P9r":{"apy":0.07592482503442355,"weeklyFactor":0.000002079345085674278},"GmBMZ8BNeNR6mRFqu2ZaFvpxvGPXmc9Aa4a1GWFaxWMv":{"apy":0.07592482503442355,"weeklyFactor":0.000002079345085674278},"EWZW9aJmY2LX6ZyV5RU8waHWKF1aGaxzbuBuRQp6G4j":{"apy":0.07592482503442355,"weeklyFactor":0.000002079345085674278},"5dX3tkVDmbHBWMCQMerAHTmd9wsRvmtKLoQt6qv9fHy7":{"apy":0.6328447724670117,"weeklyFactor":0.00001728373068678424},"FejEVPJBH5TEbgcpupNuRyiMRoeaCQwPvtVU6w3i2xRc":{"apy":192.7194482928278,"weeklyFactor":0.0029469211945182673},"DzCbrMZXNG3XpXuufhBp233LJXvV8Xq1C3q4ksrtbCPP":{"apy":0.07592482503442355,"weeklyFactor":0.000002079345085674278},"AXSXYioiHGFvQ1XF4zCvXjnVAcMY68WQ4RH5r5nAdah5":{"apy":0.07592482503442355,"weeklyFactor":0.000002079345085674278},"9fY5jLin2yYMK9Eee5diWzJRZqLaYgEUupUNsKVYAMhi":{"apy":0.07592482503442355,"weeklyFactor":0.000002079345085674278},"A5U2LbZhwc6GFZtYft6MtbGHFhYyZ1pzCRQkz7D2b2YS":{"apy":0.07592482503442355,"weeklyFactor":0.000002079345085674278},"B2Mq1fpJ2bZYxxtF4yz6nNvLJLaYzM3zQsHcs2oDqk3z":{"apy":0.07592482503442355,"weeklyFactor":0.000002079345085674278},"6rvpVhL9fxm2WLMefNRaLwv6aNdivZadMi56teWfSkuU":{"apy":1.2251223264708065e+31,"weeklyFactor":0.20141663881663482},"5yKHz86cvHocaQnxv4mPJjftA4w7BbJzQQr5rG9miyZ3":{"apy":0.07592482503442355,"weeklyFactor":0.000002079345085674278},"BGz6pBLvc4nuGNsbXYoAE7z466kSjZaoXKJMnEkZWkyD":{"apy":0.07592482503442355,"weeklyFactor":0.000002079345085674278}}