{"FeKSMTD9Z22kdnMLeNWAfaTXydbhVixUPcfZDW3QS1X4":{"apy":4.993180588844193,"weeklyFactor":0.00013350265119917325},"HYCzZYupXUyamfTQWNkULW1EFcNPCTA5urnEXCFXkLRh":{"apy":4.993180588844193,"weeklyFactor":0.00013350265119917325},"HbMbeaDH8xtB1a8WpwjNqcXBBGraKJjJ2xFkXEdAy1rY":{"apy":4.993180588844193,"weeklyFactor":0.00013350265119917325},"C7BLPzc1vzLL3Tm5udXELnHDRXeXkdd5f1oMKP8rwUNv":{"apy":4.993180588844193,"weeklyFactor":0.00013350265119917325},"4FkGNJMvKFk9PFwn8TBtk1ShUKege6D5Au87ezwLWiqk":{"apy":4.993180588844193,"weeklyFactor":0.00013350265119917325},"7drJL7kEdJfgNzeaEYKDqTkfmiG2ain3nEPtGHDZc6i2":{"apy":4.993180588844193,"weeklyFactor":0.00013350265119917325},"AvNeVrKZy1FaEG9suboRXNPgmnMwomiU5EvkF6jGxGrX":{"apy":61.349867345856964,"weeklyFactor":0.001311557725074679},"2SgUGxYDczrB6wUzXHPJH65pNhWkEzNMEx3km4xTYUTC":{"apy":4.993180588844193,"weeklyFactor":0.00013350265119917325},"AXSXYioiHGFvQ1XF4zCvXjnVAcMY68WQ4RH5r5nAdah5":{"apy":4.993180588844193,"weeklyFactor":0.00013350265119917325},"5dX3tkVDmbHBWMCQMerAHTmd9wsRvmtKLoQt6qv9fHy7":{"apy":37.0314581554251,"weeklyFactor":0.000863496804515251},"FejEVPJBH5TEbgcpupNuRyiMRoeaCQwPvtVU6w3i2xRc":{"apy":8.04989393817339,"weeklyFactor":0.00021214007486578885},"GmBMZ8BNeNR6mRFqu2ZaFvpxvGPXmc9Aa4a1GWFaxWMv":{"apy":4.993180588844193,"weeklyFactor":0.00013350265119917325},"9bXJSJ3tGjkk8QVSykcGE6KnzdKznfjWP7YXicSRFTe8":{"apy":4.993180588844193,"weeklyFactor":0.00013350265119917325},"DzCbrMZXNG3XpXuufhBp233LJXvV8Xq1C3q4ksrtbCPP":{"apy":4.993180588844193,"weeklyFactor":0.00013350265119917325},"2keDsfcMY6hLvfrmzDAfnMSudMqYczPVcb8MSkK59P9r":{"apy":4.993180588844193,"weeklyFactor":0.00013350265119917325},"EWZW9aJmY2LX6ZyV5RU8waHWKF1aGaxzbuBuRQp6G4j":{"apy":4.993180588844193,"weeklyFactor":0.00013350265119917325},"9fY5jLin2yYMK9Eee5diWzJRZqLaYgEUupUNsKVYAMhi":{"apy":4.993180588844193,"weeklyFactor":0.00013350265119917325},"A5U2LbZhwc6GFZtYft6MtbGHFhYyZ1pzCRQkz7D2b2YS":{"apy":4.993180588844193,"weeklyFactor":0.00013350265119917325},"B2Mq1fpJ2bZYxxtF4yz6nNvLJLaYzM3zQsHcs2oDqk3z":{"apy":4.993180588844193,"weeklyFactor":0.00013350265119917325},"6rvpVhL9fxm2WLMefNRaLwv6aNdivZadMi56teWfSkuU":{"apy":9.386741799076989e+162,"weeklyFactor":1.7607087306194165},"5yKHz86cvHocaQnxv4mPJjftA4w7BbJzQQr5rG9miyZ3":{"apy":4.993180588844193,"weeklyFactor":0.00013350265119917325},"BGz6pBLvc4nuGNsbXYoAE7z466kSjZaoXKJMnEkZWkyD":{"apy":4.993180588844193,"weeklyFactor":0.00013350265119917325}}