{"HbMbeaDH8xtB1a8WpwjNqcXBBGraKJjJ2xFkXEdAy1rY":{"apy":18.20003413390088,"weeklyFactor":0.0004582096247806909},"C7BLPzc1vzLL3Tm5udXELnHDRXeXkdd5f1oMKP8rwUNv":{"apy":18.20003413390088,"weeklyFactor":0.0004582096247806909},"AvNeVrKZy1FaEG9suboRXNPgmnMwomiU5EvkF6jGxGrX":{"apy":157.15384757425736,"weeklyFactor":0.002591034088360952},"7drJL7kEdJfgNzeaEYKDqTkfmiG2ain3nEPtGHDZc6i2":{"apy":18.20003413390088,"weeklyFactor":0.0004582096247806909},"4FkGNJMvKFk9PFwn8TBtk1ShUKege6D5Au87ezwLWiqk":{"apy":18.20003413390088,"weeklyFactor":0.0004582096247806909},"FeKSMTD9Z22kdnMLeNWAfaTXydbhVixUPcfZDW3QS1X4":{"apy":18.20003413390088,"weeklyFactor":0.0004582096247806909},"HYCzZYupXUyamfTQWNkULW1EFcNPCTA5urnEXCFXkLRh":{"apy":18.20003413390088,"weeklyFactor":0.0004582096247806909},"2SgUGxYDczrB6wUzXHPJH65pNhWkEzNMEx3km4xTYUTC":{"apy":18.20003413390088,"weeklyFactor":0.0004582096247806909},"DzCbrMZXNG3XpXuufhBp233LJXvV8Xq1C3q4ksrtbCPP":{"apy":18.20003413390088,"weeklyFactor":0.0004582096247806909},"FejEVPJBH5TEbgcpupNuRyiMRoeaCQwPvtVU6w3i2xRc":{"apy":30.429604942763678,"weeklyFactor":0.00072811006547114},"AXSXYioiHGFvQ1XF4zCvXjnVAcMY68WQ4RH5r5nAdah5":{"apy":18.20003413390088,"weeklyFactor":0.0004582096247806909},"9bXJSJ3tGjkk8QVSykcGE6KnzdKznfjWP7YXicSRFTe8":{"apy":18.20003413390088,"weeklyFactor":0.0004582096247806909},"GmBMZ8BNeNR6mRFqu2ZaFvpxvGPXmc9Aa4a1GWFaxWMv":{"apy":18.20003413390088,"weeklyFactor":0.0004582096247806909},"EWZW9aJmY2LX6ZyV5RU8waHWKF1aGaxzbuBuRQp6G4j":{"apy":18.20003413390088,"weeklyFactor":0.0004582096247806909},"2keDsfcMY6hLvfrmzDAfnMSudMqYczPVcb8MSkK59P9r":{"apy":18.20003413390088,"weeklyFactor":0.0004582096247806909},"5dX3tkVDmbHBWMCQMerAHTmd9wsRvmtKLoQt6qv9fHy7":{"apy":68.13279386827237,"weeklyFactor":0.0014245312735441929},"9fY5jLin2yYMK9Eee5diWzJRZqLaYgEUupUNsKVYAMhi":{"apy":18.20003413390088,"weeklyFactor":0.0004582096247806909},"A5U2LbZhwc6GFZtYft6MtbGHFhYyZ1pzCRQkz7D2b2YS":{"apy":18.20003413390088,"weeklyFactor":0.0004582096247806909},"B2Mq1fpJ2bZYxxtF4yz6nNvLJLaYzM3zQsHcs2oDqk3z":{"apy":18.20003413390088,"weeklyFactor":0.0004582096247806909},"5yKHz86cvHocaQnxv4mPJjftA4w7BbJzQQr5rG9miyZ3":{"apy":18.20003413390088,"weeklyFactor":0.0004582096247806909},"6rvpVhL9fxm2WLMefNRaLwv6aNdivZadMi56teWfSkuU":{"apy":1.5365830028309552e+154,"weeklyFactor":1.6118574394332226},"BGz6pBLvc4nuGNsbXYoAE7z466kSjZaoXKJMnEkZWkyD":{"apy":18.20003413390088,"weeklyFactor":0.0004582096247806909}}