{"A7AwVVu1y1bzz86LQrLbVtgC43k7LES6Lesc8ao7MGFP":{"apy":245.07512867400965,"weeklyFactor":0.0033991667708911373},"AG4harXetHAJLmKfQRTvW8uBBhjGDqbSvMQGTAhik4eE":{"apy":245.07512867400965,"weeklyFactor":0.0033991667708911373},"BZSp8EvV8XTfNrsyBXrF2xGB3L7SbHSwhmJ7RD74zmAH":{"apy":245.07512867400965,"weeklyFactor":0.0033991667708911373},"GGAtxXgYGP5YzxbhhnuYCwZJV24idnSp31XK81Lqu6vi":{"apy":245.07512867400965,"weeklyFactor":0.0033991667708911373},"9z35ptatPpnzzfzCXB5k7aJ6jxg4Qyno5xXVMLC7oHAW":{"apy":245.07512867400965,"weeklyFactor":0.0033991667708911373},"8cQaC9iDd9pGQYcZfK61zgMitBvsW7218WzG55JhonsZ":{"apy":245.07512867400965,"weeklyFactor":0.0033991667708911373},"7w3qaYPMAnbHnyWKqDzHVZcTLfJaDXhB2JdDUkZXuMho":{"apy":245.07512867400965,"weeklyFactor":0.0033991667708911373},"xQob6CJEuPD23kbMENHWGWT7ho4Anwx4dpH7pBbX6MY":{"apy":245.07512867400965,"weeklyFactor":0.0033991667708911373},"45t3M59UDEkeADxyGq1tJxwoUPQ5kUxeuLsusYBFkBah":{"apy":245.07512867400965,"weeklyFactor":0.0033991667708911373},"EGLDBGNDaC1pr3iznmGDUSVLmFE8DGR1LruUHTwCFhhy":{"apy":245.07512867400965,"weeklyFactor":0.0033991667708911373},"HUmPDU5amyLXjpZJGwMf6YAa6W9LW2srJjcrSM3FXgUA":{"apy":245.07512867400965,"weeklyFactor":0.0033991667708911373},"NvbSrT458e6LCeLq257rH73dZ7btcq1TPkQVsyL8ouT":{"apy":245.07512867400965,"weeklyFactor":0.0033991667708911373},"5yjxDcJzH1yaKYA6AH7GEgxtC6rdqy2kSCifjMLcmh8b":{"apy":245.07512867400965,"weeklyFactor":0.0033991667708911373},"AgUfgteJ5mGWeuKZeUTedwvvu8jLaWGiRE2matEMoHEG":{"apy":245.07512867400965,"weeklyFactor":0.0033991667708911373},"6W6iaKmdBNqyFrXmJqB5yrebr3KowYDs4F9Nide4ARYL":{"apy":245.07512867400965,"weeklyFactor":0.0033991667708911373},"6m8H4nKpm5fEQqKBaniRUYQfeaH7pjMkPPFiMnGXZEd8":{"apy":245.07512867400965,"weeklyFactor":0.0033991667708911373},"CrMFwYDc3j4d9f9dogyDTx97raJJpAupntzVXm2bL8hH":{"apy":245.07512867400965,"weeklyFactor":0.0033991667708911373},"7Pzoefg48HurAC8ewRfgJgJmvGSasMYi5zHgQ67cxGTS":{"apy":245.07512867400965,"weeklyFactor":0.0033991667708911373},"6fJ7t3uvmosPqXY51Qcwdc126miSnTF2bt7xgG5fyPgX":{"apy":245.07512867400965,"weeklyFactor":0.0033991667708911373},"GBEo8NoJAg5woWXXWXKT5xaWVUmxsqYgLkvyLkFDEgzY":{"apy":245.07512867400965,"weeklyFactor":0.0033991667708911373},"CqVgxaQprGDZkBnAFNxKnwgaB5929CT1nSFxYjgUJz4H":{"apy":245.07512867400965,"weeklyFactor":0.0033991667708911373},"Di5eqFCEonm8ABWfZph4fermaFbtrU5Jj2mrYdkKM1pT":{"apy":245.07512867400965,"weeklyFactor":0.0033991667708911373},"79RBFWfLKbJMNHzF6sqsAb7z9iXY1kyNFpuW6HJQQW4f":{"apy":245.07512867400965,"weeklyFactor":0.0033991667708911373},"4NkYxZtSpUzQc2oxktQoRYUSYC4awrtspuAGLq7Sx8A1":{"apy":245.07512867400965,"weeklyFactor":0.0033991667708911373},"EKYai7Zh1qPtRtkkYJcCvdEPo2fXj3bfuTGoNUSJ4Z1m":{"apy":245.07512867400965,"weeklyFactor":0.0033991667708911373},"7cRPNt4EMSwvmwSrm379JhyG7s49CuCbCfnARzGykkzx":{"apy":245.07512867400965,"weeklyFactor":0.0033991667708911373},"FmV9BnyyAGqVWudkV2S4hq7TGkUfoa8ku6UhKK1UN9zn":{"apy":453.1307965593693,"weeklyFactor":0.00469709090757371},"BvPLZDd4cHfNeUy3F9tv8PQkJSWtwe5EyFpyTm81tQ9g":{"apy":245.07512867400965,"weeklyFactor":0.0033991667708911373},"27j5twe2g8Vqr6bGyEjX4dSPKA3s1hu4N1nm9u3gRsmc":{"apy":245.07512867400965,"weeklyFactor":0.0033991667708911373},"84GSk7hjwaUwX5wxmvnHiTtSnffPYP7dnmoP6ZJ5TnSR":{"apy":245.07512867400965,"weeklyFactor":0.0033991667708911373},"6SXW9UNVdiUWJhw4RvfmovbkTEBeb8tvBzPHc8EeVWi":{"apy":245.07512867400965,"weeklyFactor":0.0033991667708911373},"82g9tPxdE3UgLiSoA4KkV6S7hXKdN4RDjcbBiqTwWSWw":{"apy":245.07512867400965,"weeklyFactor":0.0033991667708911373},"A4maCv1LM7rjpUzzM7JP4wg61VchwCovKiRqo3fbXSgF":{"apy":245.07512867400965,"weeklyFactor":0.0033991667708911373},"6Cr9rtgY4c7H6DZzaCTgVpeFK8TpdcuhZXeZ2wqPhCD3":{"apy":245.07512867400965,"weeklyFactor":0.0033991667708911373},"7WxatmehVQjfXYMXoyFXnrRMCpDnMKcShFhNDXUioDpb":{"apy":245.07512867400965,"weeklyFactor":0.0033991667708911373},"GYXWHy8iakBiffXh6NinMnxkuJkmNrMPry6zCPQdeaJ2":{"apy":245.07512867400965,"weeklyFactor":0.0033991667708911373},"569xM2bZSTijhdB8u15G6e442PVq3PhcJUPFUZM9njvi":{"apy":245.07512867400965,"weeklyFactor":0.0033991667708911373},"9gGUAz4psCE2t3NFr8p64hgvXAcQGADtLmrNDTKMJPpC":{"apy":245.07512867400965,"weeklyFactor":0.0033991667708911373},"BbuK8MkcZSJxx7VtRXB8Up8CqeURv3FRHzdzavPyKr1H":{"apy":245.07512867400965,"weeklyFactor":0.0033991667708911373},"D8W6t585rTrYfhtQQTxozyG6w2oCLpBwLCy7rMsS1rNF":{"apy":245.07512867400965,"weeklyFactor":0.0033991667708911373},"FKh586sYqro7RsTYsr7Wwc6b95bdkWCLEDKRc8fmBruh":{"apy":245.07512867400965,"weeklyFactor":0.0033991667708911373},"6zPRRm2tjgUYPrnSboaxr2RvovB9y5vT9f4kYyzdbbri":{"apy":245.07512867400965,"weeklyFactor":0.0033991667708911373},"GAd62dWPW36cxUPndsPwB52x1xjeRcJMuZ2SNdZTMzDR":{"apy":245.07512867400965,"weeklyFactor":0.0033991667708911373},"8qhdhHUPxCqXDqhYiXDjjDnLAHctt7pEettHU6bTSXFB":{"apy":245.07512867400965,"weeklyFactor":0.0033991667708911373},"71QzPrqM26vMDJdtanPqyNyQ7MzqVw3FqzUWTpdNxta2":{"apy":245.07512867400965,"weeklyFactor":0.0033991667708911373},"6nqWUFzjoJzuZ9FWF6iBjFwUpGX6mZrF25WaWsbwqekM":{"apy":245.07512867400965,"weeklyFactor":0.0033991667708911373},"51DNyWAJ7pa67DzkbHfipbZYW5hUSSRYsec5iHndtZ2W":{"apy":245.07512867400965,"weeklyFactor":0.0033991667708911373},"2ShQGNv3YNqABBSEVGwSk9s1UCaDMGGehdbnjiJ1HmYn":{"apy":1.011963373100354e+50,"weeklyFactor":0.35369554431242684},"HZwUnXYy27TUWQucuuSM8dYJxxCgUMgfDf83vZNz7CKe":{"apy":245.07512867400965,"weeklyFactor":0.0033991667708911373},"bfSBHwyL6PNjpeQEyrjsnbo7TzGRttbymvN74Y9czN3":{"apy":245.07512867400965,"weeklyFactor":0.0033991667708911373},"Hb2freG61xfMgmH6CUJDiyjG5zbbfcp9a6TQ2SJvs2Ur":{"apy":245.07512867400965,"weeklyFactor":0.0033991667708911373},"CssW9uGzH22u9CUkft1xgqHgKCGCTrCL6Ma93wLY94dq":{"apy":245.07512867400965,"weeklyFactor":0.0033991667708911373},"HbJhdrHeagEKTKLiajwXSvgETRs652U3vcMHpQS5y8qr":{"apy":245.07512867400965,"weeklyFactor":0.0033991667708911373},"8krGUkrubzsymUFmy5ncJHiE5RwyDEWazvwfahii7UW1":{"apy":245.07512867400965,"weeklyFactor":0.0033991667708911373},"DkFWVeEchx65Q9vymQjDjdfY472vV4JvkXompH5s4u6u":{"apy":245.07512867400965,"weeklyFactor":0.0033991667708911373},"91efQM48sjFp5YPLRPVVFwxoER2YiYzy9BfhPeAk8oNS":{"apy":245.07512867400965,"weeklyFactor":0.0033991667708911373},"74nxLDML7sZeFjeqLteu89kGxC18ZRdsSHsMP9q5BALP":{"apy":245.07512867400965,"weeklyFactor":0.0033991667708911373},"3a3EdoS5MvDcw9K8GdAb2FD7A9cUK6TuAqboJX23DQNM":{"apy":245.07512867400965,"weeklyFactor":0.0033991667708911373},"Hb3evEtCB4ykLYYKFGkGgVuaCyrWFbXwe3jtkMSkq6Ve":{"apy":245.07512867400965,"weeklyFactor":0.0033991667708911373},"CHQ8Ti9L3z9aLfML1ULf78ZaGFwaTMA6GFcteBvMgmAG":{"apy":245.07512867400965,"weeklyFactor":0.0033991667708911373},"93b5xNohGF24cbbGn7pw4QUKGLcrXdBVGw8gRsxTNcUx":{"apy":245.07512867400965,"weeklyFactor":0.0033991667708911373},"F8fj2myqZcw5CZy8yaNZDJXS2rzB7FL79maFBJM16WPu":{"apy":245.07512867400965,"weeklyFactor":0.0033991667708911373},"hLZNVV8EbeLCjkXCxfBePjAcuPSwCryWtiStoV7E4cU":{"apy":245.07512867400965,"weeklyFactor":0.0033991667708911373},"CC72FniNhUM41xSoA5h1idGxstrKXDqqhnYzfyBTSZDG":{"apy":1.3386201217630587e+40,"weeklyFactor":0.2719106256670567},"ApkrPbiWzEmkRj92g8tpzMNNXGkTogRNMQfESaUQAykv":{"apy":245.07512867400965,"weeklyFactor":0.0033991667708911373},"Fb8rVemMjXE9r7FNK7DTmUdDhQDa3jFufkqrH2bsDYWX":{"apy":245.07512867400965,"weeklyFactor":0.0033991667708911373},"7SaJ5xEHTtWrFoJcNrNkJKb4pHJSDoMtzvcyHXJuhZRf":{"apy":245.07512867400965,"weeklyFactor":0.0033991667708911373},"5Wc3GkVnPmfRMgumstAEtT1yWYR7nBeyjYEQonz91bpb":{"apy":245.07512867400965,"weeklyFactor":0.0033991667708911373},"8PhY9FH6ZQT74nnBuxxoVs4nYk9NUWwguFfWrZHGiAwK":{"apy":245.07512867400965,"weeklyFactor":0.0033991667708911373},"As83NX9BsHUx5RBuRWGWzByzXsSEoThVzcTpHrNkvUFt":{"apy":245.07512867400965,"weeklyFactor":0.0033991667708911373},"YkDo4ooVf3Sw79y84w3HCy7aGFd6UMfkGdgDMiHdprx":{"apy":245.07512867400965,"weeklyFactor":0.0033991667708911373},"Ee7EsMJ6bYN99FKVTc9SEpX9HucyHg4AGuQpRuP9Ac4c":{"apy":245.07512867400965,"weeklyFactor":0.0033991667708911373},