{"A7AwVVu1y1bzz86LQrLbVtgC43k7LES6Lesc8ao7MGFP":{"apy":0.04097519167689523,"weeklyFactor":0.000001122378688477245},"AG4harXetHAJLmKfQRTvW8uBBhjGDqbSvMQGTAhik4eE":{"apy":0.04097519167689523,"weeklyFactor":0.000001122378688477245},"BZSp8EvV8XTfNrsyBXrF2xGB3L7SbHSwhmJ7RD74zmAH":{"apy":0.04097519167689523,"weeklyFactor":0.000001122378688477245},"GGAtxXgYGP5YzxbhhnuYCwZJV24idnSp31XK81Lqu6vi":{"apy":4.003931613830147,"weeklyFactor":0.00010756336375090459},"9z35ptatPpnzzfzCXB5k7aJ6jxg4Qyno5xXVMLC7oHAW":{"apy":0.04097519167689523,"weeklyFactor":0.000001122378688477245},"8cQaC9iDd9pGQYcZfK61zgMitBvsW7218WzG55JhonsZ":{"apy":0.04097519167689523,"weeklyFactor":0.000001122378688477245},"7w3qaYPMAnbHnyWKqDzHVZcTLfJaDXhB2JdDUkZXuMho":{"apy":0.04097519167689523,"weeklyFactor":0.000001122378688477245},"xQob6CJEuPD23kbMENHWGWT7ho4Anwx4dpH7pBbX6MY":{"apy":0.04097519167689523,"weeklyFactor":0.000001122378688477245},"45t3M59UDEkeADxyGq1tJxwoUPQ5kUxeuLsusYBFkBah":{"apy":0.04097519167689523,"weeklyFactor":0.000001122378688477245},"EGLDBGNDaC1pr3iznmGDUSVLmFE8DGR1LruUHTwCFhhy":{"apy":0.04097519167689523,"weeklyFactor":0.000001122378688477245},"HUmPDU5amyLXjpZJGwMf6YAa6W9LW2srJjcrSM3FXgUA":{"apy":0.04097519167689523,"weeklyFactor":0.000001122378688477245},"NvbSrT458e6LCeLq257rH73dZ7btcq1TPkQVsyL8ouT":{"apy":0.04097519167689523,"weeklyFactor":0.000001122378688477245},"5yjxDcJzH1yaKYA6AH7GEgxtC6rdqy2kSCifjMLcmh8b":{"apy":0.04097519167689523,"weeklyFactor":0.000001122378688477245},"AgUfgteJ5mGWeuKZeUTedwvvu8jLaWGiRE2matEMoHEG":{"apy":0.04097519167689523,"weeklyFactor":0.000001122378688477245},"6W6iaKmdBNqyFrXmJqB5yrebr3KowYDs4F9Nide4ARYL":{"apy":0.04097519167689523,"weeklyFactor":0.000001122378688477245},"6m8H4nKpm5fEQqKBaniRUYQfeaH7pjMkPPFiMnGXZEd8":{"apy":0.04097519167689523,"weeklyFactor":0.000001122378688477245},"CrMFwYDc3j4d9f9dogyDTx97raJJpAupntzVXm2bL8hH":{"apy":0.04097519167689523,"weeklyFactor":0.000001122378688477245},"7Pzoefg48HurAC8ewRfgJgJmvGSasMYi5zHgQ67cxGTS":{"apy":0.04097519167689523,"weeklyFactor":0.000001122378688477245},"6fJ7t3uvmosPqXY51Qcwdc126miSnTF2bt7xgG5fyPgX":{"apy":0.04097519167689523,"weeklyFactor":0.000001122378688477245},"GBEo8NoJAg5woWXXWXKT5xaWVUmxsqYgLkvyLkFDEgzY":{"apy":0.04097519167689523,"weeklyFactor":0.000001122378688477245},"CqVgxaQprGDZkBnAFNxKnwgaB5929CT1nSFxYjgUJz4H":{"apy":0.04097519167689523,"weeklyFactor":0.000001122378688477245},"Di5eqFCEonm8ABWfZph4fermaFbtrU5Jj2mrYdkKM1pT":{"apy":0.04097519167689523,"weeklyFactor":0.000001122378688477245},"79RBFWfLKbJMNHzF6sqsAb7z9iXY1kyNFpuW6HJQQW4f":{"apy":0.04097519167689523,"weeklyFactor":0.000001122378688477245},"4NkYxZtSpUzQc2oxktQoRYUSYC4awrtspuAGLq7Sx8A1":{"apy":0.04097519167689523,"weeklyFactor":0.000001122378688477245},"EKYai7Zh1qPtRtkkYJcCvdEPo2fXj3bfuTGoNUSJ4Z1m":{"apy":0.04097519167689523,"weeklyFactor":0.000001122378688477245},"7cRPNt4EMSwvmwSrm379JhyG7s49CuCbCfnARzGykkzx":{"apy":0.04097519167689523,"weeklyFactor":0.000001122378688477245},"FmV9BnyyAGqVWudkV2S4hq7TGkUfoa8ku6UhKK1UN9zn":{"apy":0.22871567513413904,"weeklyFactor":0.0000062590475044230795},"BvPLZDd4cHfNeUy3F9tv8PQkJSWtwe5EyFpyTm81tQ9g":{"apy":0.04097519167689523,"weeklyFactor":0.000001122378688477245},"27j5twe2g8Vqr6bGyEjX4dSPKA3s1hu4N1nm9u3gRsmc":{"apy":0.04097519167689523,"weeklyFactor":0.000001122378688477245},"84GSk7hjwaUwX5wxmvnHiTtSnffPYP7dnmoP6ZJ5TnSR":{"apy":0.04097519167689523,"weeklyFactor":0.000001122378688477245},"6SXW9UNVdiUWJhw4RvfmovbkTEBeb8tvBzPHc8EeVWi":{"apy":0.04097519167689523,"weeklyFactor":0.000001122378688477245},"82g9tPxdE3UgLiSoA4KkV6S7hXKdN4RDjcbBiqTwWSWw":{"apy":0.04097519167689523,"weeklyFactor":0.000001122378688477245},"A4maCv1LM7rjpUzzM7JP4wg61VchwCovKiRqo3fbXSgF":{"apy":0.04097519167689523,"weeklyFactor":0.000001122378688477245},"6Cr9rtgY4c7H6DZzaCTgVpeFK8TpdcuhZXeZ2wqPhCD3":{"apy":0.04097519167689523,"weeklyFactor":0.000001122378688477245},"7WxatmehVQjfXYMXoyFXnrRMCpDnMKcShFhNDXUioDpb":{"apy":0.04097519167689523,"weeklyFactor":0.000001122378688477245},"GYXWHy8iakBiffXh6NinMnxkuJkmNrMPry6zCPQdeaJ2":{"apy":0.04097519167689523,"weeklyFactor":0.000001122378688477245},"569xM2bZSTijhdB8u15G6e442PVq3PhcJUPFUZM9njvi":{"apy":0.04097519167689523,"weeklyFactor":0.000001122378688477245},"9gGUAz4psCE2t3NFr8p64hgvXAcQGADtLmrNDTKMJPpC":{"apy":0.04097519167689523,"weeklyFactor":0.000001122378688477245},"BbuK8MkcZSJxx7VtRXB8Up8CqeURv3FRHzdzavPyKr1H":{"apy":0.04097519167689523,"weeklyFactor":0.000001122378688477245},"D8W6t585rTrYfhtQQTxozyG6w2oCLpBwLCy7rMsS1rNF":{"apy":0.04097519167689523,"weeklyFactor":0.000001122378688477245},"FKh586sYqro7RsTYsr7Wwc6b95bdkWCLEDKRc8fmBruh":{"apy":0.04097519167689523,"weeklyFactor":0.000001122378688477245},"6zPRRm2tjgUYPrnSboaxr2RvovB9y5vT9f4kYyzdbbri":{"apy":0.04097519167689523,"weeklyFactor":0.000001122378688477245},"GAd62dWPW36cxUPndsPwB52x1xjeRcJMuZ2SNdZTMzDR":{"apy":0.04097519167689523,"weeklyFactor":0.000001122378688477245},"8qhdhHUPxCqXDqhYiXDjjDnLAHctt7pEettHU6bTSXFB":{"apy":0.04097519167689523,"weeklyFactor":0.000001122378688477245},"71QzPrqM26vMDJdtanPqyNyQ7MzqVw3FqzUWTpdNxta2":{"apy":0.04097519167689523,"weeklyFactor":0.000001122378688477245},"6nqWUFzjoJzuZ9FWF6iBjFwUpGX6mZrF25WaWsbwqekM":{"apy":0.04097519167689523,"weeklyFactor":0.000001122378688477245},"51DNyWAJ7pa67DzkbHfipbZYW5hUSSRYsec5iHndtZ2W":{"apy":0.04097519167689523,"weeklyFactor":0.000001122378688477245},"2ShQGNv3YNqABBSEVGwSk9s1UCaDMGGehdbnjiJ1HmYn":{"apy":3.7032024902926583e+52,"weeklyFactor":0.37576433856840236},"HZwUnXYy27TUWQucuuSM8dYJxxCgUMgfDf83vZNz7CKe":{"apy":0.04097519167689523,"weeklyFactor":0.000001122378688477245},"bfSBHwyL6PNjpeQEyrjsnbo7TzGRttbymvN74Y9czN3":{"apy":0.04097519167689523,"weeklyFactor":0.000001122378688477245},"Hb2freG61xfMgmH6CUJDiyjG5zbbfcp9a6TQ2SJvs2Ur":{"apy":0.04097519167689523,"weeklyFactor":0.000001122378688477245},"CssW9uGzH22u9CUkft1xgqHgKCGCTrCL6Ma93wLY94dq":{"apy":0.04097519167689523,"weeklyFactor":0.000001122378688477245},"HbJhdrHeagEKTKLiajwXSvgETRs652U3vcMHpQS5y8qr":{"apy":0.04097519167689523,"weeklyFactor":0.000001122378688477245},"8krGUkrubzsymUFmy5ncJHiE5RwyDEWazvwfahii7UW1":{"apy":0.04097519167689523,"weeklyFactor":0.000001122378688477245},"DkFWVeEchx65Q9vymQjDjdfY472vV4JvkXompH5s4u6u":{"apy":0.04097519167689523,"weeklyFactor":0.000001122378688477245},"91efQM48sjFp5YPLRPVVFwxoER2YiYzy9BfhPeAk8oNS":{"apy":0.04097519167689523,"weeklyFactor":0.000001122378688477245},"74nxLDML7sZeFjeqLteu89kGxC18ZRdsSHsMP9q5BALP":{"apy":26.41416592971226,"weeklyFactor":0.0006423798312334869},"3a3EdoS5MvDcw9K8GdAb2FD7A9cUK6TuAqboJX23DQNM":{"apy":0.04097519167689523,"weeklyFactor":0.000001122378688477245},"Hb3evEtCB4ykLYYKFGkGgVuaCyrWFbXwe3jtkMSkq6Ve":{"apy":0.04097519167689523,"weeklyFactor":0.000001122378688477245},"CHQ8Ti9L3z9aLfML1ULf78ZaGFwaTMA6GFcteBvMgmAG":{"apy":0.04097519167689523,"weeklyFactor":0.000001122378688477245},"93b5xNohGF24cbbGn7pw4QUKGLcrXdBVGw8gRsxTNcUx":{"apy":0.04097519167689523,"weeklyFactor":0.000001122378688477245},"F8fj2myqZcw5CZy8yaNZDJXS2rzB7FL79maFBJM16WPu":{"apy":0.04097519167689523,"weeklyFactor":0.000001122378688477245},"hLZNVV8EbeLCjkXCxfBePjAcuPSwCryWtiStoV7E4cU":{"apy":0.04097519167689523,"weeklyFactor":0.000001122378688477245},"CC72FniNhUM41xSoA5h1idGxstrKXDqqhnYzfyBTSZDG":{"apy":17.964566397491154,"weeklyFactor":0.0004527438510424346},"ApkrPbiWzEmkRj92g8tpzMNNXGkTogRNMQfESaUQAykv":{"apy":0.04097519167689523,"weeklyFactor":0.000001122378688477245},"Fb8rVemMjXE9r7FNK7DTmUdDhQDa3jFufkqrH2bsDYWX":{"apy":0.04097519167689523,"weeklyFactor":0.000001122378688477245},"7SaJ5xEHTtWrFoJcNrNkJKb4pHJSDoMtzvcyHXJuhZRf":{"apy":0.04097519167689523,"weeklyFactor":0.000001122378688477245},"5Wc3GkVnPmfRMgumstAEtT1yWYR7nBeyjYEQonz91bpb":{"apy":0.04097519167689523,"weeklyFactor":0.000001122378688477245},"8PhY9FH6ZQT74nnBuxxoVs4nYk9NUWwguFfWrZHGiAwK":{"apy":0.04097519167689523,"weeklyFactor":0.000001122378688477245},"As83NX9BsHUx5RBuRWGWzByzXsSEoThVzcTpHrNkvUFt":{"apy":0.04097519167689523,"weeklyFactor":0.000001122378688477245},