{"4FkGNJMvKFk9PFwn8TBtk1ShUKege6D5Au87ezwLWiqk":{"apy":1.9511621750317953,"weeklyFactor":0.00005294307384124494},"7drJL7kEdJfgNzeaEYKDqTkfmiG2ain3nEPtGHDZc6i2":{"apy":1.9511621750317953,"weeklyFactor":0.00005294307384124494},"HYCzZYupXUyamfTQWNkULW1EFcNPCTA5urnEXCFXkLRh":{"apy":1.9511621750317953,"weeklyFactor":0.00005294307384124494},"2SgUGxYDczrB6wUzXHPJH65pNhWkEzNMEx3km4xTYUTC":{"apy":1.9511621750317953,"weeklyFactor":0.00005294307384124494},"AvNeVrKZy1FaEG9suboRXNPgmnMwomiU5EvkF6jGxGrX":{"apy":5353.9034021462285,"weeklyFactor":0.01101617211828058},"HbMbeaDH8xtB1a8WpwjNqcXBBGraKJjJ2xFkXEdAy1rY":{"apy":1.9511621750317953,"weeklyFactor":0.00005294307384124494},"C7BLPzc1vzLL3Tm5udXELnHDRXeXkdd5f1oMKP8rwUNv":{"apy":1.9511621750317953,"weeklyFactor":0.00005294307384124494},"FeKSMTD9Z22kdnMLeNWAfaTXydbhVixUPcfZDW3QS1X4":{"apy":1.9511621750317953,"weeklyFactor":0.00005294307384124494},"DzCbrMZXNG3XpXuufhBp233LJXvV8Xq1C3q4ksrtbCPP":{"apy":1.9511621750317953,"weeklyFactor":0.00005294307384124494},"GmBMZ8BNeNR6mRFqu2ZaFvpxvGPXmc9Aa4a1GWFaxWMv":{"apy":1.9511621750317953,"weeklyFactor":0.00005294307384124494},"5dX3tkVDmbHBWMCQMerAHTmd9wsRvmtKLoQt6qv9fHy7":{"apy":17.420296781385236,"weeklyFactor":0.00044006828703273157},"9bXJSJ3tGjkk8QVSykcGE6KnzdKznfjWP7YXicSRFTe8":{"apy":1.9511621750317953,"weeklyFactor":0.00005294307384124494},"2keDsfcMY6hLvfrmzDAfnMSudMqYczPVcb8MSkK59P9r":{"apy":1.9511621750317953,"weeklyFactor":0.00005294307384124494},"AXSXYioiHGFvQ1XF4zCvXjnVAcMY68WQ4RH5r5nAdah5":{"apy":1.9511621750317953,"weeklyFactor":0.00005294307384124494},"EWZW9aJmY2LX6ZyV5RU8waHWKF1aGaxzbuBuRQp6G4j":{"apy":1.9511621750317953,"weeklyFactor":0.00005294307384124494},"FejEVPJBH5TEbgcpupNuRyiMRoeaCQwPvtVU6w3i2xRc":{"apy":55.014681163726166,"weeklyFactor":0.0012016793665056101},"A5U2LbZhwc6GFZtYft6MtbGHFhYyZ1pzCRQkz7D2b2YS":{"apy":1.9511621750317953,"weeklyFactor":0.00005294307384124494},"9fY5jLin2yYMK9Eee5diWzJRZqLaYgEUupUNsKVYAMhi":{"apy":1.9511621750317953,"weeklyFactor":0.00005294307384124494},"B2Mq1fpJ2bZYxxtF4yz6nNvLJLaYzM3zQsHcs2oDqk3z":{"apy":1.9511621750317953,"weeklyFactor":0.00005294307384124494},"6rvpVhL9fxm2WLMefNRaLwv6aNdivZadMi56teWfSkuU":{"apy":5.445776188617489e+115,"weeklyFactor":1.04930048697878},"5yKHz86cvHocaQnxv4mPJjftA4w7BbJzQQr5rG9miyZ3":{"apy":1.9511621750317953,"weeklyFactor":0.00005294307384124494},"BGz6pBLvc4nuGNsbXYoAE7z466kSjZaoXKJMnEkZWkyD":{"apy":1.9511621750317953,"weeklyFactor":0.00005294307384124494}}