{"6W6iaKmdBNqyFrXmJqB5yrebr3KowYDs4F9Nide4ARYL":{"apy":0.2608302593628098,"weeklyFactor":0.000007136756633206738},"569xM2bZSTijhdB8u15G6e442PVq3PhcJUPFUZM9njvi":{"apy":0.2608302593628098,"weeklyFactor":0.000007136756633206738},"Di5eqFCEonm8ABWfZph4fermaFbtrU5Jj2mrYdkKM1pT":{"apy":0.2608302593628098,"weeklyFactor":0.000007136756633206738},"xQob6CJEuPD23kbMENHWGWT7ho4Anwx4dpH7pBbX6MY":{"apy":0.2608302593628098,"weeklyFactor":0.000007136756633206738},"7Pzoefg48HurAC8ewRfgJgJmvGSasMYi5zHgQ67cxGTS":{"apy":0.2608302593628098,"weeklyFactor":0.000007136756633206738},"HUmPDU5amyLXjpZJGwMf6YAa6W9LW2srJjcrSM3FXgUA":{"apy":0.2608302593628098,"weeklyFactor":0.000007136756633206738},"CqVgxaQprGDZkBnAFNxKnwgaB5929CT1nSFxYjgUJz4H":{"apy":0.2608302593628098,"weeklyFactor":0.000007136756633206738},"BZSp8EvV8XTfNrsyBXrF2xGB3L7SbHSwhmJ7RD74zmAH":{"apy":0.2608302593628098,"weeklyFactor":0.000007136756633206738},"FKh586sYqro7RsTYsr7Wwc6b95bdkWCLEDKRc8fmBruh":{"apy":0.2608302593628098,"weeklyFactor":0.000007136756633206738},"GAd62dWPW36cxUPndsPwB52x1xjeRcJMuZ2SNdZTMzDR":{"apy":0.2608302593628098,"weeklyFactor":0.000007136756633206738},"GGAtxXgYGP5YzxbhhnuYCwZJV24idnSp31XK81Lqu6vi":{"apy":28.34570755456529,"weeklyFactor":0.0006839523572750564},"2ShQGNv3YNqABBSEVGwSk9s1UCaDMGGehdbnjiJ1HmYn":{"apy":3.103052958770289e+195,"weeklyFactor":2.3893349573831975},"AgUfgteJ5mGWeuKZeUTedwvvu8jLaWGiRE2matEMoHEG":{"apy":0.2608302593628098,"weeklyFactor":0.000007136756633206738},"51DNyWAJ7pa67DzkbHfipbZYW5hUSSRYsec5iHndtZ2W":{"apy":0.2608302593628098,"weeklyFactor":0.000007136756633206738},"71QzPrqM26vMDJdtanPqyNyQ7MzqVw3FqzUWTpdNxta2":{"apy":0.2608302593628098,"weeklyFactor":0.000007136756633206738},"EKYai7Zh1qPtRtkkYJcCvdEPo2fXj3bfuTGoNUSJ4Z1m":{"apy":0.2608302593628098,"weeklyFactor":0.000007136756633206738},"EGLDBGNDaC1pr3iznmGDUSVLmFE8DGR1LruUHTwCFhhy":{"apy":0.2608302593628098,"weeklyFactor":0.000007136756633206738},"GBEo8NoJAg5woWXXWXKT5xaWVUmxsqYgLkvyLkFDEgzY":{"apy":0.2608302593628098,"weeklyFactor":0.000007136756633206738},"6fJ7t3uvmosPqXY51Qcwdc126miSnTF2bt7xgG5fyPgX":{"apy":0.2608302593628098,"weeklyFactor":0.000007136756633206738},"6zPRRm2tjgUYPrnSboaxr2RvovB9y5vT9f4kYyzdbbri":{"apy":0.2608302593628098,"weeklyFactor":0.000007136756633206738},"7cRPNt4EMSwvmwSrm379JhyG7s49CuCbCfnARzGykkzx":{"apy":0.2608302593628098,"weeklyFactor":0.000007136756633206738},"8qhdhHUPxCqXDqhYiXDjjDnLAHctt7pEettHU6bTSXFB":{"apy":0.2608302593628098,"weeklyFactor":0.000007136756633206738},"FmV9BnyyAGqVWudkV2S4hq7TGkUfoa8ku6UhKK1UN9zn":{"apy":1.4632283343479324,"weeklyFactor":0.000039798776699289697},"5yjxDcJzH1yaKYA6AH7GEgxtC6rdqy2kSCifjMLcmh8b":{"apy":0.2608302593628098,"weeklyFactor":0.000007136756633206738},"7WxatmehVQjfXYMXoyFXnrRMCpDnMKcShFhNDXUioDpb":{"apy":0.2608302593628098,"weeklyFactor":0.000007136756633206738},"A4maCv1LM7rjpUzzM7JP4wg61VchwCovKiRqo3fbXSgF":{"apy":0.2608302593628098,"weeklyFactor":0.000007136756633206738},"6m8H4nKpm5fEQqKBaniRUYQfeaH7pjMkPPFiMnGXZEd8":{"apy":0.2608302593628098,"weeklyFactor":0.000007136756633206738},"6SXW9UNVdiUWJhw4RvfmovbkTEBeb8tvBzPHc8EeVWi":{"apy":0.2608302593628098,"weeklyFactor":0.000007136756633206738},"GYXWHy8iakBiffXh6NinMnxkuJkmNrMPry6zCPQdeaJ2":{"apy":0.2608302593628098,"weeklyFactor":0.000007136756633206738},"BbuK8MkcZSJxx7VtRXB8Up8CqeURv3FRHzdzavPyKr1H":{"apy":0.2608302593628098,"weeklyFactor":0.000007136756633206738},"BvPLZDd4cHfNeUy3F9tv8PQkJSWtwe5EyFpyTm81tQ9g":{"apy":0.2608302593628098,"weeklyFactor":0.000007136756633206738},"A7AwVVu1y1bzz86LQrLbVtgC43k7LES6Lesc8ao7MGFP":{"apy":0.2608302593628098,"weeklyFactor":0.000007136756633206738},"D8W6t585rTrYfhtQQTxozyG6w2oCLpBwLCy7rMsS1rNF":{"apy":0.2608302593628098,"weeklyFactor":0.000007136756633206738},"9z35ptatPpnzzfzCXB5k7aJ6jxg4Qyno5xXVMLC7oHAW":{"apy":0.2608302593628098,"weeklyFactor":0.000007136756633206738},"CrMFwYDc3j4d9f9dogyDTx97raJJpAupntzVXm2bL8hH":{"apy":0.2608302593628098,"weeklyFactor":0.000007136756633206738},"79RBFWfLKbJMNHzF6sqsAb7z9iXY1kyNFpuW6HJQQW4f":{"apy":0.2608302593628098,"weeklyFactor":0.000007136756633206738},"27j5twe2g8Vqr6bGyEjX4dSPKA3s1hu4N1nm9u3gRsmc":{"apy":0.2608302593628098,"weeklyFactor":0.000007136756633206738},"8cQaC9iDd9pGQYcZfK61zgMitBvsW7218WzG55JhonsZ":{"apy":0.2608302593628098,"weeklyFactor":0.000007136756633206738},"AG4harXetHAJLmKfQRTvW8uBBhjGDqbSvMQGTAhik4eE":{"apy":0.2608302593628098,"weeklyFactor":0.000007136756633206738},"9gGUAz4psCE2t3NFr8p64hgvXAcQGADtLmrNDTKMJPpC":{"apy":0.2608302593628098,"weeklyFactor":0.000007136756633206738},"84GSk7hjwaUwX5wxmvnHiTtSnffPYP7dnmoP6ZJ5TnSR":{"apy":0.2608302593628098,"weeklyFactor":0.000007136756633206738},"7w3qaYPMAnbHnyWKqDzHVZcTLfJaDXhB2JdDUkZXuMho":{"apy":0.2608302593628098,"weeklyFactor":0.000007136756633206738},"NvbSrT458e6LCeLq257rH73dZ7btcq1TPkQVsyL8ouT":{"apy":0.2608302593628098,"weeklyFactor":0.000007136756633206738},"45t3M59UDEkeADxyGq1tJxwoUPQ5kUxeuLsusYBFkBah":{"apy":0.2608302593628098,"weeklyFactor":0.000007136756633206738},"6Cr9rtgY4c7H6DZzaCTgVpeFK8TpdcuhZXeZ2wqPhCD3":{"apy":0.2608302593628098,"weeklyFactor":0.000007136756633206738},"HZwUnXYy27TUWQucuuSM8dYJxxCgUMgfDf83vZNz7CKe":{"apy":0.2608302593628098,"weeklyFactor":0.000007136756633206738},"4NkYxZtSpUzQc2oxktQoRYUSYC4awrtspuAGLq7Sx8A1":{"apy":0.2608302593628098,"weeklyFactor":0.000007136756633206738},"6nqWUFzjoJzuZ9FWF6iBjFwUpGX6mZrF25WaWsbwqekM":{"apy":0.2608302593628098,"weeklyFactor":0.000007136756633206738},"82g9tPxdE3UgLiSoA4KkV6S7hXKdN4RDjcbBiqTwWSWw":{"apy":0.2608302593628098,"weeklyFactor":0.000007136756633206738},"93b5xNohGF24cbbGn7pw4QUKGLcrXdBVGw8gRsxTNcUx":{"apy":0.2608302593628098,"weeklyFactor":0.000007136756633206738},"F8fj2myqZcw5CZy8yaNZDJXS2rzB7FL79maFBJM16WPu":{"apy":0.2608302593628098,"weeklyFactor":0.000007136756633206738},"CssW9uGzH22u9CUkft1xgqHgKCGCTrCL6Ma93wLY94dq":{"apy":0.2608302593628098,"weeklyFactor":0.000007136756633206738},"ApkrPbiWzEmkRj92g8tpzMNNXGkTogRNMQfESaUQAykv":{"apy":0.2608302593628098,"weeklyFactor":0.000007136756633206738},"DkFWVeEchx65Q9vymQjDjdfY472vV4JvkXompH5s4u6u":{"apy":0.2608302593628098,"weeklyFactor":0.000007136756633206738},"As83NX9BsHUx5RBuRWGWzByzXsSEoThVzcTpHrNkvUFt":{"apy":0.2608302593628098,"weeklyFactor":0.000007136756633206738},"Hb2freG61xfMgmH6CUJDiyjG5zbbfcp9a6TQ2SJvs2Ur":{"apy":0.2608302593628098,"weeklyFactor":0.000007136756633206738},"hLZNVV8EbeLCjkXCxfBePjAcuPSwCryWtiStoV7E4cU":{"apy":0.2608302593628098,"weeklyFactor":0.000007136756633206738},"bfSBHwyL6PNjpeQEyrjsnbo7TzGRttbymvN74Y9czN3":{"apy":0.2608302593628098,"weeklyFactor":0.000007136756633206738},"CC72FniNhUM41xSoA5h1idGxstrKXDqqhnYzfyBTSZDG":{"apy":185.55331343937328,"weeklyFactor":0.002878816851426848},"8krGUkrubzsymUFmy5ncJHiE5RwyDEWazvwfahii7UW1":{"apy":0.2608302593628098,"weeklyFactor":0.000007136756633206738},"91efQM48sjFp5YPLRPVVFwxoER2YiYzy9BfhPeAk8oNS":{"apy":0.2608302593628098,"weeklyFactor":0.000007136756633206738},"7SaJ5xEHTtWrFoJcNrNkJKb4pHJSDoMtzvcyHXJuhZRf":{"apy":0.2608302593628098,"weeklyFactor":0.000007136756633206738},"8PhY9FH6ZQT74nnBuxxoVs4nYk9NUWwguFfWrZHGiAwK":{"apy":0.2608302593628098,"weeklyFactor":0.000007136756633206738},"HbJhdrHeagEKTKLiajwXSvgETRs652U3vcMHpQS5y8qr":{"apy":0.2608302593628098,"weeklyFactor":0.000007136756633206738},"CHQ8Ti9L3z9aLfML1ULf78ZaGFwaTMA6GFcteBvMgmAG":{"apy":0.2608302593628098,"weeklyFactor":0.000007136756633206738},"3a3EdoS5MvDcw9K8GdAb2FD7A9cUK6TuAqboJX23DQNM":{"apy":0.2608302593628098,"weeklyFactor":0.000007136756633206738},"5Wc3GkVnPmfRMgumstAEtT1yWYR7nBeyjYEQonz91bpb":{"apy":0.2608302593628098,"weeklyFactor":0.000007136756633206738},"74nxLDML7sZeFjeqLteu89kGxC18ZRdsSHsMP9q5BALP":{"apy":33.83061728324839,"weeklyFactor":0.0007986879986632068},"Hb3evEtCB4ykLYYKFGkGgVuaCyrWFbXwe3jtkMSkq6Ve":{"apy":0.2608302593628098,"weeklyFactor":0.000007136756633206738},"Fb8rVemMjXE9r7FNK7DTmUdDhQDa3jFufkqrH2bsDYWX":{"apy":0.2608302593628098,"weeklyFactor":0.000007136756633206738},"CmkfvxXTLihwp7eBm9HFtfGTvBHfK8cKPW99LEq1uR7c":{"apy":0.2608302593628098,