{"7drJL7kEdJfgNzeaEYKDqTkfmiG2ain3nEPtGHDZc6i2":{"apy":189.18816568559444,"weeklyFactor":0.002913571517906689},"HYCzZYupXUyamfTQWNkULW1EFcNPCTA5urnEXCFXkLRh":{"apy":189.18816568559444,"weeklyFactor":0.002913571517906689},"HbMbeaDH8xtB1a8WpwjNqcXBBGraKJjJ2xFkXEdAy1rY":{"apy":189.18816568559444,"weeklyFactor":0.002913571517906689},"AvNeVrKZy1FaEG9suboRXNPgmnMwomiU5EvkF6jGxGrX":{"apy":2890.674806856494,"weeklyFactor":0.00935329073783207},"C7BLPzc1vzLL3Tm5udXELnHDRXeXkdd5f1oMKP8rwUNv":{"apy":189.18816568559444,"weeklyFactor":0.002913571517906689},"FeKSMTD9Z22kdnMLeNWAfaTXydbhVixUPcfZDW3QS1X4":{"apy":189.18816568559444,"weeklyFactor":0.002913571517906689},"4FkGNJMvKFk9PFwn8TBtk1ShUKege6D5Au87ezwLWiqk":{"apy":189.18816568559444,"weeklyFactor":0.002913571517906689},"2SgUGxYDczrB6wUzXHPJH65pNhWkEzNMEx3km4xTYUTC":{"apy":189.18816568559444,"weeklyFactor":0.002913571517906689},"FejEVPJBH5TEbgcpupNuRyiMRoeaCQwPvtVU6w3i2xRc":{"apy":439.76448919748054,"weeklyFactor":0.004629760340964547},"EWZW9aJmY2LX6ZyV5RU8waHWKF1aGaxzbuBuRQp6G4j":{"apy":189.18816568559444,"weeklyFactor":0.002913571517906689},"AXSXYioiHGFvQ1XF4zCvXjnVAcMY68WQ4RH5r5nAdah5":{"apy":189.18816568559444,"weeklyFactor":0.002913571517906689},"GmBMZ8BNeNR6mRFqu2ZaFvpxvGPXmc9Aa4a1GWFaxWMv":{"apy":189.18816568559444,"weeklyFactor":0.002913571517906689},"5dX3tkVDmbHBWMCQMerAHTmd9wsRvmtKLoQt6qv9fHy7":{"apy":380.6650478581826,"weeklyFactor":0.004310635340396584},"DzCbrMZXNG3XpXuufhBp233LJXvV8Xq1C3q4ksrtbCPP":{"apy":189.18816568559444,"weeklyFactor":0.002913571517906689},"9bXJSJ3tGjkk8QVSykcGE6KnzdKznfjWP7YXicSRFTe8":{"apy":189.18816568559444,"weeklyFactor":0.002913571517906689},"2keDsfcMY6hLvfrmzDAfnMSudMqYczPVcb8MSkK59P9r":{"apy":189.18816568559444,"weeklyFactor":0.002913571517906689},"9fY5jLin2yYMK9Eee5diWzJRZqLaYgEUupUNsKVYAMhi":{"apy":189.18816568559444,"weeklyFactor":0.002913571517906689},"A5U2LbZhwc6GFZtYft6MtbGHFhYyZ1pzCRQkz7D2b2YS":{"apy":189.18816568559444,"weeklyFactor":0.002913571517906689},"B2Mq1fpJ2bZYxxtF4yz6nNvLJLaYzM3zQsHcs2oDqk3z":{"apy":189.18816568559444,"weeklyFactor":0.002913571517906689},"5yKHz86cvHocaQnxv4mPJjftA4w7BbJzQQr5rG9miyZ3":{"apy":189.18816568559444,"weeklyFactor":0.002913571517906689},"6rvpVhL9fxm2WLMefNRaLwv6aNdivZadMi56teWfSkuU":{"apy":6.552713611228784e+64,"weeklyFactor":0.48627709205140884},"BGz6pBLvc4nuGNsbXYoAE7z466kSjZaoXKJMnEkZWkyD":{"apy":189.18816568559444,"weeklyFactor":0.002913571517906689}}