{"6W6iaKmdBNqyFrXmJqB5yrebr3KowYDs4F9Nide4ARYL":{"apy":36.30343790170454,"weeklyFactor":0.000848889898995709},"569xM2bZSTijhdB8u15G6e442PVq3PhcJUPFUZM9njvi":{"apy":36.30343790170454,"weeklyFactor":0.000848889898995709},"Di5eqFCEonm8ABWfZph4fermaFbtrU5Jj2mrYdkKM1pT":{"apy":36.30343790170454,"weeklyFactor":0.000848889898995709},"xQob6CJEuPD23kbMENHWGWT7ho4Anwx4dpH7pBbX6MY":{"apy":36.30343790170454,"weeklyFactor":0.000848889898995709},"7Pzoefg48HurAC8ewRfgJgJmvGSasMYi5zHgQ67cxGTS":{"apy":36.30343790170454,"weeklyFactor":0.000848889898995709},"HUmPDU5amyLXjpZJGwMf6YAa6W9LW2srJjcrSM3FXgUA":{"apy":36.30343790170454,"weeklyFactor":0.000848889898995709},"CqVgxaQprGDZkBnAFNxKnwgaB5929CT1nSFxYjgUJz4H":{"apy":36.30343790170454,"weeklyFactor":0.000848889898995709},"BZSp8EvV8XTfNrsyBXrF2xGB3L7SbHSwhmJ7RD74zmAH":{"apy":36.30343790170454,"weeklyFactor":0.000848889898995709},"FKh586sYqro7RsTYsr7Wwc6b95bdkWCLEDKRc8fmBruh":{"apy":36.30343790170454,"weeklyFactor":0.000848889898995709},"GAd62dWPW36cxUPndsPwB52x1xjeRcJMuZ2SNdZTMzDR":{"apy":36.30343790170454,"weeklyFactor":0.000848889898995709},"GGAtxXgYGP5YzxbhhnuYCwZJV24idnSp31XK81Lqu6vi":{"apy":157.02157249696538,"weeklyFactor":0.002589620811125425},"2ShQGNv3YNqABBSEVGwSk9s1UCaDMGGehdbnjiJ1HmYn":{"apy":0,"weeklyFactor":6.3078907103213195},"AgUfgteJ5mGWeuKZeUTedwvvu8jLaWGiRE2matEMoHEG":{"apy":36.30343790170454,"weeklyFactor":0.000848889898995709},"51DNyWAJ7pa67DzkbHfipbZYW5hUSSRYsec5iHndtZ2W":{"apy":36.30343790170454,"weeklyFactor":0.000848889898995709},"71QzPrqM26vMDJdtanPqyNyQ7MzqVw3FqzUWTpdNxta2":{"apy":36.30343790170454,"weeklyFactor":0.000848889898995709},"EKYai7Zh1qPtRtkkYJcCvdEPo2fXj3bfuTGoNUSJ4Z1m":{"apy":36.30343790170454,"weeklyFactor":0.000848889898995709},"EGLDBGNDaC1pr3iznmGDUSVLmFE8DGR1LruUHTwCFhhy":{"apy":36.30343790170454,"weeklyFactor":0.000848889898995709},"GBEo8NoJAg5woWXXWXKT5xaWVUmxsqYgLkvyLkFDEgzY":{"apy":36.30343790170454,"weeklyFactor":0.000848889898995709},"6fJ7t3uvmosPqXY51Qcwdc126miSnTF2bt7xgG5fyPgX":{"apy":36.30343790170454,"weeklyFactor":0.000848889898995709},"6zPRRm2tjgUYPrnSboaxr2RvovB9y5vT9f4kYyzdbbri":{"apy":36.30343790170454,"weeklyFactor":0.000848889898995709},"7cRPNt4EMSwvmwSrm379JhyG7s49CuCbCfnARzGykkzx":{"apy":36.30343790170454,"weeklyFactor":0.000848889898995709},"8qhdhHUPxCqXDqhYiXDjjDnLAHctt7pEettHU6bTSXFB":{"apy":36.30343790170454,"weeklyFactor":0.000848889898995709},"FmV9BnyyAGqVWudkV2S4hq7TGkUfoa8ku6UhKK1UN9zn":{"apy":102.4167320073615,"weeklyFactor":0.0019338082659625165},"5yjxDcJzH1yaKYA6AH7GEgxtC6rdqy2kSCifjMLcmh8b":{"apy":36.30343790170454,"weeklyFactor":0.000848889898995709},"7WxatmehVQjfXYMXoyFXnrRMCpDnMKcShFhNDXUioDpb":{"apy":36.30343790170454,"weeklyFactor":0.000848889898995709},"A4maCv1LM7rjpUzzM7JP4wg61VchwCovKiRqo3fbXSgF":{"apy":36.30343790170454,"weeklyFactor":0.000848889898995709},"6m8H4nKpm5fEQqKBaniRUYQfeaH7pjMkPPFiMnGXZEd8":{"apy":36.30343790170454,"weeklyFactor":0.000848889898995709},"6SXW9UNVdiUWJhw4RvfmovbkTEBeb8tvBzPHc8EeVWi":{"apy":36.30343790170454,"weeklyFactor":0.000848889898995709},"GYXWHy8iakBiffXh6NinMnxkuJkmNrMPry6zCPQdeaJ2":{"apy":36.30343790170454,"weeklyFactor":0.000848889898995709},"BbuK8MkcZSJxx7VtRXB8Up8CqeURv3FRHzdzavPyKr1H":{"apy":36.30343790170454,"weeklyFactor":0.000848889898995709},"BvPLZDd4cHfNeUy3F9tv8PQkJSWtwe5EyFpyTm81tQ9g":{"apy":36.30343790170454,"weeklyFactor":0.000848889898995709},"A7AwVVu1y1bzz86LQrLbVtgC43k7LES6Lesc8ao7MGFP":{"apy":36.30343790170454,"weeklyFactor":0.000848889898995709},"D8W6t585rTrYfhtQQTxozyG6w2oCLpBwLCy7rMsS1rNF":{"apy":36.30343790170454,"weeklyFactor":0.000848889898995709},"9z35ptatPpnzzfzCXB5k7aJ6jxg4Qyno5xXVMLC7oHAW":{"apy":36.30343790170454,"weeklyFactor":0.000848889898995709},"CrMFwYDc3j4d9f9dogyDTx97raJJpAupntzVXm2bL8hH":{"apy":36.30343790170454,"weeklyFactor":0.000848889898995709},"79RBFWfLKbJMNHzF6sqsAb7z9iXY1kyNFpuW6HJQQW4f":{"apy":36.30343790170454,"weeklyFactor":0.000848889898995709},"27j5twe2g8Vqr6bGyEjX4dSPKA3s1hu4N1nm9u3gRsmc":{"apy":36.30343790170454,"weeklyFactor":0.000848889898995709},"8cQaC9iDd9pGQYcZfK61zgMitBvsW7218WzG55JhonsZ":{"apy":36.30343790170454,"weeklyFactor":0.000848889898995709},"AG4harXetHAJLmKfQRTvW8uBBhjGDqbSvMQGTAhik4eE":{"apy":36.30343790170454,"weeklyFactor":0.000848889898995709},"9gGUAz4psCE2t3NFr8p64hgvXAcQGADtLmrNDTKMJPpC":{"apy":36.30343790170454,"weeklyFactor":0.000848889898995709},"84GSk7hjwaUwX5wxmvnHiTtSnffPYP7dnmoP6ZJ5TnSR":{"apy":36.30343790170454,"weeklyFactor":0.000848889898995709},"7w3qaYPMAnbHnyWKqDzHVZcTLfJaDXhB2JdDUkZXuMho":{"apy":36.30343790170454,"weeklyFactor":0.000848889898995709},"NvbSrT458e6LCeLq257rH73dZ7btcq1TPkQVsyL8ouT":{"apy":36.30343790170454,"weeklyFactor":0.000848889898995709},"45t3M59UDEkeADxyGq1tJxwoUPQ5kUxeuLsusYBFkBah":{"apy":36.30343790170454,"weeklyFactor":0.000848889898995709},"6Cr9rtgY4c7H6DZzaCTgVpeFK8TpdcuhZXeZ2wqPhCD3":{"apy":36.30343790170454,"weeklyFactor":0.000848889898995709},"HZwUnXYy27TUWQucuuSM8dYJxxCgUMgfDf83vZNz7CKe":{"apy":36.30343790170454,"weeklyFactor":0.000848889898995709},"4NkYxZtSpUzQc2oxktQoRYUSYC4awrtspuAGLq7Sx8A1":{"apy":36.30343790170454,"weeklyFactor":0.000848889898995709},"6nqWUFzjoJzuZ9FWF6iBjFwUpGX6mZrF25WaWsbwqekM":{"apy":36.30343790170454,"weeklyFactor":0.000848889898995709},"82g9tPxdE3UgLiSoA4KkV6S7hXKdN4RDjcbBiqTwWSWw":{"apy":36.30343790170454,"weeklyFactor":0.000848889898995709},"93b5xNohGF24cbbGn7pw4QUKGLcrXdBVGw8gRsxTNcUx":{"apy":36.30343790170454,"weeklyFactor":0.000848889898995709},"F8fj2myqZcw5CZy8yaNZDJXS2rzB7FL79maFBJM16WPu":{"apy":36.30343790170454,"weeklyFactor":0.000848889898995709},"CssW9uGzH22u9CUkft1xgqHgKCGCTrCL6Ma93wLY94dq":{"apy":36.30343790170454,"weeklyFactor":0.000848889898995709},"ApkrPbiWzEmkRj92g8tpzMNNXGkTogRNMQfESaUQAykv":{"apy":36.30343790170454,"weeklyFactor":0.000848889898995709},"DkFWVeEchx65Q9vymQjDjdfY472vV4JvkXompH5s4u6u":{"apy":36.30343790170454,"weeklyFactor":0.000848889898995709},"As83NX9BsHUx5RBuRWGWzByzXsSEoThVzcTpHrNkvUFt":{"apy":36.30343790170454,"weeklyFactor":0.000848889898995709},"Hb2freG61xfMgmH6CUJDiyjG5zbbfcp9a6TQ2SJvs2Ur":{"apy":36.30343790170454,"weeklyFactor":0.000848889898995709},"hLZNVV8EbeLCjkXCxfBePjAcuPSwCryWtiStoV7E4cU":{"apy":36.30343790170454,"weeklyFactor":0.000848889898995709},"bfSBHwyL6PNjpeQEyrjsnbo7TzGRttbymvN74Y9czN3":{"apy":36.30343790170454,"weeklyFactor":0.000848889898995709},"CC72FniNhUM41xSoA5h1idGxstrKXDqqhnYzfyBTSZDG":{"apy":3.333641945397307e+22,"weeklyFactor":0.1382225232373022},"8krGUkrubzsymUFmy5ncJHiE5RwyDEWazvwfahii7UW1":{"apy":36.30343790170454,"weeklyFactor":0.000848889898995709},"91efQM48sjFp5YPLRPVVFwxoER2YiYzy9BfhPeAk8oNS":{"apy":36.30343790170454,"weeklyFactor":0.000848889898995709},"7SaJ5xEHTtWrFoJcNrNkJKb4pHJSDoMtzvcyHXJuhZRf":{"apy":36.30343790170454,"weeklyFactor":0.000848889898995709},"8PhY9FH6ZQT74nnBuxxoVs4nYk9NUWwguFfWrZHGiAwK":{"apy":36.30343790170454,"weeklyFactor":0.000848889898995709},"HbJhdrHeagEKTKLiajwXSvgETRs652U3vcMHpQS5y8qr":{"apy":36.30343790170454,"weeklyFactor":0.000848889898995709},"CHQ8Ti9L3z9aLfML1ULf78ZaGFwaTMA6GFcteBvMgmAG":{"apy":36.30343790170454,"weeklyFactor":0.000848889898995709},"3a3EdoS5MvDcw9K8GdAb2FD7A9cUK6TuAqboJX23DQNM":{"apy":36.30343790170454,"weeklyFactor":0.000848889898995709},"5Wc3GkVnPmfRMgumstAEtT1yWYR7nBeyjYEQonz91bpb":{"apy":36.30343790170454,"weeklyFactor":0.000848889898995709},"74nxLDML7sZeFjeqLteu89kGxC18ZRdsSHsMP9q5BALP":{"apy":36.30343790170454,"weeklyFactor":0.000848889898995709},"Hb3evEtCB4ykLYYKFGkGgVuaCyrWFbXwe3jtkMSkq6Ve":{"apy":36.30343790170454,"weeklyFactor":0.000848889898995709},"Fb8rVemMjXE9r7FNK7DTmUdDhQDa3jFufkqrH2bsDYWX":{"apy":36.30343790170454,"weeklyFactor":0.000848889898995709},"CmkfvxXTLihwp7eBm9HFtfGTvBHfK8cKPW99LEq1uR7c":{"apy":36.30343790170454,"weeklyFactor":0.000848889898995709},"YkDo4ooVf3Sw79y84w3HCy7aGFd6UMfkGdgDMiHdprx":{"apy":36.30343790170454,"weeklyFactor":0.000848889898995709},"2Ag3cXASMvi9aNTc3iPT2R31zVxQXeawhsx4Ukf2xTeH":{"apy":36.30343790170454,"weeklyFactor":0.000848889898995709},