{"AvNeVrKZy1FaEG9suboRXNPgmnMwomiU5EvkF6jGxGrX":{"apy":89.98458930147679,"weeklyFactor":0.00175982825586011},"HbMbeaDH8xtB1a8WpwjNqcXBBGraKJjJ2xFkXEdAy1rY":{"apy":9.446355614815172,"weeklyFactor":0.0002473301431552584},"C7BLPzc1vzLL3Tm5udXELnHDRXeXkdd5f1oMKP8rwUNv":{"apy":9.446355614815172,"weeklyFactor":0.0002473301431552584},"2SgUGxYDczrB6wUzXHPJH65pNhWkEzNMEx3km4xTYUTC":{"apy":9.446355614815172,"weeklyFactor":0.0002473301431552584},"4FkGNJMvKFk9PFwn8TBtk1ShUKege6D5Au87ezwLWiqk":{"apy":9.446355614815172,"weeklyFactor":0.0002473301431552584},"HYCzZYupXUyamfTQWNkULW1EFcNPCTA5urnEXCFXkLRh":{"apy":9.446355614815172,"weeklyFactor":0.0002473301431552584},"FeKSMTD9Z22kdnMLeNWAfaTXydbhVixUPcfZDW3QS1X4":{"apy":9.446355614815172,"weeklyFactor":0.0002473301431552584},"7drJL7kEdJfgNzeaEYKDqTkfmiG2ain3nEPtGHDZc6i2":{"apy":9.446355614815172,"weeklyFactor":0.0002473301431552584},"AXSXYioiHGFvQ1XF4zCvXjnVAcMY68WQ4RH5r5nAdah5":{"apy":9.446355614815172,"weeklyFactor":0.0002473301431552584},"2keDsfcMY6hLvfrmzDAfnMSudMqYczPVcb8MSkK59P9r":{"apy":9.446355614815172,"weeklyFactor":0.0002473301431552584},"FejEVPJBH5TEbgcpupNuRyiMRoeaCQwPvtVU6w3i2xRc":{"apy":15.421740277476005,"weeklyFactor":0.00039301567882157336},"EWZW9aJmY2LX6ZyV5RU8waHWKF1aGaxzbuBuRQp6G4j":{"apy":9.446355614815172,"weeklyFactor":0.0002473301431552584},"DzCbrMZXNG3XpXuufhBp233LJXvV8Xq1C3q4ksrtbCPP":{"apy":9.446355614815172,"weeklyFactor":0.0002473301431552584},"5dX3tkVDmbHBWMCQMerAHTmd9wsRvmtKLoQt6qv9fHy7":{"apy":50.51701704174296,"weeklyFactor":0.0011209180660363021},"9bXJSJ3tGjkk8QVSykcGE6KnzdKznfjWP7YXicSRFTe8":{"apy":9.446355614815172,"weeklyFactor":0.0002473301431552584},"GmBMZ8BNeNR6mRFqu2ZaFvpxvGPXmc9Aa4a1GWFaxWMv":{"apy":9.446355614815172,"weeklyFactor":0.0002473301431552584},"A5U2LbZhwc6GFZtYft6MtbGHFhYyZ1pzCRQkz7D2b2YS":{"apy":9.446355614815172,"weeklyFactor":0.0002473301431552584},"9fY5jLin2yYMK9Eee5diWzJRZqLaYgEUupUNsKVYAMhi":{"apy":9.446355614815172,"weeklyFactor":0.0002473301431552584},"B2Mq1fpJ2bZYxxtF4yz6nNvLJLaYzM3zQsHcs2oDqk3z":{"apy":9.446355614815172,"weeklyFactor":0.0002473301431552584},"6rvpVhL9fxm2WLMefNRaLwv6aNdivZadMi56teWfSkuU":{"apy":8.865012303398646e+159,"weeklyFactor":1.708528240119739},"5yKHz86cvHocaQnxv4mPJjftA4w7BbJzQQr5rG9miyZ3":{"apy":9.446355614815172,"weeklyFactor":0.0002473301431552584},"BGz6pBLvc4nuGNsbXYoAE7z466kSjZaoXKJMnEkZWkyD":{"apy":9.446355614815172,"weeklyFactor":0.0002473301431552584}}