{"FeKSMTD9Z22kdnMLeNWAfaTXydbhVixUPcfZDW3QS1X4":{"apy":1.6701173985934847,"weeklyFactor":0.00004537977757820995},"HbMbeaDH8xtB1a8WpwjNqcXBBGraKJjJ2xFkXEdAy1rY":{"apy":1.6701173985934847,"weeklyFactor":0.00004537977757820995},"C7BLPzc1vzLL3Tm5udXELnHDRXeXkdd5f1oMKP8rwUNv":{"apy":1.6701173985934847,"weeklyFactor":0.00004537977757820995},"4FkGNJMvKFk9PFwn8TBtk1ShUKege6D5Au87ezwLWiqk":{"apy":1.6701173985934847,"weeklyFactor":0.00004537977757820995},"7drJL7kEdJfgNzeaEYKDqTkfmiG2ain3nEPtGHDZc6i2":{"apy":1.6701173985934847,"weeklyFactor":0.00004537977757820995},"AvNeVrKZy1FaEG9suboRXNPgmnMwomiU5EvkF6jGxGrX":{"apy":10003.493020191469,"weeklyFactor":0.012725400653679905},"HYCzZYupXUyamfTQWNkULW1EFcNPCTA5urnEXCFXkLRh":{"apy":1.6701173985934847,"weeklyFactor":0.00004537977757820995},"2SgUGxYDczrB6wUzXHPJH65pNhWkEzNMEx3km4xTYUTC":{"apy":1.6701173985934847,"weeklyFactor":0.00004537977757820995},"9bXJSJ3tGjkk8QVSykcGE6KnzdKznfjWP7YXicSRFTe8":{"apy":1.6701173985934847,"weeklyFactor":0.00004537977757820995},"2keDsfcMY6hLvfrmzDAfnMSudMqYczPVcb8MSkK59P9r":{"apy":1.6701173985934847,"weeklyFactor":0.00004537977757820995},"FejEVPJBH5TEbgcpupNuRyiMRoeaCQwPvtVU6w3i2xRc":{"apy":70.39444232169232,"weeklyFactor":0.0014611920156732123},"EWZW9aJmY2LX6ZyV5RU8waHWKF1aGaxzbuBuRQp6G4j":{"apy":1.6701173985934847,"weeklyFactor":0.00004537977757820995},"DzCbrMZXNG3XpXuufhBp233LJXvV8Xq1C3q4ksrtbCPP":{"apy":1.6701173985934847,"weeklyFactor":0.00004537977757820995},"GmBMZ8BNeNR6mRFqu2ZaFvpxvGPXmc9Aa4a1GWFaxWMv":{"apy":1.6701173985934847,"weeklyFactor":0.00004537977757820995},"AXSXYioiHGFvQ1XF4zCvXjnVAcMY68WQ4RH5r5nAdah5":{"apy":1.6701173985934847,"weeklyFactor":0.00004537977757820995},"5dX3tkVDmbHBWMCQMerAHTmd9wsRvmtKLoQt6qv9fHy7":{"apy":14.757675225088086,"weeklyFactor":0.0003772013888851985},"A5U2LbZhwc6GFZtYft6MtbGHFhYyZ1pzCRQkz7D2b2YS":{"apy":1.6701173985934847,"weeklyFactor":0.00004537977757820995},"9fY5jLin2yYMK9Eee5diWzJRZqLaYgEUupUNsKVYAMhi":{"apy":1.6701173985934847,"weeklyFactor":0.00004537977757820995},"B2Mq1fpJ2bZYxxtF4yz6nNvLJLaYzM3zQsHcs2oDqk3z":{"apy":1.6701173985934847,"weeklyFactor":0.00004537977757820995},"5yKHz86cvHocaQnxv4mPJjftA4w7BbJzQQr5rG9miyZ3":{"apy":1.6701173985934847,"weeklyFactor":0.00004537977757820995},"6rvpVhL9fxm2WLMefNRaLwv6aNdivZadMi56teWfSkuU":{"apy":1.0312648498154121e+106,"weeklyFactor":0.9273835036967502},"BGz6pBLvc4nuGNsbXYoAE7z466kSjZaoXKJMnEkZWkyD":{"apy":1.6701173985934847,"weeklyFactor":0.00004537977757820995}}