{"2SgUGxYDczrB6wUzXHPJH65pNhWkEzNMEx3km4xTYUTC":{"apy":0.48375602932915207,"weeklyFactor":0.000013221722744081311},"HbMbeaDH8xtB1a8WpwjNqcXBBGraKJjJ2xFkXEdAy1rY":{"apy":0.48375602932915207,"weeklyFactor":0.000013221722744081311},"FeKSMTD9Z22kdnMLeNWAfaTXydbhVixUPcfZDW3QS1X4":{"apy":0.48375602932915207,"weeklyFactor":0.000013221722744081311},"C7BLPzc1vzLL3Tm5udXELnHDRXeXkdd5f1oMKP8rwUNv":{"apy":0.48375602932915207,"weeklyFactor":0.000013221722744081311},"7drJL7kEdJfgNzeaEYKDqTkfmiG2ain3nEPtGHDZc6i2":{"apy":0.48375602932915207,"weeklyFactor":0.000013221722744081311},"AvNeVrKZy1FaEG9suboRXNPgmnMwomiU5EvkF6jGxGrX":{"apy":159491.83550117974,"weeklyFactor":0.020411564025233593},"HYCzZYupXUyamfTQWNkULW1EFcNPCTA5urnEXCFXkLRh":{"apy":0.48375602932915207,"weeklyFactor":0.000013221722744081311},"4FkGNJMvKFk9PFwn8TBtk1ShUKege6D5Au87ezwLWiqk":{"apy":0.48375602932915207,"weeklyFactor":0.000013221722744081311},"DzCbrMZXNG3XpXuufhBp233LJXvV8Xq1C3q4ksrtbCPP":{"apy":0.48375602932915207,"weeklyFactor":0.000013221722744081311},"5dX3tkVDmbHBWMCQMerAHTmd9wsRvmtKLoQt6qv9fHy7":{"apy":4.092674108340266,"weeklyFactor":0.00010990032231707596},"2keDsfcMY6hLvfrmzDAfnMSudMqYczPVcb8MSkK59P9r":{"apy":0.48375602932915207,"weeklyFactor":0.000013221722744081311},"9bXJSJ3tGjkk8QVSykcGE6KnzdKznfjWP7YXicSRFTe8":{"apy":0.48375602932915207,"weeklyFactor":0.000013221722744081311},"GmBMZ8BNeNR6mRFqu2ZaFvpxvGPXmc9Aa4a1GWFaxWMv":{"apy":0.48375602932915207,"weeklyFactor":0.000013221722744081311},"AXSXYioiHGFvQ1XF4zCvXjnVAcMY68WQ4RH5r5nAdah5":{"apy":0.48375602932915207,"weeklyFactor":0.000013221722744081311},"EWZW9aJmY2LX6ZyV5RU8waHWKF1aGaxzbuBuRQp6G4j":{"apy":0.48375602932915207,"weeklyFactor":0.000013221722744081311},"FejEVPJBH5TEbgcpupNuRyiMRoeaCQwPvtVU6w3i2xRc":{"apy":154.69121449092498,"weeklyFactor":0.0025646027127880834},"9fY5jLin2yYMK9Eee5diWzJRZqLaYgEUupUNsKVYAMhi":{"apy":0.48375602932915207,"weeklyFactor":0.000013221722744081311},"A5U2LbZhwc6GFZtYft6MtbGHFhYyZ1pzCRQkz7D2b2YS":{"apy":0.48375602932915207,"weeklyFactor":0.000013221722744081311},"B2Mq1fpJ2bZYxxtF4yz6nNvLJLaYzM3zQsHcs2oDqk3z":{"apy":0.48375602932915207,"weeklyFactor":0.000013221722744081311},"5yKHz86cvHocaQnxv4mPJjftA4w7BbJzQQr5rG9miyZ3":{"apy":0.48375602932915207,"weeklyFactor":0.000013221722744081311},"6rvpVhL9fxm2WLMefNRaLwv6aNdivZadMi56teWfSkuU":{"apy":2.257500443274835e+56,"weeklyFactor":0.4090099140283477},"BGz6pBLvc4nuGNsbXYoAE7z466kSjZaoXKJMnEkZWkyD":{"apy":0.48375602932915207,"weeklyFactor":0.000013221722744081311}}