{"4FkGNJMvKFk9PFwn8TBtk1ShUKege6D5Au87ezwLWiqk":{"apy":43.52036146474747,"weeklyFactor":0.000990371548828327},"HbMbeaDH8xtB1a8WpwjNqcXBBGraKJjJ2xFkXEdAy1rY":{"apy":43.52036146474747,"weeklyFactor":0.000990371548828327},"C7BLPzc1vzLL3Tm5udXELnHDRXeXkdd5f1oMKP8rwUNv":{"apy":43.52036146474747,"weeklyFactor":0.000990371548828327},"2SgUGxYDczrB6wUzXHPJH65pNhWkEzNMEx3km4xTYUTC":{"apy":43.52036146474747,"weeklyFactor":0.000990371548828327},"HYCzZYupXUyamfTQWNkULW1EFcNPCTA5urnEXCFXkLRh":{"apy":43.52036146474747,"weeklyFactor":0.000990371548828327},"AvNeVrKZy1FaEG9suboRXNPgmnMwomiU5EvkF6jGxGrX":{"apy":2541.4238107051674,"weeklyFactor":0.009009945157772292},"FeKSMTD9Z22kdnMLeNWAfaTXydbhVixUPcfZDW3QS1X4":{"apy":43.52036146474747,"weeklyFactor":0.000990371548828327},"7drJL7kEdJfgNzeaEYKDqTkfmiG2ain3nEPtGHDZc6i2":{"apy":43.52036146474747,"weeklyFactor":0.000990371548828327},"5dX3tkVDmbHBWMCQMerAHTmd9wsRvmtKLoQt6qv9fHy7":{"apy":190.17897448298174,"weeklyFactor":0.002922969596918942},"GmBMZ8BNeNR6mRFqu2ZaFvpxvGPXmc9Aa4a1GWFaxWMv":{"apy":43.52036146474747,"weeklyFactor":0.000990371548828327},"DzCbrMZXNG3XpXuufhBp233LJXvV8Xq1C3q4ksrtbCPP":{"apy":43.52036146474747,"weeklyFactor":0.000990371548828327},"9bXJSJ3tGjkk8QVSykcGE6KnzdKznfjWP7YXicSRFTe8":{"apy":43.52036146474747,"weeklyFactor":0.000990371548828327},"EWZW9aJmY2LX6ZyV5RU8waHWKF1aGaxzbuBuRQp6G4j":{"apy":43.52036146474747,"weeklyFactor":0.000990371548828327},"FejEVPJBH5TEbgcpupNuRyiMRoeaCQwPvtVU6w3i2xRc":{"apy":288.24322269471014,"weeklyFactor":0.0037232478837261884},"2keDsfcMY6hLvfrmzDAfnMSudMqYczPVcb8MSkK59P9r":{"apy":43.52036146474747,"weeklyFactor":0.000990371548828327},"AXSXYioiHGFvQ1XF4zCvXjnVAcMY68WQ4RH5r5nAdah5":{"apy":43.52036146474747,"weeklyFactor":0.000990371548828327},"9fY5jLin2yYMK9Eee5diWzJRZqLaYgEUupUNsKVYAMhi":{"apy":43.52036146474747,"weeklyFactor":0.000990371548828327},"A5U2LbZhwc6GFZtYft6MtbGHFhYyZ1pzCRQkz7D2b2YS":{"apy":43.52036146474747,"weeklyFactor":0.000990371548828327},"B2Mq1fpJ2bZYxxtF4yz6nNvLJLaYzM3zQsHcs2oDqk3z":{"apy":43.52036146474747,"weeklyFactor":0.000990371548828327},"6rvpVhL9fxm2WLMefNRaLwv6aNdivZadMi56teWfSkuU":{"apy":43.52036146474747,"weeklyFactor":0.000990371548828327},"5yKHz86cvHocaQnxv4mPJjftA4w7BbJzQQr5rG9miyZ3":{"apy":43.52036146474747,"weeklyFactor":0.000990371548828327},"BGz6pBLvc4nuGNsbXYoAE7z466kSjZaoXKJMnEkZWkyD":{"apy":43.52036146474747,"weeklyFactor":0.000990371548828327}}