{"HYCzZYupXUyamfTQWNkULW1EFcNPCTA5urnEXCFXkLRh":{"apy":0.16417562043256062,"weeklyFactor":0.000004494284060561677},"FeKSMTD9Z22kdnMLeNWAfaTXydbhVixUPcfZDW3QS1X4":{"apy":0.16417562043256062,"weeklyFactor":0.000004494284060561677},"HbMbeaDH8xtB1a8WpwjNqcXBBGraKJjJ2xFkXEdAy1rY":{"apy":0.16417562043256062,"weeklyFactor":0.000004494284060561677},"AvNeVrKZy1FaEG9suboRXNPgmnMwomiU5EvkF6jGxGrX":{"apy":302270.8894619673,"weeklyFactor":0.022199645406340996},"7drJL7kEdJfgNzeaEYKDqTkfmiG2ain3nEPtGHDZc6i2":{"apy":0.16417562043256062,"weeklyFactor":0.000004494284060561677},"C7BLPzc1vzLL3Tm5udXELnHDRXeXkdd5f1oMKP8rwUNv":{"apy":0.16417562043256062,"weeklyFactor":0.000004494284060561677},"2SgUGxYDczrB6wUzXHPJH65pNhWkEzNMEx3km4xTYUTC":{"apy":0.16417562043256062,"weeklyFactor":0.000004494284060561677},"4FkGNJMvKFk9PFwn8TBtk1ShUKege6D5Au87ezwLWiqk":{"apy":0.16417562043256062,"weeklyFactor":0.000004494284060561677},"5dX3tkVDmbHBWMCQMerAHTmd9wsRvmtKLoQt6qv9fHy7":{"apy":1.3728413932669215,"weeklyFactor":0.00003735695237304304},"GmBMZ8BNeNR6mRFqu2ZaFvpxvGPXmc9Aa4a1GWFaxWMv":{"apy":0.16417562043256062,"weeklyFactor":0.000004494284060561677},"EWZW9aJmY2LX6ZyV5RU8waHWKF1aGaxzbuBuRQp6G4j":{"apy":0.16417562043256062,"weeklyFactor":0.000004494284060561677},"AXSXYioiHGFvQ1XF4zCvXjnVAcMY68WQ4RH5r5nAdah5":{"apy":0.16417562043256062,"weeklyFactor":0.000004494284060561677},"2keDsfcMY6hLvfrmzDAfnMSudMqYczPVcb8MSkK59P9r":{"apy":0.16417562043256062,"weeklyFactor":0.000004494284060561677},"9bXJSJ3tGjkk8QVSykcGE6KnzdKznfjWP7YXicSRFTe8":{"apy":0.16417562043256062,"weeklyFactor":0.000004494284060561677},"DzCbrMZXNG3XpXuufhBp233LJXvV8Xq1C3q4ksrtbCPP":{"apy":0.16417562043256062,"weeklyFactor":0.000004494284060561677},"FejEVPJBH5TEbgcpupNuRyiMRoeaCQwPvtVU6w3i2xRc":{"apy":184.02371950534592,"weeklyFactor":0.002864059544100829},"A5U2LbZhwc6GFZtYft6MtbGHFhYyZ1pzCRQkz7D2b2YS":{"apy":0.16417562043256062,"weeklyFactor":0.000004494284060561677},"9fY5jLin2yYMK9Eee5diWzJRZqLaYgEUupUNsKVYAMhi":{"apy":0.16417562043256062,"weeklyFactor":0.000004494284060561677},"B2Mq1fpJ2bZYxxtF4yz6nNvLJLaYzM3zQsHcs2oDqk3z":{"apy":0.16417562043256062,"weeklyFactor":0.000004494284060561677},"6rvpVhL9fxm2WLMefNRaLwv6aNdivZadMi56teWfSkuU":{"apy":4.7803604245259376e+39,"weeklyFactor":0.2683274709414712},"5yKHz86cvHocaQnxv4mPJjftA4w7BbJzQQr5rG9miyZ3":{"apy":0.16417562043256062,"weeklyFactor":0.000004494284060561677},"BGz6pBLvc4nuGNsbXYoAE7z466kSjZaoXKJMnEkZWkyD":{"apy":0.16417562043256062,"weeklyFactor":0.000004494284060561677}}