{"2SgUGxYDczrB6wUzXHPJH65pNhWkEzNMEx3km4xTYUTC":{"apy":1.4298369053953541,"weeklyFactor":0.00003889695220989424},"4FkGNJMvKFk9PFwn8TBtk1ShUKege6D5Au87ezwLWiqk":{"apy":1.4298369053953541,"weeklyFactor":0.00003889695220989424},"FeKSMTD9Z22kdnMLeNWAfaTXydbhVixUPcfZDW3QS1X4":{"apy":1.4298369053953541,"weeklyFactor":0.00003889695220989424},"HbMbeaDH8xtB1a8WpwjNqcXBBGraKJjJ2xFkXEdAy1rY":{"apy":1.4298369053953541,"weeklyFactor":0.00003889695220989424},"AvNeVrKZy1FaEG9suboRXNPgmnMwomiU5EvkF6jGxGrX":{"apy":17024.74801448697,"weeklyFactor":0.014190453684022183},"HYCzZYupXUyamfTQWNkULW1EFcNPCTA5urnEXCFXkLRh":{"apy":1.4298369053953541,"weeklyFactor":0.00003889695220989424},"7drJL7kEdJfgNzeaEYKDqTkfmiG2ain3nEPtGHDZc6i2":{"apy":1.4298369053953541,"weeklyFactor":0.00003889695220989424},"C7BLPzc1vzLL3Tm5udXELnHDRXeXkdd5f1oMKP8rwUNv":{"apy":1.4298369053953541,"weeklyFactor":0.00003889695220989424},"9bXJSJ3tGjkk8QVSykcGE6KnzdKznfjWP7YXicSRFTe8":{"apy":1.4298369053953541,"weeklyFactor":0.00003889695220989424},"2keDsfcMY6hLvfrmzDAfnMSudMqYczPVcb8MSkK59P9r":{"apy":1.4298369053953541,"weeklyFactor":0.00003889695220989424},"EWZW9aJmY2LX6ZyV5RU8waHWKF1aGaxzbuBuRQp6G4j":{"apy":1.4298369053953541,"weeklyFactor":0.00003889695220989424},"GmBMZ8BNeNR6mRFqu2ZaFvpxvGPXmc9Aa4a1GWFaxWMv":{"apy":1.4298369053953541,"weeklyFactor":0.00003889695220989424},"FejEVPJBH5TEbgcpupNuRyiMRoeaCQwPvtVU6w3i2xRc":{"apy":84.78240070256591,"weeklyFactor":0.0016836314292454427},"AXSXYioiHGFvQ1XF4zCvXjnVAcMY68WQ4RH5r5nAdah5":{"apy":1.4298369053953541,"weeklyFactor":0.00003889695220989424},"5dX3tkVDmbHBWMCQMerAHTmd9wsRvmtKLoQt6qv9fHy7":{"apy":12.523406935742099,"weeklyFactor":0.00032331547618731296},"DzCbrMZXNG3XpXuufhBp233LJXvV8Xq1C3q4ksrtbCPP":{"apy":1.4298369053953541,"weeklyFactor":0.00003889695220989424},"A5U2LbZhwc6GFZtYft6MtbGHFhYyZ1pzCRQkz7D2b2YS":{"apy":1.4298369053953541,"weeklyFactor":0.00003889695220989424},"9fY5jLin2yYMK9Eee5diWzJRZqLaYgEUupUNsKVYAMhi":{"apy":1.4298369053953541,"weeklyFactor":0.00003889695220989424},"B2Mq1fpJ2bZYxxtF4yz6nNvLJLaYzM3zQsHcs2oDqk3z":{"apy":1.4298369053953541,"weeklyFactor":0.00003889695220989424},"5yKHz86cvHocaQnxv4mPJjftA4w7BbJzQQr5rG9miyZ3":{"apy":1.4298369053953541,"weeklyFactor":0.00003889695220989424},"6rvpVhL9fxm2WLMefNRaLwv6aNdivZadMi56teWfSkuU":{"apy":1.5030737640647542e+97,"weeklyFactor":0.8228832323121532},"BGz6pBLvc4nuGNsbXYoAE7z466kSjZaoXKJMnEkZWkyD":{"apy":1.4298369053953541,"weeklyFactor":0.00003889695220989424}}