{"2SgUGxYDczrB6wUzXHPJH65pNhWkEzNMEx3km4xTYUTC":{"apy":2153.88253715598,"weeklyFactor":0.008571428571428572},"C7BLPzc1vzLL3Tm5udXELnHDRXeXkdd5f1oMKP8rwUNv":{"apy":2153.88253715598,"weeklyFactor":0.008571428571428572},"AvNeVrKZy1FaEG9suboRXNPgmnMwomiU5EvkF6jGxGrX":{"apy":3541.104322135945,"weeklyFactor":0.00989762536943617},"7drJL7kEdJfgNzeaEYKDqTkfmiG2ain3nEPtGHDZc6i2":{"apy":2153.88253715598,"weeklyFactor":0.008571428571428572},"FeKSMTD9Z22kdnMLeNWAfaTXydbhVixUPcfZDW3QS1X4":{"apy":2153.88253715598,"weeklyFactor":0.008571428571428572},"HbMbeaDH8xtB1a8WpwjNqcXBBGraKJjJ2xFkXEdAy1rY":{"apy":2153.88253715598,"weeklyFactor":0.008571428571428572},"4FkGNJMvKFk9PFwn8TBtk1ShUKege6D5Au87ezwLWiqk":{"apy":2153.88253715598,"weeklyFactor":0.008571428571428572},"HYCzZYupXUyamfTQWNkULW1EFcNPCTA5urnEXCFXkLRh":{"apy":2153.88253715598,"weeklyFactor":0.008571428571428572},"AXSXYioiHGFvQ1XF4zCvXjnVAcMY68WQ4RH5r5nAdah5":{"apy":2153.88253715598,"weeklyFactor":0.008571428571428572},"GmBMZ8BNeNR6mRFqu2ZaFvpxvGPXmc9Aa4a1GWFaxWMv":{"apy":2153.88253715598,"weeklyFactor":0.008571428571428572},"5dX3tkVDmbHBWMCQMerAHTmd9wsRvmtKLoQt6qv9fHy7":{"apy":2452.5547347815314,"weeklyFactor":0.008915342112514402},"9bXJSJ3tGjkk8QVSykcGE6KnzdKznfjWP7YXicSRFTe8":{"apy":2153.88253715598,"weeklyFactor":0.008571428571428572},"DzCbrMZXNG3XpXuufhBp233LJXvV8Xq1C3q4ksrtbCPP":{"apy":2153.88253715598,"weeklyFactor":0.008571428571428572},"FejEVPJBH5TEbgcpupNuRyiMRoeaCQwPvtVU6w3i2xRc":{"apy":2536.469086578957,"weeklyFactor":0.009004754881277274},"EWZW9aJmY2LX6ZyV5RU8waHWKF1aGaxzbuBuRQp6G4j":{"apy":2153.88253715598,"weeklyFactor":0.008571428571428572},"2keDsfcMY6hLvfrmzDAfnMSudMqYczPVcb8MSkK59P9r":{"apy":2153.88253715598,"weeklyFactor":0.008571428571428572},"9fY5jLin2yYMK9Eee5diWzJRZqLaYgEUupUNsKVYAMhi":{"apy":2153.88253715598,"weeklyFactor":0.008571428571428572},"A5U2LbZhwc6GFZtYft6MtbGHFhYyZ1pzCRQkz7D2b2YS":{"apy":2153.88253715598,"weeklyFactor":0.008571428571428572},"B2Mq1fpJ2bZYxxtF4yz6nNvLJLaYzM3zQsHcs2oDqk3z":{"apy":2153.88253715598,"weeklyFactor":0.008571428571428572},"6rvpVhL9fxm2WLMefNRaLwv6aNdivZadMi56teWfSkuU":{"apy":2153.88253715598,"weeklyFactor":0.008571428571428572},"5yKHz86cvHocaQnxv4mPJjftA4w7BbJzQQr5rG9miyZ3":{"apy":2153.88253715598,"weeklyFactor":0.008571428571428572},"BGz6pBLvc4nuGNsbXYoAE7z466kSjZaoXKJMnEkZWkyD":{"apy":2153.88253715598,"weeklyFactor":0.008571428571428572}}