{"4FkGNJMvKFk9PFwn8TBtk1ShUKege6D5Au87ezwLWiqk":{"apy":15.41059906159492,"weeklyFactor":0.0003927511069548779},"HbMbeaDH8xtB1a8WpwjNqcXBBGraKJjJ2xFkXEdAy1rY":{"apy":15.41059906159492,"weeklyFactor":0.0003927511069548779},"HYCzZYupXUyamfTQWNkULW1EFcNPCTA5urnEXCFXkLRh":{"apy":15.41059906159492,"weeklyFactor":0.0003927511069548779},"2SgUGxYDczrB6wUzXHPJH65pNhWkEzNMEx3km4xTYUTC":{"apy":15.41059906159492,"weeklyFactor":0.0003927511069548779},"AvNeVrKZy1FaEG9suboRXNPgmnMwomiU5EvkF6jGxGrX":{"apy":134.05314047003398,"weeklyFactor":0.0023325188379818176},"7drJL7kEdJfgNzeaEYKDqTkfmiG2ain3nEPtGHDZc6i2":{"apy":15.41059906159492,"weeklyFactor":0.0003927511069548779},"FeKSMTD9Z22kdnMLeNWAfaTXydbhVixUPcfZDW3QS1X4":{"apy":15.41059906159492,"weeklyFactor":0.0003927511069548779},"C7BLPzc1vzLL3Tm5udXELnHDRXeXkdd5f1oMKP8rwUNv":{"apy":15.41059906159492,"weeklyFactor":0.0003927511069548779},"FejEVPJBH5TEbgcpupNuRyiMRoeaCQwPvtVU6w3i2xRc":{"apy":25.573791732311555,"weeklyFactor":0.0006240943418324058},"9bXJSJ3tGjkk8QVSykcGE6KnzdKznfjWP7YXicSRFTe8":{"apy":15.41059906159492,"weeklyFactor":0.0003927511069548779},"DzCbrMZXNG3XpXuufhBp233LJXvV8Xq1C3q4ksrtbCPP":{"apy":15.41059906159492,"weeklyFactor":0.0003927511069548779},"5dX3tkVDmbHBWMCQMerAHTmd9wsRvmtKLoQt6qv9fHy7":{"apy":63.2150423465186,"weeklyFactor":0.0013430885984515996},"2keDsfcMY6hLvfrmzDAfnMSudMqYczPVcb8MSkK59P9r":{"apy":15.41059906159492,"weeklyFactor":0.0003927511069548779},"GmBMZ8BNeNR6mRFqu2ZaFvpxvGPXmc9Aa4a1GWFaxWMv":{"apy":15.41059906159492,"weeklyFactor":0.0003927511069548779},"EWZW9aJmY2LX6ZyV5RU8waHWKF1aGaxzbuBuRQp6G4j":{"apy":15.41059906159492,"weeklyFactor":0.0003927511069548779},"AXSXYioiHGFvQ1XF4zCvXjnVAcMY68WQ4RH5r5nAdah5":{"apy":15.41059906159492,"weeklyFactor":0.0003927511069548779},"A5U2LbZhwc6GFZtYft6MtbGHFhYyZ1pzCRQkz7D2b2YS":{"apy":15.41059906159492,"weeklyFactor":0.0003927511069548779},"9fY5jLin2yYMK9Eee5diWzJRZqLaYgEUupUNsKVYAMhi":{"apy":15.41059906159492,"weeklyFactor":0.0003927511069548779},"B2Mq1fpJ2bZYxxtF4yz6nNvLJLaYzM3zQsHcs2oDqk3z":{"apy":15.41059906159492,"weeklyFactor":0.0003927511069548779},"6rvpVhL9fxm2WLMefNRaLwv6aNdivZadMi56teWfSkuU":{"apy":9.93944462227705e+155,"weeklyFactor":1.6418647558454171},"5yKHz86cvHocaQnxv4mPJjftA4w7BbJzQQr5rG9miyZ3":{"apy":15.41059906159492,"weeklyFactor":0.0003927511069548779},"BGz6pBLvc4nuGNsbXYoAE7z466kSjZaoXKJMnEkZWkyD":{"apy":15.41059906159492,"weeklyFactor":0.0003927511069548779}}