{"4FkGNJMvKFk9PFwn8TBtk1ShUKege6D5Au87ezwLWiqk":{"apy":2.6650401568286464,"weeklyFactor":0.00007206140606169451},"7drJL7kEdJfgNzeaEYKDqTkfmiG2ain3nEPtGHDZc6i2":{"apy":2.6650401568286464,"weeklyFactor":0.00007206140606169451},"FeKSMTD9Z22kdnMLeNWAfaTXydbhVixUPcfZDW3QS1X4":{"apy":2.6650401568286464,"weeklyFactor":0.00007206140606169451},"HbMbeaDH8xtB1a8WpwjNqcXBBGraKJjJ2xFkXEdAy1rY":{"apy":2.6650401568286464,"weeklyFactor":0.00007206140606169451},"AvNeVrKZy1FaEG9suboRXNPgmnMwomiU5EvkF6jGxGrX":{"apy":1042.4460589935848,"weeklyFactor":0.0066956222093545025},"C7BLPzc1vzLL3Tm5udXELnHDRXeXkdd5f1oMKP8rwUNv":{"apy":2.6650401568286464,"weeklyFactor":0.00007206140606169451},"HYCzZYupXUyamfTQWNkULW1EFcNPCTA5urnEXCFXkLRh":{"apy":2.6650401568286464,"weeklyFactor":0.00007206140606169451},"2SgUGxYDczrB6wUzXHPJH65pNhWkEzNMEx3km4xTYUTC":{"apy":2.6650401568286464,"weeklyFactor":0.00007206140606169451},"GmBMZ8BNeNR6mRFqu2ZaFvpxvGPXmc9Aa4a1GWFaxWMv":{"apy":2.6650401568286464,"weeklyFactor":0.00007206140606169451},"2keDsfcMY6hLvfrmzDAfnMSudMqYczPVcb8MSkK59P9r":{"apy":2.6650401568286464,"weeklyFactor":0.00007206140606169451},"DzCbrMZXNG3XpXuufhBp233LJXvV8Xq1C3q4ksrtbCPP":{"apy":2.6650401568286464,"weeklyFactor":0.00007206140606169451},"FejEVPJBH5TEbgcpupNuRyiMRoeaCQwPvtVU6w3i2xRc":{"apy":22.033105932447185,"weeklyFactor":0.0005456890588875048},"EWZW9aJmY2LX6ZyV5RU8waHWKF1aGaxzbuBuRQp6G4j":{"apy":2.6650401568286464,"weeklyFactor":0.00007206140606169451},"AXSXYioiHGFvQ1XF4zCvXjnVAcMY68WQ4RH5r5nAdah5":{"apy":2.6650401568286464,"weeklyFactor":0.00007206140606169451},"9bXJSJ3tGjkk8QVSykcGE6KnzdKznfjWP7YXicSRFTe8":{"apy":2.6650401568286464,"weeklyFactor":0.00007206140606169451},"5dX3tkVDmbHBWMCQMerAHTmd9wsRvmtKLoQt6qv9fHy7":{"apy":24.193772501167544,"weeklyFactor":0.0005938004526378148},"9fY5jLin2yYMK9Eee5diWzJRZqLaYgEUupUNsKVYAMhi":{"apy":2.6650401568286464,"weeklyFactor":0.00007206140606169451},"A5U2LbZhwc6GFZtYft6MtbGHFhYyZ1pzCRQkz7D2b2YS":{"apy":2.6650401568286464,"weeklyFactor":0.00007206140606169451},"B2Mq1fpJ2bZYxxtF4yz6nNvLJLaYzM3zQsHcs2oDqk3z":{"apy":2.6650401568286464,"weeklyFactor":0.00007206140606169451},"6rvpVhL9fxm2WLMefNRaLwv6aNdivZadMi56teWfSkuU":{"apy":8.779999310115679e+137,"weeklyFactor":1.3574795280528},"5yKHz86cvHocaQnxv4mPJjftA4w7BbJzQQr5rG9miyZ3":{"apy":2.6650401568286464,"weeklyFactor":0.00007206140606169451},"BGz6pBLvc4nuGNsbXYoAE7z466kSjZaoXKJMnEkZWkyD":{"apy":2.6650401568286464,"weeklyFactor":0.00007206140606169451}}