{"7drJL7kEdJfgNzeaEYKDqTkfmiG2ain3nEPtGHDZc6i2":{"apy":11.105079187499411,"weeklyFactor":0.00028855183368113477},"HbMbeaDH8xtB1a8WpwjNqcXBBGraKJjJ2xFkXEdAy1rY":{"apy":11.105079187499411,"weeklyFactor":0.00028855183368113477},"4FkGNJMvKFk9PFwn8TBtk1ShUKege6D5Au87ezwLWiqk":{"apy":11.105079187499411,"weeklyFactor":0.00028855183368113477},"FeKSMTD9Z22kdnMLeNWAfaTXydbhVixUPcfZDW3QS1X4":{"apy":11.105079187499411,"weeklyFactor":0.00028855183368113477},"HYCzZYupXUyamfTQWNkULW1EFcNPCTA5urnEXCFXkLRh":{"apy":11.105079187499411,"weeklyFactor":0.00028855183368113477},"AvNeVrKZy1FaEG9suboRXNPgmnMwomiU5EvkF6jGxGrX":{"apy":101.56003120869204,"weeklyFactor":0.0019221657437056333},"2SgUGxYDczrB6wUzXHPJH65pNhWkEzNMEx3km4xTYUTC":{"apy":11.105079187499411,"weeklyFactor":0.00028855183368113477},"C7BLPzc1vzLL3Tm5udXELnHDRXeXkdd5f1oMKP8rwUNv":{"apy":11.105079187499411,"weeklyFactor":0.00028855183368113477},"GmBMZ8BNeNR6mRFqu2ZaFvpxvGPXmc9Aa4a1GWFaxWMv":{"apy":11.105079187499411,"weeklyFactor":0.00028855183368113477},"FejEVPJBH5TEbgcpupNuRyiMRoeaCQwPvtVU6w3i2xRc":{"apy":18.213345614141364,"weeklyFactor":0.0004585182919585023},"5dX3tkVDmbHBWMCQMerAHTmd9wsRvmtKLoQt6qv9fHy7":{"apy":54.42580186966794,"weeklyFactor":0.0011912392315100288},"DzCbrMZXNG3XpXuufhBp233LJXvV8Xq1C3q4ksrtbCPP":{"apy":11.105079187499411,"weeklyFactor":0.00028855183368113477},"9bXJSJ3tGjkk8QVSykcGE6KnzdKznfjWP7YXicSRFTe8":{"apy":11.105079187499411,"weeklyFactor":0.00028855183368113477},"AXSXYioiHGFvQ1XF4zCvXjnVAcMY68WQ4RH5r5nAdah5":{"apy":11.105079187499411,"weeklyFactor":0.00028855183368113477},"2keDsfcMY6hLvfrmzDAfnMSudMqYczPVcb8MSkK59P9r":{"apy":11.105079187499411,"weeklyFactor":0.00028855183368113477},"EWZW9aJmY2LX6ZyV5RU8waHWKF1aGaxzbuBuRQp6G4j":{"apy":11.105079187499411,"weeklyFactor":0.00028855183368113477},"A5U2LbZhwc6GFZtYft6MtbGHFhYyZ1pzCRQkz7D2b2YS":{"apy":11.105079187499411,"weeklyFactor":0.00028855183368113477},"9fY5jLin2yYMK9Eee5diWzJRZqLaYgEUupUNsKVYAMhi":{"apy":11.105079187499411,"weeklyFactor":0.00028855183368113477},"B2Mq1fpJ2bZYxxtF4yz6nNvLJLaYzM3zQsHcs2oDqk3z":{"apy":11.105079187499411,"weeklyFactor":0.00028855183368113477},"6rvpVhL9fxm2WLMefNRaLwv6aNdivZadMi56teWfSkuU":{"apy":6.884396040645126e+158,"weeklyFactor":1.6896315044199313},"5yKHz86cvHocaQnxv4mPJjftA4w7BbJzQQr5rG9miyZ3":{"apy":11.105079187499411,"weeklyFactor":0.00028855183368113477},"BGz6pBLvc4nuGNsbXYoAE7z466kSjZaoXKJMnEkZWkyD":{"apy":11.105079187499411,"weeklyFactor":0.00028855183368113477}}