{"6W6iaKmdBNqyFrXmJqB5yrebr3KowYDs4F9Nide4ARYL":{"apy":0.12059264443975426,"weeklyFactor":0.000003301922983269804},"569xM2bZSTijhdB8u15G6e442PVq3PhcJUPFUZM9njvi":{"apy":0.12059264443975426,"weeklyFactor":0.000003301922983269804},"Di5eqFCEonm8ABWfZph4fermaFbtrU5Jj2mrYdkKM1pT":{"apy":0.12059264443975426,"weeklyFactor":0.000003301922983269804},"xQob6CJEuPD23kbMENHWGWT7ho4Anwx4dpH7pBbX6MY":{"apy":0.12059264443975426,"weeklyFactor":0.000003301922983269804},"7Pzoefg48HurAC8ewRfgJgJmvGSasMYi5zHgQ67cxGTS":{"apy":0.12059264443975426,"weeklyFactor":0.000003301922983269804},"HUmPDU5amyLXjpZJGwMf6YAa6W9LW2srJjcrSM3FXgUA":{"apy":0.12059264443975426,"weeklyFactor":0.000003301922983269804},"CqVgxaQprGDZkBnAFNxKnwgaB5929CT1nSFxYjgUJz4H":{"apy":0.12059264443975426,"weeklyFactor":0.000003301922983269804},"BZSp8EvV8XTfNrsyBXrF2xGB3L7SbHSwhmJ7RD74zmAH":{"apy":0.12059264443975426,"weeklyFactor":0.000003301922983269804},"FKh586sYqro7RsTYsr7Wwc6b95bdkWCLEDKRc8fmBruh":{"apy":0.12059264443975426,"weeklyFactor":0.000003301922983269804},"GAd62dWPW36cxUPndsPwB52x1xjeRcJMuZ2SNdZTMzDR":{"apy":0.12059264443975426,"weeklyFactor":0.000003301922983269804},"GGAtxXgYGP5YzxbhhnuYCwZJV24idnSp31XK81Lqu6vi":{"apy":12.241483775260487,"weeklyFactor":0.0003164403837788324},"2ShQGNv3YNqABBSEVGwSk9s1UCaDMGGehdbnjiJ1HmYn":{"apy":1.0511482427958889e+120,"weeklyFactor":1.1054601433100342},"AgUfgteJ5mGWeuKZeUTedwvvu8jLaWGiRE2matEMoHEG":{"apy":0.12059264443975426,"weeklyFactor":0.000003301922983269804},"51DNyWAJ7pa67DzkbHfipbZYW5hUSSRYsec5iHndtZ2W":{"apy":0.12059264443975426,"weeklyFactor":0.000003301922983269804},"71QzPrqM26vMDJdtanPqyNyQ7MzqVw3FqzUWTpdNxta2":{"apy":0.12059264443975426,"weeklyFactor":0.000003301922983269804},"EKYai7Zh1qPtRtkkYJcCvdEPo2fXj3bfuTGoNUSJ4Z1m":{"apy":0.12059264443975426,"weeklyFactor":0.000003301922983269804},"EGLDBGNDaC1pr3iznmGDUSVLmFE8DGR1LruUHTwCFhhy":{"apy":0.12059264443975426,"weeklyFactor":0.000003301922983269804},"GBEo8NoJAg5woWXXWXKT5xaWVUmxsqYgLkvyLkFDEgzY":{"apy":0.12059264443975426,"weeklyFactor":0.000003301922983269804},"6fJ7t3uvmosPqXY51Qcwdc126miSnTF2bt7xgG5fyPgX":{"apy":0.12059264443975426,"weeklyFactor":0.000003301922983269804},"6zPRRm2tjgUYPrnSboaxr2RvovB9y5vT9f4kYyzdbbri":{"apy":0.12059264443975426,"weeklyFactor":0.000003301922983269804},"7cRPNt4EMSwvmwSrm379JhyG7s49CuCbCfnARzGykkzx":{"apy":0.12059264443975426,"weeklyFactor":0.000003301922983269804},"8qhdhHUPxCqXDqhYiXDjjDnLAHctt7pEettHU6bTSXFB":{"apy":0.12059264443975426,"weeklyFactor":0.000003301922983269804},"FmV9BnyyAGqVWudkV2S4hq7TGkUfoa8ku6UhKK1UN9zn":{"apy":0.6743492426437125,"weeklyFactor":0.000018413475790663214},"5yjxDcJzH1yaKYA6AH7GEgxtC6rdqy2kSCifjMLcmh8b":{"apy":0.12059264443975426,"weeklyFactor":0.000003301922983269804},"7WxatmehVQjfXYMXoyFXnrRMCpDnMKcShFhNDXUioDpb":{"apy":0.12059264443975426,"weeklyFactor":0.000003301922983269804},"A4maCv1LM7rjpUzzM7JP4wg61VchwCovKiRqo3fbXSgF":{"apy":0.12059264443975426,"weeklyFactor":0.000003301922983269804},"6m8H4nKpm5fEQqKBaniRUYQfeaH7pjMkPPFiMnGXZEd8":{"apy":0.12059264443975426,"weeklyFactor":0.000003301922983269804},"6SXW9UNVdiUWJhw4RvfmovbkTEBeb8tvBzPHc8EeVWi":{"apy":0.12059264443975426,"weeklyFactor":0.000003301922983269804},"GYXWHy8iakBiffXh6NinMnxkuJkmNrMPry6zCPQdeaJ2":{"apy":0.12059264443975426,"weeklyFactor":0.000003301922983269804},"BbuK8MkcZSJxx7VtRXB8Up8CqeURv3FRHzdzavPyKr1H":{"apy":0.12059264443975426,"weeklyFactor":0.000003301922983269804},"BvPLZDd4cHfNeUy3F9tv8PQkJSWtwe5EyFpyTm81tQ9g":{"apy":0.12059264443975426,"weeklyFactor":0.000003301922983269804},"A7AwVVu1y1bzz86LQrLbVtgC43k7LES6Lesc8ao7MGFP":{"apy":0.12059264443975426,"weeklyFactor":0.000003301922983269804},"D8W6t585rTrYfhtQQTxozyG6w2oCLpBwLCy7rMsS1rNF":{"apy":0.12059264443975426,"weeklyFactor":0.000003301922983269804},"9z35ptatPpnzzfzCXB5k7aJ6jxg4Qyno5xXVMLC7oHAW":{"apy":0.12059264443975426,"weeklyFactor":0.000003301922983269804},"CrMFwYDc3j4d9f9dogyDTx97raJJpAupntzVXm2bL8hH":{"apy":0.12059264443975426,"weeklyFactor":0.000003301922983269804},"79RBFWfLKbJMNHzF6sqsAb7z9iXY1kyNFpuW6HJQQW4f":{"apy":0.12059264443975426,"weeklyFactor":0.000003301922983269804},"27j5twe2g8Vqr6bGyEjX4dSPKA3s1hu4N1nm9u3gRsmc":{"apy":0.12059264443975426,"weeklyFactor":0.000003301922983269804},"8cQaC9iDd9pGQYcZfK61zgMitBvsW7218WzG55JhonsZ":{"apy":0.12059264443975426,"weeklyFactor":0.000003301922983269804},"AG4harXetHAJLmKfQRTvW8uBBhjGDqbSvMQGTAhik4eE":{"apy":0.12059264443975426,"weeklyFactor":0.000003301922983269804},"9gGUAz4psCE2t3NFr8p64hgvXAcQGADtLmrNDTKMJPpC":{"apy":0.12059264443975426,"weeklyFactor":0.000003301922983269804},"84GSk7hjwaUwX5wxmvnHiTtSnffPYP7dnmoP6ZJ5TnSR":{"apy":0.12059264443975426,"weeklyFactor":0.000003301922983269804},"7w3qaYPMAnbHnyWKqDzHVZcTLfJaDXhB2JdDUkZXuMho":{"apy":0.12059264443975426,"weeklyFactor":0.000003301922983269804},"NvbSrT458e6LCeLq257rH73dZ7btcq1TPkQVsyL8ouT":{"apy":0.12059264443975426,"weeklyFactor":0.000003301922983269804},"45t3M59UDEkeADxyGq1tJxwoUPQ5kUxeuLsusYBFkBah":{"apy":0.12059264443975426,"weeklyFactor":0.000003301922983269804},"6Cr9rtgY4c7H6DZzaCTgVpeFK8TpdcuhZXeZ2wqPhCD3":{"apy":0.12059264443975426,"weeklyFactor":0.000003301922983269804},"HZwUnXYy27TUWQucuuSM8dYJxxCgUMgfDf83vZNz7CKe":{"apy":0.12059264443975426,"weeklyFactor":0.000003301922983269804},"4NkYxZtSpUzQc2oxktQoRYUSYC4awrtspuAGLq7Sx8A1":{"apy":0.12059264443975426,"weeklyFactor":0.000003301922983269804},"6nqWUFzjoJzuZ9FWF6iBjFwUpGX6mZrF25WaWsbwqekM":{"apy":0.12059264443975426,"weeklyFactor":0.000003301922983269804},"82g9tPxdE3UgLiSoA4KkV6S7hXKdN4RDjcbBiqTwWSWw":{"apy":0.12059264443975426,"weeklyFactor":0.000003301922983269804},"93b5xNohGF24cbbGn7pw4QUKGLcrXdBVGw8gRsxTNcUx":{"apy":0.12059264443975426,"weeklyFactor":0.000003301922983269804},"F8fj2myqZcw5CZy8yaNZDJXS2rzB7FL79maFBJM16WPu":{"apy":0.12059264443975426,"weeklyFactor":0.000003301922983269804},"CssW9uGzH22u9CUkft1xgqHgKCGCTrCL6Ma93wLY94dq":{"apy":0.12059264443975426,"weeklyFactor":0.000003301922983269804},"ApkrPbiWzEmkRj92g8tpzMNNXGkTogRNMQfESaUQAykv":{"apy":0.12059264443975426,"weeklyFactor":0.000003301922983269804},"DkFWVeEchx65Q9vymQjDjdfY472vV4JvkXompH5s4u6u":{"apy":0.12059264443975426,"weeklyFactor":0.000003301922983269804},"As83NX9BsHUx5RBuRWGWzByzXsSEoThVzcTpHrNkvUFt":{"apy":0.12059264443975426,"weeklyFactor":0.000003301922983269804},"Hb2freG61xfMgmH6CUJDiyjG5zbbfcp9a6TQ2SJvs2Ur":{"apy":0.12059264443975426,"weeklyFactor":0.000003301922983269804},"hLZNVV8EbeLCjkXCxfBePjAcuPSwCryWtiStoV7E4cU":{"apy":0.12059264443975426,"weeklyFactor":0.000003301922983269804},"bfSBHwyL6PNjpeQEyrjsnbo7TzGRttbymvN74Y9czN3":{"apy":0.12059264443975426,"weeklyFactor":0.000003301922983269804},"CC72FniNhUM41xSoA5h1idGxstrKXDqqhnYzfyBTSZDG":{"apy":62.55228333516776,"weeklyFactor":0.0013319259735048},"8krGUkrubzsymUFmy5ncJHiE5RwyDEWazvwfahii7UW1":{"apy":0.12059264443975426,"weeklyFactor":0.000003301922983269804},"91efQM48sjFp5YPLRPVVFwxoER2YiYzy9BfhPeAk8oNS":{"apy":0.12059264443975426,"weeklyFactor":0.000003301922983269804},"7SaJ5xEHTtWrFoJcNrNkJKb4pHJSDoMtzvcyHXJuhZRf":{"apy":0.12059264443975426,"weeklyFactor":0.000003301922983269804},"8PhY9FH6ZQT74nnBuxxoVs4nYk9NUWwguFfWrZHGiAwK":{"apy":0.12059264443975426,"weeklyFactor":0.000003301922983269804},"HbJhdrHeagEKTKLiajwXSvgETRs652U3vcMHpQS5y8qr":{"apy":0.12059264443975426,"weeklyFactor":0.000003301922983269804},"CHQ8Ti9L3z9aLfML1ULf78ZaGFwaTMA6GFcteBvMgmAG":{"apy":0.12059264443975426,"weeklyFactor":0.000003301922983269804},"3a3EdoS5MvDcw9K8GdAb2FD7A9cUK6TuAqboJX23DQNM":{"apy":0.12059264443975426,"weeklyFactor":0.000003301922983269804},"5Wc3GkVnPmfRMgumstAEtT1yWYR7nBeyjYEQonz91bpb":{"apy":0.12059264443975426,"weeklyFactor":0.000003301922983269804},"74nxLDML7sZeFjeqLteu89kGxC18ZRdsSHsMP9q5BALP":{"apy":36.379374422634925,"weeklyFactor":0.0008504171095509804},"Hb3evEtCB4ykLYYKFGkGgVuaCyrWFbXwe3jtkMSkq6Ve":{"apy":0.12059264443975426,"weeklyFactor":0.000003301922983269804},"Fb8rVemMjXE9r7FNK7DTmUdDhQDa3jFufkqrH2bsDYWX":{"apy":0.12059264443975426,"weeklyFactor":0.000003301922983269804},