{"AvNeVrKZy1FaEG9suboRXNPgmnMwomiU5EvkF6jGxGrX":{"apy":7.702860248748444,"weeklyFactor":0.00020332465499133155},"C7BLPzc1vzLL3Tm5udXELnHDRXeXkdd5f1oMKP8rwUNv":{"apy":0.0000073015002266529905,"weeklyFactor":2.0004108087006033e-10},"HYCzZYupXUyamfTQWNkULW1EFcNPCTA5urnEXCFXkLRh":{"apy":0.0000073015002266529905,"weeklyFactor":2.0004108087006033e-10},"FeKSMTD9Z22kdnMLeNWAfaTXydbhVixUPcfZDW3QS1X4":{"apy":0.0000073015002266529905,"weeklyFactor":2.0004108087006033e-10},"2SgUGxYDczrB6wUzXHPJH65pNhWkEzNMEx3km4xTYUTC":{"apy":0.0000073015002266529905,"weeklyFactor":2.0004108087006033e-10},"HbMbeaDH8xtB1a8WpwjNqcXBBGraKJjJ2xFkXEdAy1rY":{"apy":0.0000073015002266529905,"weeklyFactor":2.0004108087006033e-10},"7drJL7kEdJfgNzeaEYKDqTkfmiG2ain3nEPtGHDZc6i2":{"apy":0.0000073015002266529905,"weeklyFactor":2.0004108087006033e-10},"4FkGNJMvKFk9PFwn8TBtk1ShUKege6D5Au87ezwLWiqk":{"apy":7.119879220230119,"weeklyFactor":0.0001884516941756378},"2keDsfcMY6hLvfrmzDAfnMSudMqYczPVcb8MSkK59P9r":{"apy":0.0000073015002266529905,"weeklyFactor":2.0004108087006033e-10},"EWZW9aJmY2LX6ZyV5RU8waHWKF1aGaxzbuBuRQp6G4j":{"apy":0.0000073015002266529905,"weeklyFactor":2.0004108087006033e-10},"AXSXYioiHGFvQ1XF4zCvXjnVAcMY68WQ4RH5r5nAdah5":{"apy":0.0000073015002266529905,"weeklyFactor":2.0004108087006033e-10},"FejEVPJBH5TEbgcpupNuRyiMRoeaCQwPvtVU6w3i2xRc":{"apy":0.678172951238909,"weeklyFactor":0.000018517533164988713},"5dX3tkVDmbHBWMCQMerAHTmd9wsRvmtKLoQt6qv9fHy7":{"apy":52060.93223331579,"weeklyFactor":0.01729001494183969},"DzCbrMZXNG3XpXuufhBp233LJXvV8Xq1C3q4ksrtbCPP":{"apy":0.0000073015002266529905,"weeklyFactor":2.0004108087006033e-10},"9bXJSJ3tGjkk8QVSykcGE6KnzdKznfjWP7YXicSRFTe8":{"apy":0.0000073015002266529905,"weeklyFactor":2.0004108087006033e-10},"GmBMZ8BNeNR6mRFqu2ZaFvpxvGPXmc9Aa4a1GWFaxWMv":{"apy":0.0000073015002266529905,"weeklyFactor":2.0004108087006033e-10},"9fY5jLin2yYMK9Eee5diWzJRZqLaYgEUupUNsKVYAMhi":{"apy":6.751207644309298,"weeklyFactor":0.00017900445468416683},"A5U2LbZhwc6GFZtYft6MtbGHFhYyZ1pzCRQkz7D2b2YS":{"apy":0.0000073015002266529905,"weeklyFactor":2.0004108087006033e-10},"B2Mq1fpJ2bZYxxtF4yz6nNvLJLaYzM3zQsHcs2oDqk3z":{"apy":0.0000073015002266529905,"weeklyFactor":2.0004108087006033e-10},"5yKHz86cvHocaQnxv4mPJjftA4w7BbJzQQr5rG9miyZ3":{"apy":0.0000073015002266529905,"weeklyFactor":2.0004108087006033e-10},"6rvpVhL9fxm2WLMefNRaLwv6aNdivZadMi56teWfSkuU":{"apy":232444494264149.4,"weeklyFactor":0.08113599474723399},"BGz6pBLvc4nuGNsbXYoAE7z466kSjZaoXKJMnEkZWkyD":{"apy":0.0000073015002266529905,"weeklyFactor":2.0004108087006033e-10}}