{"HYCzZYupXUyamfTQWNkULW1EFcNPCTA5urnEXCFXkLRh":{"apy":0.01624750654110052,"weeklyFactor":4.4510110659329324e-7},"C7BLPzc1vzLL3Tm5udXELnHDRXeXkdd5f1oMKP8rwUNv":{"apy":0.01624750654110052,"weeklyFactor":4.4510110659329324e-7},"HbMbeaDH8xtB1a8WpwjNqcXBBGraKJjJ2xFkXEdAy1rY":{"apy":0.01624750654110052,"weeklyFactor":4.4510110659329324e-7},"4FkGNJMvKFk9PFwn8TBtk1ShUKege6D5Au87ezwLWiqk":{"apy":0.01624750654110052,"weeklyFactor":4.4510110659329324e-7},"7drJL7kEdJfgNzeaEYKDqTkfmiG2ain3nEPtGHDZc6i2":{"apy":0.01624750654110052,"weeklyFactor":4.4510110659329324e-7},"FeKSMTD9Z22kdnMLeNWAfaTXydbhVixUPcfZDW3QS1X4":{"apy":0.01624750654110052,"weeklyFactor":4.4510110659329324e-7},"AvNeVrKZy1FaEG9suboRXNPgmnMwomiU5EvkF6jGxGrX":{"apy":480.07826635623394,"weeklyFactor":0.00482803635744639},"2SgUGxYDczrB6wUzXHPJH65pNhWkEzNMEx3km4xTYUTC":{"apy":0.01624750654110052,"weeklyFactor":4.4510110659329324e-7},"9bXJSJ3tGjkk8QVSykcGE6KnzdKznfjWP7YXicSRFTe8":{"apy":0.01624750654110052,"weeklyFactor":4.4510110659329324e-7},"2keDsfcMY6hLvfrmzDAfnMSudMqYczPVcb8MSkK59P9r":{"apy":0.01624750654110052,"weeklyFactor":4.4510110659329324e-7},"AXSXYioiHGFvQ1XF4zCvXjnVAcMY68WQ4RH5r5nAdah5":{"apy":0.01624750654110052,"weeklyFactor":4.4510110659329324e-7},"5dX3tkVDmbHBWMCQMerAHTmd9wsRvmtKLoQt6qv9fHy7":{"apy":0.13513097908977034,"weeklyFactor":0.000003699726278119669},"DzCbrMZXNG3XpXuufhBp233LJXvV8Xq1C3q4ksrtbCPP":{"apy":0.01624750654110052,"weeklyFactor":4.4510110659329324e-7},"EWZW9aJmY2LX6ZyV5RU8waHWKF1aGaxzbuBuRQp6G4j":{"apy":0.01624750654110052,"weeklyFactor":4.4510110659329324e-7},"GmBMZ8BNeNR6mRFqu2ZaFvpxvGPXmc9Aa4a1GWFaxWMv":{"apy":0.01624750654110052,"weeklyFactor":4.4510110659329324e-7},"FejEVPJBH5TEbgcpupNuRyiMRoeaCQwPvtVU6w3i2xRc":{"apy":25.881921358278692,"weeklyFactor":0.000630812987108374},"9fY5jLin2yYMK9Eee5diWzJRZqLaYgEUupUNsKVYAMhi":{"apy":0.01624750654110052,"weeklyFactor":4.4510110659329324e-7},"A5U2LbZhwc6GFZtYft6MtbGHFhYyZ1pzCRQkz7D2b2YS":{"apy":0.01624750654110052,"weeklyFactor":4.4510110659329324e-7},"B2Mq1fpJ2bZYxxtF4yz6nNvLJLaYzM3zQsHcs2oDqk3z":{"apy":0.01624750654110052,"weeklyFactor":4.4510110659329324e-7},"5yKHz86cvHocaQnxv4mPJjftA4w7BbJzQQr5rG9miyZ3":{"apy":0.01624750654110052,"weeklyFactor":4.4510110659329324e-7},"6rvpVhL9fxm2WLMefNRaLwv6aNdivZadMi56teWfSkuU":{"apy":491173881.0186198,"weeklyFactor":0.04311490643916582},"BGz6pBLvc4nuGNsbXYoAE7z466kSjZaoXKJMnEkZWkyD":{"apy":0.01624750654110052,"weeklyFactor":4.4510110659329324e-7}}