{"AvNeVrKZy1FaEG9suboRXNPgmnMwomiU5EvkF6jGxGrX":{"apy":53.350461890479274,"weeklyFactor":0.0011720718648350827},"C7BLPzc1vzLL3Tm5udXELnHDRXeXkdd5f1oMKP8rwUNv":{"apy":3.6447241806122355,"weeklyFactor":0.00009808358047286197},"7drJL7kEdJfgNzeaEYKDqTkfmiG2ain3nEPtGHDZc6i2":{"apy":3.6447241806122355,"weeklyFactor":0.00009808358047286197},"2SgUGxYDczrB6wUzXHPJH65pNhWkEzNMEx3km4xTYUTC":{"apy":3.6447241806122355,"weeklyFactor":0.00009808358047286197},"HYCzZYupXUyamfTQWNkULW1EFcNPCTA5urnEXCFXkLRh":{"apy":3.6447241806122355,"weeklyFactor":0.00009808358047286197},"4FkGNJMvKFk9PFwn8TBtk1ShUKege6D5Au87ezwLWiqk":{"apy":3.6447241806122355,"weeklyFactor":0.00009808358047286197},"HbMbeaDH8xtB1a8WpwjNqcXBBGraKJjJ2xFkXEdAy1rY":{"apy":3.6447241806122355,"weeklyFactor":0.00009808358047286197},"FeKSMTD9Z22kdnMLeNWAfaTXydbhVixUPcfZDW3QS1X4":{"apy":3.6447241806122355,"weeklyFactor":0.00009808358047286197},"2keDsfcMY6hLvfrmzDAfnMSudMqYczPVcb8MSkK59P9r":{"apy":3.6447241806122355,"weeklyFactor":0.00009808358047286197},"5dX3tkVDmbHBWMCQMerAHTmd9wsRvmtKLoQt6qv9fHy7":{"apy":30.87469795985942,"weeklyFactor":0.0007374503454934437},"FejEVPJBH5TEbgcpupNuRyiMRoeaCQwPvtVU6w3i2xRc":{"apy":5.853274076566928,"weeklyFactor":0.00015585801418711016},"9bXJSJ3tGjkk8QVSykcGE6KnzdKznfjWP7YXicSRFTe8":{"apy":3.6447241806122355,"weeklyFactor":0.00009808358047286197},"GmBMZ8BNeNR6mRFqu2ZaFvpxvGPXmc9Aa4a1GWFaxWMv":{"apy":3.6447241806122355,"weeklyFactor":0.00009808358047286197},"EWZW9aJmY2LX6ZyV5RU8waHWKF1aGaxzbuBuRQp6G4j":{"apy":3.6447241806122355,"weeklyFactor":0.00009808358047286197},"AXSXYioiHGFvQ1XF4zCvXjnVAcMY68WQ4RH5r5nAdah5":{"apy":3.6447241806122355,"weeklyFactor":0.00009808358047286197},"DzCbrMZXNG3XpXuufhBp233LJXvV8Xq1C3q4ksrtbCPP":{"apy":3.6447241806122355,"weeklyFactor":0.00009808358047286197},"9fY5jLin2yYMK9Eee5diWzJRZqLaYgEUupUNsKVYAMhi":{"apy":3.6447241806122355,"weeklyFactor":0.00009808358047286197},"A5U2LbZhwc6GFZtYft6MtbGHFhYyZ1pzCRQkz7D2b2YS":{"apy":3.6447241806122355,"weeklyFactor":0.00009808358047286197},"B2Mq1fpJ2bZYxxtF4yz6nNvLJLaYzM3zQsHcs2oDqk3z":{"apy":3.6447241806122355,"weeklyFactor":0.00009808358047286197},"5yKHz86cvHocaQnxv4mPJjftA4w7BbJzQQr5rG9miyZ3":{"apy":3.6447241806122355,"weeklyFactor":0.00009808358047286197},"6rvpVhL9fxm2WLMefNRaLwv6aNdivZadMi56teWfSkuU":{"apy":7.98145296342702e+163,"weeklyFactor":1.7769454450702165},"BGz6pBLvc4nuGNsbXYoAE7z466kSjZaoXKJMnEkZWkyD":{"apy":3.6447241806122355,"weeklyFactor":0.00009808358047286197}}