{"4FkGNJMvKFk9PFwn8TBtk1ShUKege6D5Au87ezwLWiqk":{"apy":7.274036697202124,"weeklyFactor":0.0001923923820218734},"2SgUGxYDczrB6wUzXHPJH65pNhWkEzNMEx3km4xTYUTC":{"apy":0.000004598031178026929,"weeklyFactor":1.2597339203479018e-10},"HYCzZYupXUyamfTQWNkULW1EFcNPCTA5urnEXCFXkLRh":{"apy":0.000004598031178026929,"weeklyFactor":1.2597339203479018e-10},"HbMbeaDH8xtB1a8WpwjNqcXBBGraKJjJ2xFkXEdAy1rY":{"apy":0.000004598031178026929,"weeklyFactor":1.2597339203479018e-10},"7drJL7kEdJfgNzeaEYKDqTkfmiG2ain3nEPtGHDZc6i2":{"apy":0.000004598031178026929,"weeklyFactor":1.2597339203479018e-10},"C7BLPzc1vzLL3Tm5udXELnHDRXeXkdd5f1oMKP8rwUNv":{"apy":0.000004598031178026929,"weeklyFactor":1.2597339203479018e-10},"FeKSMTD9Z22kdnMLeNWAfaTXydbhVixUPcfZDW3QS1X4":{"apy":0.000004598031178026929,"weeklyFactor":1.2597339203479018e-10},"AvNeVrKZy1FaEG9suboRXNPgmnMwomiU5EvkF6jGxGrX":{"apy":10.449017432320474,"weeklyFactor":0.000272321587307959},"DzCbrMZXNG3XpXuufhBp233LJXvV8Xq1C3q4ksrtbCPP":{"apy":0.000004598031178026929,"weeklyFactor":1.2597339203479018e-10},"9bXJSJ3tGjkk8QVSykcGE6KnzdKznfjWP7YXicSRFTe8":{"apy":0.000004598031178026929,"weeklyFactor":1.2597339203479018e-10},"5dX3tkVDmbHBWMCQMerAHTmd9wsRvmtKLoQt6qv9fHy7":{"apy":28274.12934334162,"weeklyFactor":0.015594489410332448},"AXSXYioiHGFvQ1XF4zCvXjnVAcMY68WQ4RH5r5nAdah5":{"apy":0.000004598031178026929,"weeklyFactor":1.2597339203479018e-10},"FejEVPJBH5TEbgcpupNuRyiMRoeaCQwPvtVU6w3i2xRc":{"apy":12.657316287684228,"weeklyFactor":0.0003265750286846034},"EWZW9aJmY2LX6ZyV5RU8waHWKF1aGaxzbuBuRQp6G4j":{"apy":0.000004598031178026929,"weeklyFactor":1.2597339203479018e-10},"2keDsfcMY6hLvfrmzDAfnMSudMqYczPVcb8MSkK59P9r":{"apy":0.000004598031178026929,"weeklyFactor":1.2597339203479018e-10},"GmBMZ8BNeNR6mRFqu2ZaFvpxvGPXmc9Aa4a1GWFaxWMv":{"apy":0.000004598031178026929,"weeklyFactor":1.2597339203479018e-10},"A5U2LbZhwc6GFZtYft6MtbGHFhYyZ1pzCRQkz7D2b2YS":{"apy":0.000004598031178026929,"weeklyFactor":1.2597339203479018e-10},"9fY5jLin2yYMK9Eee5diWzJRZqLaYgEUupUNsKVYAMhi":{"apy":23.42036456370551,"weeklyFactor":0.0005766756402025758},"B2Mq1fpJ2bZYxxtF4yz6nNvLJLaYzM3zQsHcs2oDqk3z":{"apy":0.000004598031178026929,"weeklyFactor":1.2597339203479018e-10},"5yKHz86cvHocaQnxv4mPJjftA4w7BbJzQQr5rG9miyZ3":{"apy":0.000004598031178026929,"weeklyFactor":1.2597339203479018e-10},"6rvpVhL9fxm2WLMefNRaLwv6aNdivZadMi56teWfSkuU":{"apy":410942113469374.1,"weeklyFactor":0.08282507243439889},"BGz6pBLvc4nuGNsbXYoAE7z466kSjZaoXKJMnEkZWkyD":{"apy":0.000004598031178026929,"weeklyFactor":1.2597339203479018e-10}}