{"2SgUGxYDczrB6wUzXHPJH65pNhWkEzNMEx3km4xTYUTC":{"apy":613.406273775741,"weeklyFactor":0.005397750937109537},"HbMbeaDH8xtB1a8WpwjNqcXBBGraKJjJ2xFkXEdAy1rY":{"apy":613.406273775741,"weeklyFactor":0.005397750937109537},"4FkGNJMvKFk9PFwn8TBtk1ShUKege6D5Au87ezwLWiqk":{"apy":613.406273775741,"weeklyFactor":0.005397750937109537},"FeKSMTD9Z22kdnMLeNWAfaTXydbhVixUPcfZDW3QS1X4":{"apy":613.406273775741,"weeklyFactor":0.005397750937109537},"AvNeVrKZy1FaEG9suboRXNPgmnMwomiU5EvkF6jGxGrX":{"apy":2844.8167838793183,"weeklyFactor":0.009310560194349242},"HYCzZYupXUyamfTQWNkULW1EFcNPCTA5urnEXCFXkLRh":{"apy":613.406273775741,"weeklyFactor":0.005397750937109537},"7drJL7kEdJfgNzeaEYKDqTkfmiG2ain3nEPtGHDZc6i2":{"apy":613.406273775741,"weeklyFactor":0.005397750937109537},"C7BLPzc1vzLL3Tm5udXELnHDRXeXkdd5f1oMKP8rwUNv":{"apy":613.406273775741,"weeklyFactor":0.005397750937109537},"FejEVPJBH5TEbgcpupNuRyiMRoeaCQwPvtVU6w3i2xRc":{"apy":1083.8195211580955,"weeklyFactor":0.006793743859508414},"GmBMZ8BNeNR6mRFqu2ZaFvpxvGPXmc9Aa4a1GWFaxWMv":{"apy":613.406273775741,"weeklyFactor":0.005397750937109537},"9bXJSJ3tGjkk8QVSykcGE6KnzdKznfjWP7YXicSRFTe8":{"apy":613.406273775741,"weeklyFactor":0.005397750937109537},"AXSXYioiHGFvQ1XF4zCvXjnVAcMY68WQ4RH5r5nAdah5":{"apy":613.406273775741,"weeklyFactor":0.005397750937109537},"EWZW9aJmY2LX6ZyV5RU8waHWKF1aGaxzbuBuRQp6G4j":{"apy":613.406273775741,"weeklyFactor":0.005397750937109537},"2keDsfcMY6hLvfrmzDAfnMSudMqYczPVcb8MSkK59P9r":{"apy":613.406273775741,"weeklyFactor":0.005397750937109537},"5dX3tkVDmbHBWMCQMerAHTmd9wsRvmtKLoQt6qv9fHy7":{"apy":909.8989091046118,"weeklyFactor":0.006355550601360336},"DzCbrMZXNG3XpXuufhBp233LJXvV8Xq1C3q4ksrtbCPP":{"apy":613.406273775741,"weeklyFactor":0.005397750937109537},"9fY5jLin2yYMK9Eee5diWzJRZqLaYgEUupUNsKVYAMhi":{"apy":613.406273775741,"weeklyFactor":0.005397750937109537},"A5U2LbZhwc6GFZtYft6MtbGHFhYyZ1pzCRQkz7D2b2YS":{"apy":613.406273775741,"weeklyFactor":0.005397750937109537},"B2Mq1fpJ2bZYxxtF4yz6nNvLJLaYzM3zQsHcs2oDqk3z":{"apy":613.406273775741,"weeklyFactor":0.005397750937109537},"5yKHz86cvHocaQnxv4mPJjftA4w7BbJzQQr5rG9miyZ3":{"apy":613.406273775741,"weeklyFactor":0.005397750937109537},"6rvpVhL9fxm2WLMefNRaLwv6aNdivZadMi56teWfSkuU":{"apy":613.406273775741,"weeklyFactor":0.005397750937109537},"BGz6pBLvc4nuGNsbXYoAE7z466kSjZaoXKJMnEkZWkyD":{"apy":613.406273775741,"weeklyFactor":0.005397750937109537}}