{"FeKSMTD9Z22kdnMLeNWAfaTXydbhVixUPcfZDW3QS1X4":{"apy":1.2243329847947848,"weeklyFactor":0.00003334024475133792},"C7BLPzc1vzLL3Tm5udXELnHDRXeXkdd5f1oMKP8rwUNv":{"apy":1.2243329847947848,"weeklyFactor":0.00003334024475133792},"2SgUGxYDczrB6wUzXHPJH65pNhWkEzNMEx3km4xTYUTC":{"apy":1.2243329847947848,"weeklyFactor":0.00003334024475133792},"HYCzZYupXUyamfTQWNkULW1EFcNPCTA5urnEXCFXkLRh":{"apy":1.2243329847947848,"weeklyFactor":0.00003334024475133792},"AvNeVrKZy1FaEG9suboRXNPgmnMwomiU5EvkF6jGxGrX":{"apy":26801.55769470212,"weeklyFactor":0.015446213424315566},"7drJL7kEdJfgNzeaEYKDqTkfmiG2ain3nEPtGHDZc6i2":{"apy":1.2243329847947848,"weeklyFactor":0.00003334024475133792},"HbMbeaDH8xtB1a8WpwjNqcXBBGraKJjJ2xFkXEdAy1rY":{"apy":1.2243329847947848,"weeklyFactor":0.00003334024475133792},"4FkGNJMvKFk9PFwn8TBtk1ShUKege6D5Au87ezwLWiqk":{"apy":1.2243329847947848,"weeklyFactor":0.00003334024475133792},"9bXJSJ3tGjkk8QVSykcGE6KnzdKznfjWP7YXicSRFTe8":{"apy":1.2243329847947848,"weeklyFactor":0.00003334024475133792},"EWZW9aJmY2LX6ZyV5RU8waHWKF1aGaxzbuBuRQp6G4j":{"apy":1.2243329847947848,"weeklyFactor":0.00003334024475133792},"FejEVPJBH5TEbgcpupNuRyiMRoeaCQwPvtVU6w3i2xRc":{"apy":98.07526776495452,"weeklyFactor":0.001874293783735926},"GmBMZ8BNeNR6mRFqu2ZaFvpxvGPXmc9Aa4a1GWFaxWMv":{"apy":1.2243329847947848,"weeklyFactor":0.00003334024475133792},"AXSXYioiHGFvQ1XF4zCvXjnVAcMY68WQ4RH5r5nAdah5":{"apy":1.2243329847947848,"weeklyFactor":0.00003334024475133792},"DzCbrMZXNG3XpXuufhBp233LJXvV8Xq1C3q4ksrtbCPP":{"apy":1.2243329847947848,"weeklyFactor":0.00003334024475133792},"2keDsfcMY6hLvfrmzDAfnMSudMqYczPVcb8MSkK59P9r":{"apy":1.2243329847947848,"weeklyFactor":0.00003334024475133792},"5dX3tkVDmbHBWMCQMerAHTmd9wsRvmtKLoQt6qv9fHy7":{"apy":10.64288125805961,"weeklyFactor":0.00027712755101769686},"A5U2LbZhwc6GFZtYft6MtbGHFhYyZ1pzCRQkz7D2b2YS":{"apy":1.2243329847947848,"weeklyFactor":0.00003334024475133792},"9fY5jLin2yYMK9Eee5diWzJRZqLaYgEUupUNsKVYAMhi":{"apy":1.2243329847947848,"weeklyFactor":0.00003334024475133792},"B2Mq1fpJ2bZYxxtF4yz6nNvLJLaYzM3zQsHcs2oDqk3z":{"apy":1.2243329847947848,"weeklyFactor":0.00003334024475133792},"5yKHz86cvHocaQnxv4mPJjftA4w7BbJzQQr5rG9miyZ3":{"apy":1.2243329847947848,"weeklyFactor":0.00003334024475133792},"6rvpVhL9fxm2WLMefNRaLwv6aNdivZadMi56teWfSkuU":{"apy":1.5487176059526083e+89,"weeklyFactor":0.7333115711253557},"BGz6pBLvc4nuGNsbXYoAE7z466kSjZaoXKJMnEkZWkyD":{"apy":1.2243329847947848,"weeklyFactor":0.00003334024475133792}}