{"HYCzZYupXUyamfTQWNkULW1EFcNPCTA5urnEXCFXkLRh":{"apy":324.0223386279406,"weeklyFactor":0.00396569456603966},"C7BLPzc1vzLL3Tm5udXELnHDRXeXkdd5f1oMKP8rwUNv":{"apy":324.0223386279406,"weeklyFactor":0.00396569456603966},"2SgUGxYDczrB6wUzXHPJH65pNhWkEzNMEx3km4xTYUTC":{"apy":324.0223386279406,"weeklyFactor":0.00396569456603966},"FeKSMTD9Z22kdnMLeNWAfaTXydbhVixUPcfZDW3QS1X4":{"apy":324.0223386279406,"weeklyFactor":0.00396569456603966},"4FkGNJMvKFk9PFwn8TBtk1ShUKege6D5Au87ezwLWiqk":{"apy":324.0223386279406,"weeklyFactor":0.00396569456603966},"HbMbeaDH8xtB1a8WpwjNqcXBBGraKJjJ2xFkXEdAy1rY":{"apy":324.0223386279406,"weeklyFactor":0.00396569456603966},"AvNeVrKZy1FaEG9suboRXNPgmnMwomiU5EvkF6jGxGrX":{"apy":3069.596054217656,"weeklyFactor":0.009513984558608104},"7drJL7kEdJfgNzeaEYKDqTkfmiG2ain3nEPtGHDZc6i2":{"apy":324.0223386279406,"weeklyFactor":0.00396569456603966},"2keDsfcMY6hLvfrmzDAfnMSudMqYczPVcb8MSkK59P9r":{"apy":324.0223386279406,"weeklyFactor":0.00396569456603966},"EWZW9aJmY2LX6ZyV5RU8waHWKF1aGaxzbuBuRQp6G4j":{"apy":324.0223386279406,"weeklyFactor":0.00396569456603966},"DzCbrMZXNG3XpXuufhBp233LJXvV8Xq1C3q4ksrtbCPP":{"apy":324.0223386279406,"weeklyFactor":0.00396569456603966},"9bXJSJ3tGjkk8QVSykcGE6KnzdKznfjWP7YXicSRFTe8":{"apy":324.0223386279406,"weeklyFactor":0.00396569456603966},"AXSXYioiHGFvQ1XF4zCvXjnVAcMY68WQ4RH5r5nAdah5":{"apy":324.0223386279406,"weeklyFactor":0.00396569456603966},"5dX3tkVDmbHBWMCQMerAHTmd9wsRvmtKLoQt6qv9fHy7":{"apy":628.5147791711378,"weeklyFactor":0.0054554785266956495},"FejEVPJBH5TEbgcpupNuRyiMRoeaCQwPvtVU6w3i2xRc":{"apy":724.3775859780856,"weeklyFactor":0.0057960708803782585},"GmBMZ8BNeNR6mRFqu2ZaFvpxvGPXmc9Aa4a1GWFaxWMv":{"apy":324.0223386279406,"weeklyFactor":0.00396569456603966},"9fY5jLin2yYMK9Eee5diWzJRZqLaYgEUupUNsKVYAMhi":{"apy":324.0223386279406,"weeklyFactor":0.00396569456603966},"A5U2LbZhwc6GFZtYft6MtbGHFhYyZ1pzCRQkz7D2b2YS":{"apy":324.0223386279406,"weeklyFactor":0.00396569456603966},"B2Mq1fpJ2bZYxxtF4yz6nNvLJLaYzM3zQsHcs2oDqk3z":{"apy":324.0223386279406,"weeklyFactor":0.00396569456603966},"5yKHz86cvHocaQnxv4mPJjftA4w7BbJzQQr5rG9miyZ3":{"apy":324.0223386279406,"weeklyFactor":0.00396569456603966},"6rvpVhL9fxm2WLMefNRaLwv6aNdivZadMi56teWfSkuU":{"apy":324.0223386279406,"weeklyFactor":0.00396569456603966},"BGz6pBLvc4nuGNsbXYoAE7z466kSjZaoXKJMnEkZWkyD":{"apy":324.0223386279406,"weeklyFactor":0.00396569456603966}}