{"HYCzZYupXUyamfTQWNkULW1EFcNPCTA5urnEXCFXkLRh":{"apy":3.1160491628149156,"weeklyFactor":0.00008407164040531027},"2SgUGxYDczrB6wUzXHPJH65pNhWkEzNMEx3km4xTYUTC":{"apy":3.1160491628149156,"weeklyFactor":0.00008407164040531027},"FeKSMTD9Z22kdnMLeNWAfaTXydbhVixUPcfZDW3QS1X4":{"apy":3.1160491628149156,"weeklyFactor":0.00008407164040531027},"HbMbeaDH8xtB1a8WpwjNqcXBBGraKJjJ2xFkXEdAy1rY":{"apy":3.1160491628149156,"weeklyFactor":0.00008407164040531027},"AvNeVrKZy1FaEG9suboRXNPgmnMwomiU5EvkF6jGxGrX":{"apy":326.45508862297845,"weeklyFactor":0.003981430599900941},"C7BLPzc1vzLL3Tm5udXELnHDRXeXkdd5f1oMKP8rwUNv":{"apy":3.1160491628149156,"weeklyFactor":0.00008407164040531027},"7drJL7kEdJfgNzeaEYKDqTkfmiG2ain3nEPtGHDZc6i2":{"apy":3.1160491628149156,"weeklyFactor":0.00008407164040531027},"4FkGNJMvKFk9PFwn8TBtk1ShUKege6D5Au87ezwLWiqk":{"apy":3.1160491628149156,"weeklyFactor":0.00008407164040531027},"FejEVPJBH5TEbgcpupNuRyiMRoeaCQwPvtVU6w3i2xRc":{"apy":4.996626620181255,"weeklyFactor":0.00013359258358895156},"AXSXYioiHGFvQ1XF4zCvXjnVAcMY68WQ4RH5r5nAdah5":{"apy":3.1160491628149156,"weeklyFactor":0.00008407164040531027},"9bXJSJ3tGjkk8QVSykcGE6KnzdKznfjWP7YXicSRFTe8":{"apy":3.1160491628149156,"weeklyFactor":0.00008407164040531027},"2keDsfcMY6hLvfrmzDAfnMSudMqYczPVcb8MSkK59P9r":{"apy":3.1160491628149156,"weeklyFactor":0.00008407164040531027},"DzCbrMZXNG3XpXuufhBp233LJXvV8Xq1C3q4ksrtbCPP":{"apy":3.1160491628149156,"weeklyFactor":0.00008407164040531027},"5dX3tkVDmbHBWMCQMerAHTmd9wsRvmtKLoQt6qv9fHy7":{"apy":28.515917169889793,"weeklyFactor":0.0006875858122540474},"GmBMZ8BNeNR6mRFqu2ZaFvpxvGPXmc9Aa4a1GWFaxWMv":{"apy":3.1160491628149156,"weeklyFactor":0.00008407164040531027},"EWZW9aJmY2LX6ZyV5RU8waHWKF1aGaxzbuBuRQp6G4j":{"apy":3.1160491628149156,"weeklyFactor":0.00008407164040531027},"9fY5jLin2yYMK9Eee5diWzJRZqLaYgEUupUNsKVYAMhi":{"apy":3.1160491628149156,"weeklyFactor":0.00008407164040531027},"A5U2LbZhwc6GFZtYft6MtbGHFhYyZ1pzCRQkz7D2b2YS":{"apy":3.1160491628149156,"weeklyFactor":0.00008407164040531027},"B2Mq1fpJ2bZYxxtF4yz6nNvLJLaYzM3zQsHcs2oDqk3z":{"apy":3.1160491628149156,"weeklyFactor":0.00008407164040531027},"6rvpVhL9fxm2WLMefNRaLwv6aNdivZadMi56teWfSkuU":{"apy":2.8460179713165866e+150,"weeklyFactor":1.5510791820608385},"5yKHz86cvHocaQnxv4mPJjftA4w7BbJzQQr5rG9miyZ3":{"apy":3.1160491628149156,"weeklyFactor":0.00008407164040531027},"BGz6pBLvc4nuGNsbXYoAE7z466kSjZaoXKJMnEkZWkyD":{"apy":3.1160491628149156,"weeklyFactor":0.00008407164040531027}}