{"HbMbeaDH8xtB1a8WpwjNqcXBBGraKJjJ2xFkXEdAy1rY":{"apy":0.05577590316871994,"weeklyFactor":0.0000015276821037606942},"C7BLPzc1vzLL3Tm5udXELnHDRXeXkdd5f1oMKP8rwUNv":{"apy":0.05577590316871994,"weeklyFactor":0.0000015276821037606942},"7drJL7kEdJfgNzeaEYKDqTkfmiG2ain3nEPtGHDZc6i2":{"apy":0.05577590316871994,"weeklyFactor":0.0000015276821037606942},"4FkGNJMvKFk9PFwn8TBtk1ShUKege6D5Au87ezwLWiqk":{"apy":0.05577590316871994,"weeklyFactor":0.0000015276821037606942},"HYCzZYupXUyamfTQWNkULW1EFcNPCTA5urnEXCFXkLRh":{"apy":0.05577590316871994,"weeklyFactor":0.0000015276821037606942},"2SgUGxYDczrB6wUzXHPJH65pNhWkEzNMEx3km4xTYUTC":{"apy":0.05577590316871994,"weeklyFactor":0.0000015276821037606942},"FeKSMTD9Z22kdnMLeNWAfaTXydbhVixUPcfZDW3QS1X4":{"apy":0.05577590316871994,"weeklyFactor":0.0000015276821037606942},"AvNeVrKZy1FaEG9suboRXNPgmnMwomiU5EvkF6jGxGrX":{"apy":20603.936133066112,"weeklyFactor":0.014717967538117419},"2keDsfcMY6hLvfrmzDAfnMSudMqYczPVcb8MSkK59P9r":{"apy":0.05577590316871994,"weeklyFactor":0.0000015276821037606942},"5dX3tkVDmbHBWMCQMerAHTmd9wsRvmtKLoQt6qv9fHy7":{"apy":0.46455896787098716,"weeklyFactor":0.000012698251116821074},"DzCbrMZXNG3XpXuufhBp233LJXvV8Xq1C3q4ksrtbCPP":{"apy":0.05577590316871994,"weeklyFactor":0.0000015276821037606942},"GmBMZ8BNeNR6mRFqu2ZaFvpxvGPXmc9Aa4a1GWFaxWMv":{"apy":0.05577590316871994,"weeklyFactor":0.0000015276821037606942},"FejEVPJBH5TEbgcpupNuRyiMRoeaCQwPvtVU6w3i2xRc":{"apy":120.20786544631599,"weeklyFactor":0.0021650849592379103},"9bXJSJ3tGjkk8QVSykcGE6KnzdKznfjWP7YXicSRFTe8":{"apy":0.05577590316871994,"weeklyFactor":0.0000015276821037606942},"AXSXYioiHGFvQ1XF4zCvXjnVAcMY68WQ4RH5r5nAdah5":{"apy":0.05577590316871994,"weeklyFactor":0.0000015276821037606942},"EWZW9aJmY2LX6ZyV5RU8waHWKF1aGaxzbuBuRQp6G4j":{"apy":0.05577590316871994,"weeklyFactor":0.0000015276821037606942},"9fY5jLin2yYMK9Eee5diWzJRZqLaYgEUupUNsKVYAMhi":{"apy":0.05577590316871994,"weeklyFactor":0.0000015276821037606942},"A5U2LbZhwc6GFZtYft6MtbGHFhYyZ1pzCRQkz7D2b2YS":{"apy":0.05577590316871994,"weeklyFactor":0.0000015276821037606942},"B2Mq1fpJ2bZYxxtF4yz6nNvLJLaYzM3zQsHcs2oDqk3z":{"apy":0.05577590316871994,"weeklyFactor":0.0000015276821037606942},"5yKHz86cvHocaQnxv4mPJjftA4w7BbJzQQr5rG9miyZ3":{"apy":0.05577590316871994,"weeklyFactor":0.0000015276821037606942},"6rvpVhL9fxm2WLMefNRaLwv6aNdivZadMi56teWfSkuU":{"apy":7.515680400974178e+23,"weeklyFactor":0.14797957137548678},"BGz6pBLvc4nuGNsbXYoAE7z466kSjZaoXKJMnEkZWkyD":{"apy":0.05577590316871994,"weeklyFactor":0.0000015276821037606942}}