{"HYCzZYupXUyamfTQWNkULW1EFcNPCTA5urnEXCFXkLRh":{"apy":0.006442949877771831,"weeklyFactor":1.7651350397552624e-7},"7drJL7kEdJfgNzeaEYKDqTkfmiG2ain3nEPtGHDZc6i2":{"apy":0.006442949877771831,"weeklyFactor":1.7651350397552624e-7},"2SgUGxYDczrB6wUzXHPJH65pNhWkEzNMEx3km4xTYUTC":{"apy":0.006442949877771831,"weeklyFactor":1.7651350397552624e-7},"C7BLPzc1vzLL3Tm5udXELnHDRXeXkdd5f1oMKP8rwUNv":{"apy":0.006442949877771831,"weeklyFactor":1.7651350397552624e-7},"AvNeVrKZy1FaEG9suboRXNPgmnMwomiU5EvkF6jGxGrX":{"apy":138.22881503104787,"weeklyFactor":0.0023810807837838757},"4FkGNJMvKFk9PFwn8TBtk1ShUKege6D5Au87ezwLWiqk":{"apy":0.006442949877771831,"weeklyFactor":1.7651350397552624e-7},"FeKSMTD9Z22kdnMLeNWAfaTXydbhVixUPcfZDW3QS1X4":{"apy":0.006442949877771831,"weeklyFactor":1.7651350397552624e-7},"HbMbeaDH8xtB1a8WpwjNqcXBBGraKJjJ2xFkXEdAy1rY":{"apy":0.006442949877771831,"weeklyFactor":1.7651350397552624e-7},"9bXJSJ3tGjkk8QVSykcGE6KnzdKznfjWP7YXicSRFTe8":{"apy":0.006442949877771831,"weeklyFactor":1.7651350397552624e-7},"2keDsfcMY6hLvfrmzDAfnMSudMqYczPVcb8MSkK59P9r":{"apy":0.006442949877771831,"weeklyFactor":1.7651350397552624e-7},"EWZW9aJmY2LX6ZyV5RU8waHWKF1aGaxzbuBuRQp6G4j":{"apy":0.006442949877771831,"weeklyFactor":1.7651350397552624e-7},"FejEVPJBH5TEbgcpupNuRyiMRoeaCQwPvtVU6w3i2xRc":{"apy":9.559479286677043,"weeklyFactor":0.0002501611635162925},"GmBMZ8BNeNR6mRFqu2ZaFvpxvGPXmc9Aa4a1GWFaxWMv":{"apy":0.006442949877771831,"weeklyFactor":1.7651350397552624e-7},"5dX3tkVDmbHBWMCQMerAHTmd9wsRvmtKLoQt6qv9fHy7":{"apy":0.05356704578078908,"weeklyFactor":0.0000014671984396973305},"DzCbrMZXNG3XpXuufhBp233LJXvV8Xq1C3q4ksrtbCPP":{"apy":0.006442949877771831,"weeklyFactor":1.7651350397552624e-7},"AXSXYioiHGFvQ1XF4zCvXjnVAcMY68WQ4RH5r5nAdah5":{"apy":0.006442949877771831,"weeklyFactor":1.7651350397552624e-7},"9fY5jLin2yYMK9Eee5diWzJRZqLaYgEUupUNsKVYAMhi":{"apy":0.006442949877771831,"weeklyFactor":1.7651350397552624e-7},"A5U2LbZhwc6GFZtYft6MtbGHFhYyZ1pzCRQkz7D2b2YS":{"apy":0.006442949877771831,"weeklyFactor":1.7651350397552624e-7},"B2Mq1fpJ2bZYxxtF4yz6nNvLJLaYzM3zQsHcs2oDqk3z":{"apy":0.006442949877771831,"weeklyFactor":1.7651350397552624e-7},"6rvpVhL9fxm2WLMefNRaLwv6aNdivZadMi56teWfSkuU":{"apy":48588.98191723492,"weeklyFactor":0.017098055018110826},"5yKHz86cvHocaQnxv4mPJjftA4w7BbJzQQr5rG9miyZ3":{"apy":0.006442949877771831,"weeklyFactor":1.7651350397552624e-7},"BGz6pBLvc4nuGNsbXYoAE7z466kSjZaoXKJMnEkZWkyD":{"apy":0.006442949877771831,"weeklyFactor":1.7651350397552624e-7}}