{"4FkGNJMvKFk9PFwn8TBtk1ShUKege6D5Au87ezwLWiqk":{"apy":7.2303160600873495,"weeklyFactor":0.00019127533664813732},"7drJL7kEdJfgNzeaEYKDqTkfmiG2ain3nEPtGHDZc6i2":{"apy":0.000005364364308313441,"weeklyFactor":1.4696895737392187e-10},"HYCzZYupXUyamfTQWNkULW1EFcNPCTA5urnEXCFXkLRh":{"apy":0.000005364364308313441,"weeklyFactor":1.4696895737392187e-10},"2SgUGxYDczrB6wUzXHPJH65pNhWkEzNMEx3km4xTYUTC":{"apy":0.000005364364308313441,"weeklyFactor":1.4696895737392187e-10},"AvNeVrKZy1FaEG9suboRXNPgmnMwomiU5EvkF6jGxGrX":{"apy":9.663563988001144,"weeklyFactor":0.00025276340176938743},"HbMbeaDH8xtB1a8WpwjNqcXBBGraKJjJ2xFkXEdAy1rY":{"apy":0.000005364364308313441,"weeklyFactor":1.4696895737392187e-10},"C7BLPzc1vzLL3Tm5udXELnHDRXeXkdd5f1oMKP8rwUNv":{"apy":0.000005364364308313441,"weeklyFactor":1.4696895737392187e-10},"FeKSMTD9Z22kdnMLeNWAfaTXydbhVixUPcfZDW3QS1X4":{"apy":0.000005364364308313441,"weeklyFactor":1.4696895737392187e-10},"DzCbrMZXNG3XpXuufhBp233LJXvV8Xq1C3q4ksrtbCPP":{"apy":0.000005364364308313441,"weeklyFactor":1.4696895737392187e-10},"GmBMZ8BNeNR6mRFqu2ZaFvpxvGPXmc9Aa4a1GWFaxWMv":{"apy":0.000005364364308313441,"weeklyFactor":1.4696895737392187e-10},"5dX3tkVDmbHBWMCQMerAHTmd9wsRvmtKLoQt6qv9fHy7":{"apy":36278.919671435164,"weeklyFactor":0.01628619636185888},"9bXJSJ3tGjkk8QVSykcGE6KnzdKznfjWP7YXicSRFTe8":{"apy":0.000005364364308313441,"weeklyFactor":1.4696895737392187e-10},"2keDsfcMY6hLvfrmzDAfnMSudMqYczPVcb8MSkK59P9r":{"apy":0.000005364364308313441,"weeklyFactor":1.4696895737392187e-10},"AXSXYioiHGFvQ1XF4zCvXjnVAcMY68WQ4RH5r5nAdah5":{"apy":0.000005364364308313441,"weeklyFactor":1.4696895737392187e-10},"EWZW9aJmY2LX6ZyV5RU8waHWKF1aGaxzbuBuRQp6G4j":{"apy":0.000005364364308313441,"weeklyFactor":1.4696895737392187e-10},"FejEVPJBH5TEbgcpupNuRyiMRoeaCQwPvtVU6w3i2xRc":{"apy":1.7476331878002904,"weeklyFactor":0.00004746791289591516},"A5U2LbZhwc6GFZtYft6MtbGHFhYyZ1pzCRQkz7D2b2YS":{"apy":0.000005364364308313441,"weeklyFactor":1.4696895737392187e-10},"9fY5jLin2yYMK9Eee5diWzJRZqLaYgEUupUNsKVYAMhi":{"apy":18.447834300066535,"weeklyFactor":0.0004639499498194048},"B2Mq1fpJ2bZYxxtF4yz6nNvLJLaYzM3zQsHcs2oDqk3z":{"apy":0.000005364364308313441,"weeklyFactor":1.4696895737392187e-10},"6rvpVhL9fxm2WLMefNRaLwv6aNdivZadMi56teWfSkuU":{"apy":349682049538812.4,"weeklyFactor":0.08234627875929704},"5yKHz86cvHocaQnxv4mPJjftA4w7BbJzQQr5rG9miyZ3":{"apy":0.000005364364308313441,"weeklyFactor":1.4696895737392187e-10},"BGz6pBLvc4nuGNsbXYoAE7z466kSjZaoXKJMnEkZWkyD":{"apy":0.000005364364308313441,"weeklyFactor":1.4696895737392187e-10}}