{"CrMFwYDc3j4d9f9dogyDTx97raJJpAupntzVXm2bL8hH":{"apy":2.6650401568286464,"weeklyFactor":0.00007206140606169451},"7cRPNt4EMSwvmwSrm379JhyG7s49CuCbCfnARzGykkzx":{"apy":2.6650401568286464,"weeklyFactor":0.00007206140606169451},"AG4harXetHAJLmKfQRTvW8uBBhjGDqbSvMQGTAhik4eE":{"apy":2.6650401568286464,"weeklyFactor":0.00007206140606169451},"71QzPrqM26vMDJdtanPqyNyQ7MzqVw3FqzUWTpdNxta2":{"apy":2.6650401568286464,"weeklyFactor":0.00007206140606169451},"6SXW9UNVdiUWJhw4RvfmovbkTEBeb8tvBzPHc8EeVWi":{"apy":2.6650401568286464,"weeklyFactor":0.00007206140606169451},"9gGUAz4psCE2t3NFr8p64hgvXAcQGADtLmrNDTKMJPpC":{"apy":2.6650401568286464,"weeklyFactor":0.00007206140606169451},"7Pzoefg48HurAC8ewRfgJgJmvGSasMYi5zHgQ67cxGTS":{"apy":2.6650401568286464,"weeklyFactor":0.00007206140606169451},"AgUfgteJ5mGWeuKZeUTedwvvu8jLaWGiRE2matEMoHEG":{"apy":2.6650401568286464,"weeklyFactor":0.00007206140606169451},"Di5eqFCEonm8ABWfZph4fermaFbtrU5Jj2mrYdkKM1pT":{"apy":2.6650401568286464,"weeklyFactor":0.00007206140606169451},"6nqWUFzjoJzuZ9FWF6iBjFwUpGX6mZrF25WaWsbwqekM":{"apy":2.6650401568286464,"weeklyFactor":0.00007206140606169451},"BbuK8MkcZSJxx7VtRXB8Up8CqeURv3FRHzdzavPyKr1H":{"apy":2.6650401568286464,"weeklyFactor":0.00007206140606169451},"4NkYxZtSpUzQc2oxktQoRYUSYC4awrtspuAGLq7Sx8A1":{"apy":2.6650401568286464,"weeklyFactor":0.00007206140606169451},"8cQaC9iDd9pGQYcZfK61zgMitBvsW7218WzG55JhonsZ":{"apy":2.6650401568286464,"weeklyFactor":0.00007206140606169451},"8qhdhHUPxCqXDqhYiXDjjDnLAHctt7pEettHU6bTSXFB":{"apy":2.6650401568286464,"weeklyFactor":0.00007206140606169451},"FmV9BnyyAGqVWudkV2S4hq7TGkUfoa8ku6UhKK1UN9zn":{"apy":15.794670094203678,"weeklyFactor":0.00040185702776270374},"CqVgxaQprGDZkBnAFNxKnwgaB5929CT1nSFxYjgUJz4H":{"apy":2.6650401568286464,"weeklyFactor":0.00007206140606169451},"27j5twe2g8Vqr6bGyEjX4dSPKA3s1hu4N1nm9u3gRsmc":{"apy":2.6650401568286464,"weeklyFactor":0.00007206140606169451},"7WxatmehVQjfXYMXoyFXnrRMCpDnMKcShFhNDXUioDpb":{"apy":2.6650401568286464,"weeklyFactor":0.00007206140606169451},"45t3M59UDEkeADxyGq1tJxwoUPQ5kUxeuLsusYBFkBah":{"apy":2.6650401568286464,"weeklyFactor":0.00007206140606169451},"569xM2bZSTijhdB8u15G6e442PVq3PhcJUPFUZM9njvi":{"apy":2.6650401568286464,"weeklyFactor":0.00007206140606169451},"D8W6t585rTrYfhtQQTxozyG6w2oCLpBwLCy7rMsS1rNF":{"apy":2.6650401568286464,"weeklyFactor":0.00007206140606169451},"HUmPDU5amyLXjpZJGwMf6YAa6W9LW2srJjcrSM3FXgUA":{"apy":2.6650401568286464,"weeklyFactor":0.00007206140606169451},"9z35ptatPpnzzfzCXB5k7aJ6jxg4Qyno5xXVMLC7oHAW":{"apy":2.6650401568286464,"weeklyFactor":0.00007206140606169451},"GAd62dWPW36cxUPndsPwB52x1xjeRcJMuZ2SNdZTMzDR":{"apy":2.6650401568286464,"weeklyFactor":0.00007206140606169451},"7w3qaYPMAnbHnyWKqDzHVZcTLfJaDXhB2JdDUkZXuMho":{"apy":2.6650401568286464,"weeklyFactor":0.00007206140606169451},"GYXWHy8iakBiffXh6NinMnxkuJkmNrMPry6zCPQdeaJ2":{"apy":2.6650401568286464,"weeklyFactor":0.00007206140606169451},"79RBFWfLKbJMNHzF6sqsAb7z9iXY1kyNFpuW6HJQQW4f":{"apy":2.6650401568286464,"weeklyFactor":0.00007206140606169451},"FKh586sYqro7RsTYsr7Wwc6b95bdkWCLEDKRc8fmBruh":{"apy":2.6650401568286464,"weeklyFactor":0.00007206140606169451},"6m8H4nKpm5fEQqKBaniRUYQfeaH7pjMkPPFiMnGXZEd8":{"apy":2.6650401568286464,"weeklyFactor":0.00007206140606169451},"EKYai7Zh1qPtRtkkYJcCvdEPo2fXj3bfuTGoNUSJ4Z1m":{"apy":2.6650401568286464,"weeklyFactor":0.00007206140606169451},"84GSk7hjwaUwX5wxmvnHiTtSnffPYP7dnmoP6ZJ5TnSR":{"apy":2.6650401568286464,"weeklyFactor":0.00007206140606169451},"GBEo8NoJAg5woWXXWXKT5xaWVUmxsqYgLkvyLkFDEgzY":{"apy":2.6650401568286464,"weeklyFactor":0.00007206140606169451},"EGLDBGNDaC1pr3iznmGDUSVLmFE8DGR1LruUHTwCFhhy":{"apy":2.6650401568286464,"weeklyFactor":0.00007206140606169451},"BZSp8EvV8XTfNrsyBXrF2xGB3L7SbHSwhmJ7RD74zmAH":{"apy":2.6650401568286464,"weeklyFactor":0.00007206140606169451},"xQob6CJEuPD23kbMENHWGWT7ho4Anwx4dpH7pBbX6MY":{"apy":2.6650401568286464,"weeklyFactor":0.00007206140606169451},"2ShQGNv3YNqABBSEVGwSk9s1UCaDMGGehdbnjiJ1HmYn":{"apy":0,"weeklyFactor":12.747500178908451},"6zPRRm2tjgUYPrnSboaxr2RvovB9y5vT9f4kYyzdbbri":{"apy":2.6650401568286464,"weeklyFactor":0.00007206140606169451},"A7AwVVu1y1bzz86LQrLbVtgC43k7LES6Lesc8ao7MGFP":{"apy":2.6650401568286464,"weeklyFactor":0.00007206140606169451},"51DNyWAJ7pa67DzkbHfipbZYW5hUSSRYsec5iHndtZ2W":{"apy":2.6650401568286464,"weeklyFactor":0.00007206140606169451},"NvbSrT458e6LCeLq257rH73dZ7btcq1TPkQVsyL8ouT":{"apy":2.6650401568286464,"weeklyFactor":0.00007206140606169451},"HZwUnXYy27TUWQucuuSM8dYJxxCgUMgfDf83vZNz7CKe":{"apy":2.6650401568286464,"weeklyFactor":0.00007206140606169451},"A4maCv1LM7rjpUzzM7JP4wg61VchwCovKiRqo3fbXSgF":{"apy":2.6650401568286464,"weeklyFactor":0.00007206140606169451},"6Cr9rtgY4c7H6DZzaCTgVpeFK8TpdcuhZXeZ2wqPhCD3":{"apy":2.6650401568286464,"weeklyFactor":0.00007206140606169451},"GGAtxXgYGP5YzxbhhnuYCwZJV24idnSp31XK81Lqu6vi":{"apy":282.3377481391915,"weeklyFactor":0.003681098908428909},"6fJ7t3uvmosPqXY51Qcwdc126miSnTF2bt7xgG5fyPgX":{"apy":2.6650401568286464,"weeklyFactor":0.00007206140606169451},"BvPLZDd4cHfNeUy3F9tv8PQkJSWtwe5EyFpyTm81tQ9g":{"apy":2.6650401568286464,"weeklyFactor":0.00007206140606169451},"6W6iaKmdBNqyFrXmJqB5yrebr3KowYDs4F9Nide4ARYL":{"apy":2.6650401568286464,"weeklyFactor":0.00007206140606169451},"82g9tPxdE3UgLiSoA4KkV6S7hXKdN4RDjcbBiqTwWSWw":{"apy":2.6650401568286464,"weeklyFactor":0.00007206140606169451},"5yjxDcJzH1yaKYA6AH7GEgxtC6rdqy2kSCifjMLcmh8b":{"apy":2.6650401568286464,"weeklyFactor":0.00007206140606169451},"Hb2freG61xfMgmH6CUJDiyjG5zbbfcp9a6TQ2SJvs2Ur":{"apy":2.6650401568286464,"weeklyFactor":0.00007206140606169451},"Hb3evEtCB4ykLYYKFGkGgVuaCyrWFbXwe3jtkMSkq6Ve":{"apy":2.6650401568286464,"weeklyFactor":0.00007206140606169451},"F8fj2myqZcw5CZy8yaNZDJXS2rzB7FL79maFBJM16WPu":{"apy":2.6650401568286464,"weeklyFactor":0.00007206140606169451},"93b5xNohGF24cbbGn7pw4QUKGLcrXdBVGw8gRsxTNcUx":{"apy":2.6650401568286464,"weeklyFactor":0.00007206140606169451},"7SaJ5xEHTtWrFoJcNrNkJKb4pHJSDoMtzvcyHXJuhZRf":{"apy":2.6650401568286464,"weeklyFactor":0.00007206140606169451},"3a3EdoS5MvDcw9K8GdAb2FD7A9cUK6TuAqboJX23DQNM":{"apy":2.6650401568286464,"weeklyFactor":0.00007206140606169451},"Fb8rVemMjXE9r7FNK7DTmUdDhQDa3jFufkqrH2bsDYWX":{"apy":2.6650401568286464,"weeklyFactor":0.00007206140606169451},"bfSBHwyL6PNjpeQEyrjsnbo7TzGRttbymvN74Y9czN3":{"apy":2.6650401568286464,"weeklyFactor":0.00007206140606169451},"5Wc3GkVnPmfRMgumstAEtT1yWYR7nBeyjYEQonz91bpb":{"apy":2.6650401568286464,"weeklyFactor":0.00007206140606169451},"hLZNVV8EbeLCjkXCxfBePjAcuPSwCryWtiStoV7E4cU":{"apy":2.6650401568286464,"weeklyFactor":0.00007206140606169451},"CssW9uGzH22u9CUkft1xgqHgKCGCTrCL6Ma93wLY94dq":{"apy":2.6650401568286464,"weeklyFactor":0.00007206140606169451},"As83NX9BsHUx5RBuRWGWzByzXsSEoThVzcTpHrNkvUFt":{"apy":2.6650401568286464,"weeklyFactor":0.00007206140606169451},"8PhY9FH6ZQT74nnBuxxoVs4nYk9NUWwguFfWrZHGiAwK":{"apy":2.6650401568286464,"weeklyFactor":0.00007206140606169451},"CHQ8Ti9L3z9aLfML1ULf78ZaGFwaTMA6GFcteBvMgmAG":{"apy":2.6650401568286464,"weeklyFactor":0.00007206140606169451},"HbJhdrHeagEKTKLiajwXSvgETRs652U3vcMHpQS5y8qr":{"apy":2.6650401568286464,"weeklyFactor":0.00007206140606169451},"ApkrPbiWzEmkRj92g8tpzMNNXGkTogRNMQfESaUQAykv":{"apy":2.6650401568286464,"weeklyFactor":0.00007206140606169451},"DkFWVeEchx65Q9vymQjDjdfY472vV4JvkXompH5s4u6u":{"apy":2.6650401568286464,"weeklyFactor":0.00007206140606169451},"91efQM48sjFp5YPLRPVVFwxoER2YiYzy9BfhPeAk8oNS":{"apy":2.6650401568286464,"weeklyFactor":0.00007206140606169451},"74nxLDML7sZeFjeqLteu89kGxC18ZRdsSHsMP9q5BALP":{"apy":2.6650401568286464,"weeklyFactor":0.00007206140606169451},"CC72FniNhUM41xSoA5h1idGxstrKXDqqhnYzfyBTSZDG":{"apy":1349387.2617497433,"weeklyFactor":0.02639737089981695},"8krGUkrubzsymUFmy5ncJHiE5RwyDEWazvwfahii7UW1":{"apy":2.6650401568286464,"weeklyFactor":0.00007206140606169451},"HyXFTA4sq7NM4Bs49zPu25T1fzE5KXabafoiC4qAWjxR":{"apy":2.6650401568286464,"weeklyFactor":0.00007206140606169451},"9chT2PBZvM3TLfPQeHWyWREMUY8eLVp2uK5NnkGh3upt":{"apy":2.6650401568286464,