{"6W6iaKmdBNqyFrXmJqB5yrebr3KowYDs4F9Nide4ARYL":{"apy":2153.88253715598,"weeklyFactor":0.008571428571428572},"569xM2bZSTijhdB8u15G6e442PVq3PhcJUPFUZM9njvi":{"apy":2153.88253715598,"weeklyFactor":0.008571428571428572},"Di5eqFCEonm8ABWfZph4fermaFbtrU5Jj2mrYdkKM1pT":{"apy":2153.88253715598,"weeklyFactor":0.008571428571428572},"xQob6CJEuPD23kbMENHWGWT7ho4Anwx4dpH7pBbX6MY":{"apy":2153.88253715598,"weeklyFactor":0.008571428571428572},"7Pzoefg48HurAC8ewRfgJgJmvGSasMYi5zHgQ67cxGTS":{"apy":2153.88253715598,"weeklyFactor":0.008571428571428572},"HUmPDU5amyLXjpZJGwMf6YAa6W9LW2srJjcrSM3FXgUA":{"apy":2153.88253715598,"weeklyFactor":0.008571428571428572},"CqVgxaQprGDZkBnAFNxKnwgaB5929CT1nSFxYjgUJz4H":{"apy":2153.88253715598,"weeklyFactor":0.008571428571428572},"BZSp8EvV8XTfNrsyBXrF2xGB3L7SbHSwhmJ7RD74zmAH":{"apy":2153.88253715598,"weeklyFactor":0.008571428571428572},"FKh586sYqro7RsTYsr7Wwc6b95bdkWCLEDKRc8fmBruh":{"apy":2153.88253715598,"weeklyFactor":0.008571428571428572},"GAd62dWPW36cxUPndsPwB52x1xjeRcJMuZ2SNdZTMzDR":{"apy":2153.88253715598,"weeklyFactor":0.008571428571428572},"GGAtxXgYGP5YzxbhhnuYCwZJV24idnSp31XK81Lqu6vi":{"apy":2153.88253715598,"weeklyFactor":0.008571428571428572},"2ShQGNv3YNqABBSEVGwSk9s1UCaDMGGehdbnjiJ1HmYn":{"apy":694658066559756.1,"weeklyFactor":0.08438358426733414},"AgUfgteJ5mGWeuKZeUTedwvvu8jLaWGiRE2matEMoHEG":{"apy":2153.88253715598,"weeklyFactor":0.008571428571428572},"51DNyWAJ7pa67DzkbHfipbZYW5hUSSRYsec5iHndtZ2W":{"apy":2153.88253715598,"weeklyFactor":0.008571428571428572},"71QzPrqM26vMDJdtanPqyNyQ7MzqVw3FqzUWTpdNxta2":{"apy":2153.88253715598,"weeklyFactor":0.008571428571428572},"EKYai7Zh1qPtRtkkYJcCvdEPo2fXj3bfuTGoNUSJ4Z1m":{"apy":2153.88253715598,"weeklyFactor":0.008571428571428572},"EGLDBGNDaC1pr3iznmGDUSVLmFE8DGR1LruUHTwCFhhy":{"apy":2153.88253715598,"weeklyFactor":0.008571428571428572},"GBEo8NoJAg5woWXXWXKT5xaWVUmxsqYgLkvyLkFDEgzY":{"apy":2153.88253715598,"weeklyFactor":0.008571428571428572},"6fJ7t3uvmosPqXY51Qcwdc126miSnTF2bt7xgG5fyPgX":{"apy":2153.88253715598,"weeklyFactor":0.008571428571428572},"6zPRRm2tjgUYPrnSboaxr2RvovB9y5vT9f4kYyzdbbri":{"apy":2153.88253715598,"weeklyFactor":0.008571428571428572},"7cRPNt4EMSwvmwSrm379JhyG7s49CuCbCfnARzGykkzx":{"apy":2153.88253715598,"weeklyFactor":0.008571428571428572},"8qhdhHUPxCqXDqhYiXDjjDnLAHctt7pEettHU6bTSXFB":{"apy":2153.88253715598,"weeklyFactor":0.008571428571428572},"FmV9BnyyAGqVWudkV2S4hq7TGkUfoa8ku6UhKK1UN9zn":{"apy":2327.3669589534315,"weeklyFactor":0.00877634913498103},"5yjxDcJzH1yaKYA6AH7GEgxtC6rdqy2kSCifjMLcmh8b":{"apy":2153.88253715598,"weeklyFactor":0.008571428571428572},"7WxatmehVQjfXYMXoyFXnrRMCpDnMKcShFhNDXUioDpb":{"apy":2153.88253715598,"weeklyFactor":0.008571428571428572},"A4maCv1LM7rjpUzzM7JP4wg61VchwCovKiRqo3fbXSgF":{"apy":2153.88253715598,"weeklyFactor":0.008571428571428572},"6m8H4nKpm5fEQqKBaniRUYQfeaH7pjMkPPFiMnGXZEd8":{"apy":2153.88253715598,"weeklyFactor":0.008571428571428572},"6SXW9UNVdiUWJhw4RvfmovbkTEBeb8tvBzPHc8EeVWi":{"apy":2153.88253715598,"weeklyFactor":0.008571428571428572},"GYXWHy8iakBiffXh6NinMnxkuJkmNrMPry6zCPQdeaJ2":{"apy":2153.88253715598,"weeklyFactor":0.008571428571428572},"BbuK8MkcZSJxx7VtRXB8Up8CqeURv3FRHzdzavPyKr1H":{"apy":2153.88253715598,"weeklyFactor":0.008571428571428572},"BvPLZDd4cHfNeUy3F9tv8PQkJSWtwe5EyFpyTm81tQ9g":{"apy":2153.88253715598,"weeklyFactor":0.008571428571428572},"A7AwVVu1y1bzz86LQrLbVtgC43k7LES6Lesc8ao7MGFP":{"apy":2153.88253715598,"weeklyFactor":0.008571428571428572},"D8W6t585rTrYfhtQQTxozyG6w2oCLpBwLCy7rMsS1rNF":{"apy":2153.88253715598,"weeklyFactor":0.008571428571428572},"9z35ptatPpnzzfzCXB5k7aJ6jxg4Qyno5xXVMLC7oHAW":{"apy":2153.88253715598,"weeklyFactor":0.008571428571428572},"CrMFwYDc3j4d9f9dogyDTx97raJJpAupntzVXm2bL8hH":{"apy":2153.88253715598,"weeklyFactor":0.008571428571428572},"79RBFWfLKbJMNHzF6sqsAb7z9iXY1kyNFpuW6HJQQW4f":{"apy":2153.88253715598,"weeklyFactor":0.008571428571428572},"27j5twe2g8Vqr6bGyEjX4dSPKA3s1hu4N1nm9u3gRsmc":{"apy":2153.88253715598,"weeklyFactor":0.008571428571428572},"8cQaC9iDd9pGQYcZfK61zgMitBvsW7218WzG55JhonsZ":{"apy":2153.88253715598,"weeklyFactor":0.008571428571428572},"AG4harXetHAJLmKfQRTvW8uBBhjGDqbSvMQGTAhik4eE":{"apy":2153.88253715598,"weeklyFactor":0.008571428571428572},"9gGUAz4psCE2t3NFr8p64hgvXAcQGADtLmrNDTKMJPpC":{"apy":2153.88253715598,"weeklyFactor":0.008571428571428572},"84GSk7hjwaUwX5wxmvnHiTtSnffPYP7dnmoP6ZJ5TnSR":{"apy":2153.88253715598,"weeklyFactor":0.008571428571428572},"7w3qaYPMAnbHnyWKqDzHVZcTLfJaDXhB2JdDUkZXuMho":{"apy":2153.88253715598,"weeklyFactor":0.008571428571428572},"NvbSrT458e6LCeLq257rH73dZ7btcq1TPkQVsyL8ouT":{"apy":2153.88253715598,"weeklyFactor":0.008571428571428572},"45t3M59UDEkeADxyGq1tJxwoUPQ5kUxeuLsusYBFkBah":{"apy":2153.88253715598,"weeklyFactor":0.008571428571428572},"6Cr9rtgY4c7H6DZzaCTgVpeFK8TpdcuhZXeZ2wqPhCD3":{"apy":2153.88253715598,"weeklyFactor":0.008571428571428572},"HZwUnXYy27TUWQucuuSM8dYJxxCgUMgfDf83vZNz7CKe":{"apy":2153.88253715598,"weeklyFactor":0.008571428571428572},"4NkYxZtSpUzQc2oxktQoRYUSYC4awrtspuAGLq7Sx8A1":{"apy":2153.88253715598,"weeklyFactor":0.008571428571428572},"6nqWUFzjoJzuZ9FWF6iBjFwUpGX6mZrF25WaWsbwqekM":{"apy":2153.88253715598,"weeklyFactor":0.008571428571428572},"82g9tPxdE3UgLiSoA4KkV6S7hXKdN4RDjcbBiqTwWSWw":{"apy":2153.88253715598,"weeklyFactor":0.008571428571428572},"93b5xNohGF24cbbGn7pw4QUKGLcrXdBVGw8gRsxTNcUx":{"apy":2153.88253715598,"weeklyFactor":0.008571428571428572},"F8fj2myqZcw5CZy8yaNZDJXS2rzB7FL79maFBJM16WPu":{"apy":2153.88253715598,"weeklyFactor":0.008571428571428572},"CssW9uGzH22u9CUkft1xgqHgKCGCTrCL6Ma93wLY94dq":{"apy":2153.88253715598,"weeklyFactor":0.008571428571428572},"ApkrPbiWzEmkRj92g8tpzMNNXGkTogRNMQfESaUQAykv":{"apy":2153.88253715598,"weeklyFactor":0.008571428571428572},"DkFWVeEchx65Q9vymQjDjdfY472vV4JvkXompH5s4u6u":{"apy":2153.88253715598,"weeklyFactor":0.008571428571428572},"As83NX9BsHUx5RBuRWGWzByzXsSEoThVzcTpHrNkvUFt":{"apy":2153.88253715598,"weeklyFactor":0.008571428571428572},"Hb2freG61xfMgmH6CUJDiyjG5zbbfcp9a6TQ2SJvs2Ur":{"apy":2153.88253715598,"weeklyFactor":0.008571428571428572},"hLZNVV8EbeLCjkXCxfBePjAcuPSwCryWtiStoV7E4cU":{"apy":2153.88253715598,"weeklyFactor":0.008571428571428572},"bfSBHwyL6PNjpeQEyrjsnbo7TzGRttbymvN74Y9czN3":{"apy":2153.88253715598,"weeklyFactor":0.008571428571428572},"CC72FniNhUM41xSoA5h1idGxstrKXDqqhnYzfyBTSZDG":{"apy":1709932972075.7593,"weeklyFactor":0.06668345550940948},"8krGUkrubzsymUFmy5ncJHiE5RwyDEWazvwfahii7UW1":{"apy":2153.88253715598,"weeklyFactor":0.008571428571428572},"91efQM48sjFp5YPLRPVVFwxoER2YiYzy9BfhPeAk8oNS":{"apy":2153.88253715598,"weeklyFactor":0.008571428571428572},"7SaJ5xEHTtWrFoJcNrNkJKb4pHJSDoMtzvcyHXJuhZRf":{"apy":2153.88253715598,"weeklyFactor":0.008571428571428572},"8PhY9FH6ZQT74nnBuxxoVs4nYk9NUWwguFfWrZHGiAwK":{"apy":2153.88253715598,"weeklyFactor":0.008571428571428572},"HbJhdrHeagEKTKLiajwXSvgETRs652U3vcMHpQS5y8qr":{"apy":2153.88253715598,"weeklyFactor":0.008571428571428572},"CHQ8Ti9L3z9aLfML1ULf78ZaGFwaTMA6GFcteBvMgmAG":{"apy":2153.88253715598,"weeklyFactor":0.008571428571428572},"3a3EdoS5MvDcw9K8GdAb2FD7A9cUK6TuAqboJX23DQNM":{"apy":2153.88253715598,"weeklyFactor":0.008571428571428572},"5Wc3GkVnPmfRMgumstAEtT1yWYR7nBeyjYEQonz91bpb":{"apy":2153.88253715598,"weeklyFactor":0.008571428571428572},"74nxLDML7sZeFjeqLteu89kGxC18ZRdsSHsMP9q5BALP":{"apy":2153.88253715598,"weeklyFactor":0.008571428571428572},"Hb3evEtCB4ykLYYKFGkGgVuaCyrWFbXwe3jtkMSkq6Ve":{"apy":2153.88253715598,"weeklyFactor":0.008571428571428572},"Fb8rVemMjXE9r7FNK7DTmUdDhQDa3jFufkqrH2bsDYWX":{"apy":2153.88253715598,"weeklyFactor":0.008571428571428572},"CmkfvxXTLihwp7eBm9HFtfGTvBHfK8cKPW99LEq1uR7c":{"apy":2153.88253715598,"weeklyFactor":0.008571428571428572},"YkDo4ooVf3Sw79y84w3HCy7aGFd6UMfkGdgDMiHdprx":{"apy":2153.88253715598,"weeklyFactor":0.008571428571428572},"2Ag3cXASMvi9aNTc3iPT2R31zVxQXeawhsx4Ukf2xTeH":{"apy":2153.88253715598,"weeklyFactor":0.008571428571428572},"Ee7EsMJ6bYN99FKVTc9SEpX9HucyHg4AGuQpRuP9Ac4c":{"apy":2153.88253715598,"weeklyFactor":0.008571428571428572},