{"6W6iaKmdBNqyFrXmJqB5yrebr3KowYDs4F9Nide4ARYL":{"apy":4.264929020222263,"weeklyFactor":0.00011443084388500564},"569xM2bZSTijhdB8u15G6e442PVq3PhcJUPFUZM9njvi":{"apy":4.264929020222263,"weeklyFactor":0.00011443084388500564},"Di5eqFCEonm8ABWfZph4fermaFbtrU5Jj2mrYdkKM1pT":{"apy":4.264929020222263,"weeklyFactor":0.00011443084388500564},"xQob6CJEuPD23kbMENHWGWT7ho4Anwx4dpH7pBbX6MY":{"apy":4.264929020222263,"weeklyFactor":0.00011443084388500564},"7Pzoefg48HurAC8ewRfgJgJmvGSasMYi5zHgQ67cxGTS":{"apy":4.264929020222263,"weeklyFactor":0.00011443084388500564},"HUmPDU5amyLXjpZJGwMf6YAa6W9LW2srJjcrSM3FXgUA":{"apy":4.264929020222263,"weeklyFactor":0.00011443084388500564},"CqVgxaQprGDZkBnAFNxKnwgaB5929CT1nSFxYjgUJz4H":{"apy":4.264929020222263,"weeklyFactor":0.00011443084388500564},"BZSp8EvV8XTfNrsyBXrF2xGB3L7SbHSwhmJ7RD74zmAH":{"apy":4.264929020222263,"weeklyFactor":0.00011443084388500564},"FKh586sYqro7RsTYsr7Wwc6b95bdkWCLEDKRc8fmBruh":{"apy":4.264929020222263,"weeklyFactor":0.00011443084388500564},"GAd62dWPW36cxUPndsPwB52x1xjeRcJMuZ2SNdZTMzDR":{"apy":4.264929020222263,"weeklyFactor":0.00011443084388500564},"GGAtxXgYGP5YzxbhhnuYCwZJV24idnSp31XK81Lqu6vi":{"apy":274.1491971380813,"weeklyFactor":0.0036215679903435784},"2ShQGNv3YNqABBSEVGwSk9s1UCaDMGGehdbnjiJ1HmYn":{"apy":0,"weeklyFactor":12.396273832980787},"AgUfgteJ5mGWeuKZeUTedwvvu8jLaWGiRE2matEMoHEG":{"apy":4.264929020222263,"weeklyFactor":0.00011443084388500564},"51DNyWAJ7pa67DzkbHfipbZYW5hUSSRYsec5iHndtZ2W":{"apy":4.264929020222263,"weeklyFactor":0.00011443084388500564},"71QzPrqM26vMDJdtanPqyNyQ7MzqVw3FqzUWTpdNxta2":{"apy":4.264929020222263,"weeklyFactor":0.00011443084388500564},"EKYai7Zh1qPtRtkkYJcCvdEPo2fXj3bfuTGoNUSJ4Z1m":{"apy":4.264929020222263,"weeklyFactor":0.00011443084388500564},"EGLDBGNDaC1pr3iznmGDUSVLmFE8DGR1LruUHTwCFhhy":{"apy":4.264929020222263,"weeklyFactor":0.00011443084388500564},"GBEo8NoJAg5woWXXWXKT5xaWVUmxsqYgLkvyLkFDEgzY":{"apy":4.264929020222263,"weeklyFactor":0.00011443084388500564},"6fJ7t3uvmosPqXY51Qcwdc126miSnTF2bt7xgG5fyPgX":{"apy":4.264929020222263,"weeklyFactor":0.00011443084388500564},"6zPRRm2tjgUYPrnSboaxr2RvovB9y5vT9f4kYyzdbbri":{"apy":4.264929020222263,"weeklyFactor":0.00011443084388500564},"7cRPNt4EMSwvmwSrm379JhyG7s49CuCbCfnARzGykkzx":{"apy":4.264929020222263,"weeklyFactor":0.00011443084388500564},"8qhdhHUPxCqXDqhYiXDjjDnLAHctt7pEettHU6bTSXFB":{"apy":4.264929020222263,"weeklyFactor":0.00011443084388500564},"FmV9BnyyAGqVWudkV2S4hq7TGkUfoa8ku6UhKK1UN9zn":{"apy":25.585107924517693,"weeklyFactor":0.0006243413776266217},"5yjxDcJzH1yaKYA6AH7GEgxtC6rdqy2kSCifjMLcmh8b":{"apy":4.264929020222263,"weeklyFactor":0.00011443084388500564},"7WxatmehVQjfXYMXoyFXnrRMCpDnMKcShFhNDXUioDpb":{"apy":4.264929020222263,"weeklyFactor":0.00011443084388500564},"A4maCv1LM7rjpUzzM7JP4wg61VchwCovKiRqo3fbXSgF":{"apy":4.264929020222263,"weeklyFactor":0.00011443084388500564},"6m8H4nKpm5fEQqKBaniRUYQfeaH7pjMkPPFiMnGXZEd8":{"apy":4.264929020222263,"weeklyFactor":0.00011443084388500564},"6SXW9UNVdiUWJhw4RvfmovbkTEBeb8tvBzPHc8EeVWi":{"apy":4.264929020222263,"weeklyFactor":0.00011443084388500564},"GYXWHy8iakBiffXh6NinMnxkuJkmNrMPry6zCPQdeaJ2":{"apy":4.264929020222263,"weeklyFactor":0.00011443084388500564},"BbuK8MkcZSJxx7VtRXB8Up8CqeURv3FRHzdzavPyKr1H":{"apy":4.264929020222263,"weeklyFactor":0.00011443084388500564},"BvPLZDd4cHfNeUy3F9tv8PQkJSWtwe5EyFpyTm81tQ9g":{"apy":4.264929020222263,"weeklyFactor":0.00011443084388500564},"A7AwVVu1y1bzz86LQrLbVtgC43k7LES6Lesc8ao7MGFP":{"apy":4.264929020222263,"weeklyFactor":0.00011443084388500564},"D8W6t585rTrYfhtQQTxozyG6w2oCLpBwLCy7rMsS1rNF":{"apy":4.264929020222263,"weeklyFactor":0.00011443084388500564},"9z35ptatPpnzzfzCXB5k7aJ6jxg4Qyno5xXVMLC7oHAW":{"apy":4.264929020222263,"weeklyFactor":0.00011443084388500564},"CrMFwYDc3j4d9f9dogyDTx97raJJpAupntzVXm2bL8hH":{"apy":4.264929020222263,"weeklyFactor":0.00011443084388500564},"79RBFWfLKbJMNHzF6sqsAb7z9iXY1kyNFpuW6HJQQW4f":{"apy":4.264929020222263,"weeklyFactor":0.00011443084388500564},"27j5twe2g8Vqr6bGyEjX4dSPKA3s1hu4N1nm9u3gRsmc":{"apy":4.264929020222263,"weeklyFactor":0.00011443084388500564},"8cQaC9iDd9pGQYcZfK61zgMitBvsW7218WzG55JhonsZ":{"apy":4.264929020222263,"weeklyFactor":0.00011443084388500564},"AG4harXetHAJLmKfQRTvW8uBBhjGDqbSvMQGTAhik4eE":{"apy":4.264929020222263,"weeklyFactor":0.00011443084388500564},"9gGUAz4psCE2t3NFr8p64hgvXAcQGADtLmrNDTKMJPpC":{"apy":4.264929020222263,"weeklyFactor":0.00011443084388500564},"84GSk7hjwaUwX5wxmvnHiTtSnffPYP7dnmoP6ZJ5TnSR":{"apy":4.264929020222263,"weeklyFactor":0.00011443084388500564},"7w3qaYPMAnbHnyWKqDzHVZcTLfJaDXhB2JdDUkZXuMho":{"apy":4.264929020222263,"weeklyFactor":0.00011443084388500564},"NvbSrT458e6LCeLq257rH73dZ7btcq1TPkQVsyL8ouT":{"apy":4.264929020222263,"weeklyFactor":0.00011443084388500564},"45t3M59UDEkeADxyGq1tJxwoUPQ5kUxeuLsusYBFkBah":{"apy":4.264929020222263,"weeklyFactor":0.00011443084388500564},"6Cr9rtgY4c7H6DZzaCTgVpeFK8TpdcuhZXeZ2wqPhCD3":{"apy":4.264929020222263,"weeklyFactor":0.00011443084388500564},"HZwUnXYy27TUWQucuuSM8dYJxxCgUMgfDf83vZNz7CKe":{"apy":4.264929020222263,"weeklyFactor":0.00011443084388500564},"4NkYxZtSpUzQc2oxktQoRYUSYC4awrtspuAGLq7Sx8A1":{"apy":4.264929020222263,"weeklyFactor":0.00011443084388500564},"6nqWUFzjoJzuZ9FWF6iBjFwUpGX6mZrF25WaWsbwqekM":{"apy":4.264929020222263,"weeklyFactor":0.00011443084388500564},"82g9tPxdE3UgLiSoA4KkV6S7hXKdN4RDjcbBiqTwWSWw":{"apy":4.264929020222263,"weeklyFactor":0.00011443084388500564},"93b5xNohGF24cbbGn7pw4QUKGLcrXdBVGw8gRsxTNcUx":{"apy":4.264929020222263,"weeklyFactor":0.00011443084388500564},"F8fj2myqZcw5CZy8yaNZDJXS2rzB7FL79maFBJM16WPu":{"apy":4.264929020222263,"weeklyFactor":0.00011443084388500564},"CssW9uGzH22u9CUkft1xgqHgKCGCTrCL6Ma93wLY94dq":{"apy":4.264929020222263,"weeklyFactor":0.00011443084388500564},"ApkrPbiWzEmkRj92g8tpzMNNXGkTogRNMQfESaUQAykv":{"apy":4.264929020222263,"weeklyFactor":0.00011443084388500564},"DkFWVeEchx65Q9vymQjDjdfY472vV4JvkXompH5s4u6u":{"apy":4.264929020222263,"weeklyFactor":0.00011443084388500564},"As83NX9BsHUx5RBuRWGWzByzXsSEoThVzcTpHrNkvUFt":{"apy":4.264929020222263,"weeklyFactor":0.00011443084388500564},"Hb2freG61xfMgmH6CUJDiyjG5zbbfcp9a6TQ2SJvs2Ur":{"apy":4.264929020222263,"weeklyFactor":0.00011443084388500564},"hLZNVV8EbeLCjkXCxfBePjAcuPSwCryWtiStoV7E4cU":{"apy":4.264929020222263,"weeklyFactor":0.00011443084388500564},"bfSBHwyL6PNjpeQEyrjsnbo7TzGRttbymvN74Y9czN3":{"apy":4.264929020222263,"weeklyFactor":0.00011443084388500564},"CC72FniNhUM41xSoA5h1idGxstrKXDqqhnYzfyBTSZDG":{"apy":11730845.196012935,"weeklyFactor":0.0324964891506814},"8krGUkrubzsymUFmy5ncJHiE5RwyDEWazvwfahii7UW1":{"apy":4.264929020222263,"weeklyFactor":0.00011443084388500564},"91efQM48sjFp5YPLRPVVFwxoER2YiYzy9BfhPeAk8oNS":{"apy":4.264929020222263,"weeklyFactor":0.00011443084388500564},"7SaJ5xEHTtWrFoJcNrNkJKb4pHJSDoMtzvcyHXJuhZRf":{"apy":4.264929020222263,"weeklyFactor":0.00011443084388500564},"8PhY9FH6ZQT74nnBuxxoVs4nYk9NUWwguFfWrZHGiAwK":{"apy":4.264929020222263,"weeklyFactor":0.00011443084388500564},"HbJhdrHeagEKTKLiajwXSvgETRs652U3vcMHpQS5y8qr":{"apy":4.264929020222263,"weeklyFactor":0.00011443084388500564},"CHQ8Ti9L3z9aLfML1ULf78ZaGFwaTMA6GFcteBvMgmAG":{"apy":4.264929020222263,"weeklyFactor":0.00011443084388500564},"3a3EdoS5MvDcw9K8GdAb2FD7A9cUK6TuAqboJX23DQNM":{"apy":4.264929020222263,"weeklyFactor":0.00011443084388500564},"5Wc3GkVnPmfRMgumstAEtT1yWYR7nBeyjYEQonz91bpb":{"apy":4.264929020222263,"weeklyFactor":0.00011443084388500564},"74nxLDML7sZeFjeqLteu89kGxC18ZRdsSHsMP9q5BALP":{"apy":4.264929020222263,"weeklyFactor":0.00011443084388500564},"Hb3evEtCB4ykLYYKFGkGgVuaCyrWFbXwe3jtkMSkq6Ve":{"apy":4.264929020222263,"weeklyFactor":0.00011443084388500564},"Fb8rVemMjXE9r7FNK7DTmUdDhQDa3jFufkqrH2bsDYWX":{"apy":4.264929020222263,"weeklyFactor":0.00011443084388500564},"CmkfvxXTLihwp7eBm9HFtfGTvBHfK8cKPW99LEq1uR7c":{"apy":4.264929020222263,"weeklyFactor":0.00011443084388500564},"YkDo4ooVf3Sw79y84w3HCy7aGFd6UMfkGdgDMiHdprx":{"apy":4.264929020222263,"weeklyFactor":0.00011443084388500564},