{"7drJL7kEdJfgNzeaEYKDqTkfmiG2ain3nEPtGHDZc6i2":{"apy":245.07512867400965,"weeklyFactor":0.0033991667708911373},"HYCzZYupXUyamfTQWNkULW1EFcNPCTA5urnEXCFXkLRh":{"apy":245.07512867400965,"weeklyFactor":0.0033991667708911373},"HbMbeaDH8xtB1a8WpwjNqcXBBGraKJjJ2xFkXEdAy1rY":{"apy":245.07512867400965,"weeklyFactor":0.0033991667708911373},"AvNeVrKZy1FaEG9suboRXNPgmnMwomiU5EvkF6jGxGrX":{"apy":2542.5870998111222,"weeklyFactor":0.009011162343362687},"C7BLPzc1vzLL3Tm5udXELnHDRXeXkdd5f1oMKP8rwUNv":{"apy":245.07512867400965,"weeklyFactor":0.0033991667708911373},"FeKSMTD9Z22kdnMLeNWAfaTXydbhVixUPcfZDW3QS1X4":{"apy":245.07512867400965,"weeklyFactor":0.0033991667708911373},"4FkGNJMvKFk9PFwn8TBtk1ShUKege6D5Au87ezwLWiqk":{"apy":245.07512867400965,"weeklyFactor":0.0033991667708911373},"2SgUGxYDczrB6wUzXHPJH65pNhWkEzNMEx3km4xTYUTC":{"apy":245.07512867400965,"weeklyFactor":0.0033991667708911373},"FejEVPJBH5TEbgcpupNuRyiMRoeaCQwPvtVU6w3i2xRc":{"apy":614.3486338069557,"weeklyFactor":0.005401387064458638},"EWZW9aJmY2LX6ZyV5RU8waHWKF1aGaxzbuBuRQp6G4j":{"apy":245.07512867400965,"weeklyFactor":0.0033991667708911373},"AXSXYioiHGFvQ1XF4zCvXjnVAcMY68WQ4RH5r5nAdah5":{"apy":245.07512867400965,"weeklyFactor":0.0033991667708911373},"GmBMZ8BNeNR6mRFqu2ZaFvpxvGPXmc9Aa4a1GWFaxWMv":{"apy":245.07512867400965,"weeklyFactor":0.0033991667708911373},"5dX3tkVDmbHBWMCQMerAHTmd9wsRvmtKLoQt6qv9fHy7":{"apy":468.5762727964903,"weeklyFactor":0.004772902908205976},"DzCbrMZXNG3XpXuufhBp233LJXvV8Xq1C3q4ksrtbCPP":{"apy":245.07512867400965,"weeklyFactor":0.0033991667708911373},"9bXJSJ3tGjkk8QVSykcGE6KnzdKznfjWP7YXicSRFTe8":{"apy":245.07512867400965,"weeklyFactor":0.0033991667708911373},"2keDsfcMY6hLvfrmzDAfnMSudMqYczPVcb8MSkK59P9r":{"apy":245.07512867400965,"weeklyFactor":0.0033991667708911373},"9fY5jLin2yYMK9Eee5diWzJRZqLaYgEUupUNsKVYAMhi":{"apy":245.07512867400965,"weeklyFactor":0.0033991667708911373},"A5U2LbZhwc6GFZtYft6MtbGHFhYyZ1pzCRQkz7D2b2YS":{"apy":245.07512867400965,"weeklyFactor":0.0033991667708911373},"B2Mq1fpJ2bZYxxtF4yz6nNvLJLaYzM3zQsHcs2oDqk3z":{"apy":245.07512867400965,"weeklyFactor":0.0033991667708911373},"5yKHz86cvHocaQnxv4mPJjftA4w7BbJzQQr5rG9miyZ3":{"apy":245.07512867400965,"weeklyFactor":0.0033991667708911373},"6rvpVhL9fxm2WLMefNRaLwv6aNdivZadMi56teWfSkuU":{"apy":245.07512867400965,"weeklyFactor":0.0033991667708911373},"BGz6pBLvc4nuGNsbXYoAE7z466kSjZaoXKJMnEkZWkyD":{"apy":245.07512867400965,"weeklyFactor":0.0033991667708911373}}