{"FeKSMTD9Z22kdnMLeNWAfaTXydbhVixUPcfZDW3QS1X4":{"apy":43.52036146474747,"weeklyFactor":0.000990371548828327},"C7BLPzc1vzLL3Tm5udXELnHDRXeXkdd5f1oMKP8rwUNv":{"apy":43.52036146474747,"weeklyFactor":0.000990371548828327},"AvNeVrKZy1FaEG9suboRXNPgmnMwomiU5EvkF6jGxGrX":{"apy":452.24926504602416,"weeklyFactor":0.004692700572828252},"7drJL7kEdJfgNzeaEYKDqTkfmiG2ain3nEPtGHDZc6i2":{"apy":43.52036146474747,"weeklyFactor":0.000990371548828327},"HYCzZYupXUyamfTQWNkULW1EFcNPCTA5urnEXCFXkLRh":{"apy":43.52036146474747,"weeklyFactor":0.000990371548828327},"2SgUGxYDczrB6wUzXHPJH65pNhWkEzNMEx3km4xTYUTC":{"apy":43.52036146474747,"weeklyFactor":0.000990371548828327},"4FkGNJMvKFk9PFwn8TBtk1ShUKege6D5Au87ezwLWiqk":{"apy":43.52036146474747,"weeklyFactor":0.000990371548828327},"HbMbeaDH8xtB1a8WpwjNqcXBBGraKJjJ2xFkXEdAy1rY":{"apy":43.52036146474747,"weeklyFactor":0.000990371548828327},"DzCbrMZXNG3XpXuufhBp233LJXvV8Xq1C3q4ksrtbCPP":{"apy":43.52036146474747,"weeklyFactor":0.000990371548828327},"GmBMZ8BNeNR6mRFqu2ZaFvpxvGPXmc9Aa4a1GWFaxWMv":{"apy":43.52036146474747,"weeklyFactor":0.000990371548828327},"EWZW9aJmY2LX6ZyV5RU8waHWKF1aGaxzbuBuRQp6G4j":{"apy":43.52036146474747,"weeklyFactor":0.000990371548828327},"9bXJSJ3tGjkk8QVSykcGE6KnzdKznfjWP7YXicSRFTe8":{"apy":43.52036146474747,"weeklyFactor":0.000990371548828327},"FejEVPJBH5TEbgcpupNuRyiMRoeaCQwPvtVU6w3i2xRc":{"apy":77.52849439524798,"weeklyFactor":0.0015737327508196313},"5dX3tkVDmbHBWMCQMerAHTmd9wsRvmtKLoQt6qv9fHy7":{"apy":114.00523261084597,"weeklyFactor":0.0020866405316882866},"AXSXYioiHGFvQ1XF4zCvXjnVAcMY68WQ4RH5r5nAdah5":{"apy":43.52036146474747,"weeklyFactor":0.000990371548828327},"2keDsfcMY6hLvfrmzDAfnMSudMqYczPVcb8MSkK59P9r":{"apy":43.52036146474747,"weeklyFactor":0.000990371548828327},"9fY5jLin2yYMK9Eee5diWzJRZqLaYgEUupUNsKVYAMhi":{"apy":43.52036146474747,"weeklyFactor":0.000990371548828327},"A5U2LbZhwc6GFZtYft6MtbGHFhYyZ1pzCRQkz7D2b2YS":{"apy":43.52036146474747,"weeklyFactor":0.000990371548828327},"B2Mq1fpJ2bZYxxtF4yz6nNvLJLaYzM3zQsHcs2oDqk3z":{"apy":43.52036146474747,"weeklyFactor":0.000990371548828327},"6rvpVhL9fxm2WLMefNRaLwv6aNdivZadMi56teWfSkuU":{"apy":4.395157074768431e+138,"weeklyFactor":1.3679052118573853},"5yKHz86cvHocaQnxv4mPJjftA4w7BbJzQQr5rG9miyZ3":{"apy":43.52036146474747,"weeklyFactor":0.000990371548828327},"BGz6pBLvc4nuGNsbXYoAE7z466kSjZaoXKJMnEkZWkyD":{"apy":43.52036146474747,"weeklyFactor":0.000990371548828327}}