{"FeKSMTD9Z22kdnMLeNWAfaTXydbhVixUPcfZDW3QS1X4":{"apy":0.10335624865844828,"weeklyFactor":0.000002830219699945546},"C7BLPzc1vzLL3Tm5udXELnHDRXeXkdd5f1oMKP8rwUNv":{"apy":0.10335624865844828,"weeklyFactor":0.000002830219699945546},"AvNeVrKZy1FaEG9suboRXNPgmnMwomiU5EvkF6jGxGrX":{"apy":334876.03095670167,"weeklyFactor":0.02248647454816835},"7drJL7kEdJfgNzeaEYKDqTkfmiG2ain3nEPtGHDZc6i2":{"apy":0.10335624865844828,"weeklyFactor":0.000002830219699945546},"HYCzZYupXUyamfTQWNkULW1EFcNPCTA5urnEXCFXkLRh":{"apy":0.10335624865844828,"weeklyFactor":0.000002830219699945546},"2SgUGxYDczrB6wUzXHPJH65pNhWkEzNMEx3km4xTYUTC":{"apy":0.10335624865844828,"weeklyFactor":0.000002830219699945546},"4FkGNJMvKFk9PFwn8TBtk1ShUKege6D5Au87ezwLWiqk":{"apy":0.10335624865844828,"weeklyFactor":0.000002830219699945546},"HbMbeaDH8xtB1a8WpwjNqcXBBGraKJjJ2xFkXEdAy1rY":{"apy":0.10335624865844828,"weeklyFactor":0.000002830219699945546},"DzCbrMZXNG3XpXuufhBp233LJXvV8Xq1C3q4ksrtbCPP":{"apy":0.10335624865844828,"weeklyFactor":0.000002830219699945546},"GmBMZ8BNeNR6mRFqu2ZaFvpxvGPXmc9Aa4a1GWFaxWMv":{"apy":0.10335624865844828,"weeklyFactor":0.000002830219699945546},"EWZW9aJmY2LX6ZyV5RU8waHWKF1aGaxzbuBuRQp6G4j":{"apy":0.10335624865844828,"weeklyFactor":0.000002830219699945546},"9bXJSJ3tGjkk8QVSykcGE6KnzdKznfjWP7YXicSRFTe8":{"apy":0.10335624865844828,"weeklyFactor":0.000002830219699945546},"FejEVPJBH5TEbgcpupNuRyiMRoeaCQwPvtVU6w3i2xRc":{"apy":189.98762598754314,"weeklyFactor":0.002921157102571399},"5dX3tkVDmbHBWMCQMerAHTmd9wsRvmtKLoQt6qv9fHy7":{"apy":0.862352260767163,"weeklyFactor":0.000023525077879234107},"AXSXYioiHGFvQ1XF4zCvXjnVAcMY68WQ4RH5r5nAdah5":{"apy":0.10335624865844828,"weeklyFactor":0.000002830219699945546},"2keDsfcMY6hLvfrmzDAfnMSudMqYczPVcb8MSkK59P9r":{"apy":0.10335624865844828,"weeklyFactor":0.000002830219699945546},"9fY5jLin2yYMK9Eee5diWzJRZqLaYgEUupUNsKVYAMhi":{"apy":0.10335624865844828,"weeklyFactor":0.000002830219699945546},"A5U2LbZhwc6GFZtYft6MtbGHFhYyZ1pzCRQkz7D2b2YS":{"apy":0.10335624865844828,"weeklyFactor":0.000002830219699945546},"B2Mq1fpJ2bZYxxtF4yz6nNvLJLaYzM3zQsHcs2oDqk3z":{"apy":0.10335624865844828,"weeklyFactor":0.000002830219699945546},"6rvpVhL9fxm2WLMefNRaLwv6aNdivZadMi56teWfSkuU":{"apy":1.9543392989194378e+36,"weeklyFactor":0.2415034910552135},"5yKHz86cvHocaQnxv4mPJjftA4w7BbJzQQr5rG9miyZ3":{"apy":0.10335624865844828,"weeklyFactor":0.000002830219699945546},"BGz6pBLvc4nuGNsbXYoAE7z466kSjZaoXKJMnEkZWkyD":{"apy":0.10335624865844828,"weeklyFactor":0.000002830219699945546}}