{"4FkGNJMvKFk9PFwn8TBtk1ShUKege6D5Au87ezwLWiqk":{"apy":0.35518560674570043,"weeklyFactor":0.000009713918750753615},"7drJL7kEdJfgNzeaEYKDqTkfmiG2ain3nEPtGHDZc6i2":{"apy":0.35518560674570043,"weeklyFactor":0.000009713918750753615},"HYCzZYupXUyamfTQWNkULW1EFcNPCTA5urnEXCFXkLRh":{"apy":0.35518560674570043,"weeklyFactor":0.000009713918750753615},"2SgUGxYDczrB6wUzXHPJH65pNhWkEzNMEx3km4xTYUTC":{"apy":0.35518560674570043,"weeklyFactor":0.000009713918750753615},"AvNeVrKZy1FaEG9suboRXNPgmnMwomiU5EvkF6jGxGrX":{"apy":219159.84664316717,"weeklyFactor":0.021299954640602994},"HbMbeaDH8xtB1a8WpwjNqcXBBGraKJjJ2xFkXEdAy1rY":{"apy":0.35518560674570043,"weeklyFactor":0.000009713918750753615},"C7BLPzc1vzLL3Tm5udXELnHDRXeXkdd5f1oMKP8rwUNv":{"apy":0.35518560674570043,"weeklyFactor":0.000009713918750753615},"FeKSMTD9Z22kdnMLeNWAfaTXydbhVixUPcfZDW3QS1X4":{"apy":0.35518560674570043,"weeklyFactor":0.000009713918750753615},"DzCbrMZXNG3XpXuufhBp233LJXvV8Xq1C3q4ksrtbCPP":{"apy":0.35518560674570043,"weeklyFactor":0.000009713918750753615},"GmBMZ8BNeNR6mRFqu2ZaFvpxvGPXmc9Aa4a1GWFaxWMv":{"apy":0.35518560674570043,"weeklyFactor":0.000009713918750753615},"5dX3tkVDmbHBWMCQMerAHTmd9wsRvmtKLoQt6qv9fHy7":{"apy":2.9908578491054216,"weeklyFactor":0.0000807430939472395},"9bXJSJ3tGjkk8QVSykcGE6KnzdKznfjWP7YXicSRFTe8":{"apy":0.35518560674570043,"weeklyFactor":0.000009713918750753615},"2keDsfcMY6hLvfrmzDAfnMSudMqYczPVcb8MSkK59P9r":{"apy":0.35518560674570043,"weeklyFactor":0.000009713918750753615},"AXSXYioiHGFvQ1XF4zCvXjnVAcMY68WQ4RH5r5nAdah5":{"apy":0.35518560674570043,"weeklyFactor":0.000009713918750753615},"EWZW9aJmY2LX6ZyV5RU8waHWKF1aGaxzbuBuRQp6G4j":{"apy":0.35518560674570043,"weeklyFactor":0.000009713918750753615},"FejEVPJBH5TEbgcpupNuRyiMRoeaCQwPvtVU6w3i2xRc":{"apy":166.0989775531661,"weeklyFactor":0.0026849628673305255},"A5U2LbZhwc6GFZtYft6MtbGHFhYyZ1pzCRQkz7D2b2YS":{"apy":0.35518560674570043,"weeklyFactor":0.000009713918750753615},"9fY5jLin2yYMK9Eee5diWzJRZqLaYgEUupUNsKVYAMhi":{"apy":0.35518560674570043,"weeklyFactor":0.000009713918750753615},"B2Mq1fpJ2bZYxxtF4yz6nNvLJLaYzM3zQsHcs2oDqk3z":{"apy":0.35518560674570043,"weeklyFactor":0.000009713918750753615},"6rvpVhL9fxm2WLMefNRaLwv6aNdivZadMi56teWfSkuU":{"apy":7.262415860130632e+49,"weeklyFactor":0.35246566851183536},"5yKHz86cvHocaQnxv4mPJjftA4w7BbJzQQr5rG9miyZ3":{"apy":0.35518560674570043,"weeklyFactor":0.000009713918750753615},"BGz6pBLvc4nuGNsbXYoAE7z466kSjZaoXKJMnEkZWkyD":{"apy":0.35518560674570043,"weeklyFactor":0.000009713918750753615}}