{"4FkGNJMvKFk9PFwn8TBtk1ShUKege6D5Au87ezwLWiqk":{"apy":25.554548777502184,"weeklyFactor":0.0006236742115070515},"HbMbeaDH8xtB1a8WpwjNqcXBBGraKJjJ2xFkXEdAy1rY":{"apy":25.554548777502184,"weeklyFactor":0.0006236742115070515},"C7BLPzc1vzLL3Tm5udXELnHDRXeXkdd5f1oMKP8rwUNv":{"apy":25.554548777502184,"weeklyFactor":0.0006236742115070515},"2SgUGxYDczrB6wUzXHPJH65pNhWkEzNMEx3km4xTYUTC":{"apy":25.554548777502184,"weeklyFactor":0.0006236742115070515},"HYCzZYupXUyamfTQWNkULW1EFcNPCTA5urnEXCFXkLRh":{"apy":25.554548777502184,"weeklyFactor":0.0006236742115070515},"AvNeVrKZy1FaEG9suboRXNPgmnMwomiU5EvkF6jGxGrX":{"apy":226.1954872476462,"weeklyFactor":0.0032445031934859856},"FeKSMTD9Z22kdnMLeNWAfaTXydbhVixUPcfZDW3QS1X4":{"apy":25.554548777502184,"weeklyFactor":0.0006236742115070515},"7drJL7kEdJfgNzeaEYKDqTkfmiG2ain3nEPtGHDZc6i2":{"apy":25.554548777502184,"weeklyFactor":0.0006236742115070515},"5dX3tkVDmbHBWMCQMerAHTmd9wsRvmtKLoQt6qv9fHy7":{"apy":81.23267162314689,"weeklyFactor":0.001630400257806026},"GmBMZ8BNeNR6mRFqu2ZaFvpxvGPXmc9Aa4a1GWFaxWMv":{"apy":25.554548777502184,"weeklyFactor":0.0006236742115070515},"DzCbrMZXNG3XpXuufhBp233LJXvV8Xq1C3q4ksrtbCPP":{"apy":25.554548777502184,"weeklyFactor":0.0006236742115070515},"9bXJSJ3tGjkk8QVSykcGE6KnzdKznfjWP7YXicSRFTe8":{"apy":25.554548777502184,"weeklyFactor":0.0006236742115070515},"EWZW9aJmY2LX6ZyV5RU8waHWKF1aGaxzbuBuRQp6G4j":{"apy":25.554548777502184,"weeklyFactor":0.0006236742115070515},"FejEVPJBH5TEbgcpupNuRyiMRoeaCQwPvtVU6w3i2xRc":{"apy":43.5552798027617,"weeklyFactor":0.000991038700224607},"2keDsfcMY6hLvfrmzDAfnMSudMqYczPVcb8MSkK59P9r":{"apy":25.554548777502184,"weeklyFactor":0.0006236742115070515},"AXSXYioiHGFvQ1XF4zCvXjnVAcMY68WQ4RH5r5nAdah5":{"apy":25.554548777502184,"weeklyFactor":0.0006236742115070515},"9fY5jLin2yYMK9Eee5diWzJRZqLaYgEUupUNsKVYAMhi":{"apy":25.554548777502184,"weeklyFactor":0.0006236742115070515},"A5U2LbZhwc6GFZtYft6MtbGHFhYyZ1pzCRQkz7D2b2YS":{"apy":25.554548777502184,"weeklyFactor":0.0006236742115070515},"B2Mq1fpJ2bZYxxtF4yz6nNvLJLaYzM3zQsHcs2oDqk3z":{"apy":25.554548777502184,"weeklyFactor":0.0006236742115070515},"6rvpVhL9fxm2WLMefNRaLwv6aNdivZadMi56teWfSkuU":{"apy":3.2721012938076083e+149,"weeklyFactor":1.5360056118357306},"5yKHz86cvHocaQnxv4mPJjftA4w7BbJzQQr5rG9miyZ3":{"apy":25.554548777502184,"weeklyFactor":0.0006236742115070515},"BGz6pBLvc4nuGNsbXYoAE7z466kSjZaoXKJMnEkZWkyD":{"apy":25.554548777502184,"weeklyFactor":0.0006236742115070515}}