{"7drJL7kEdJfgNzeaEYKDqTkfmiG2ain3nEPtGHDZc6i2":{"apy":0.8980605217846049,"weeklyFactor":0.00002449487369486051},"2SgUGxYDczrB6wUzXHPJH65pNhWkEzNMEx3km4xTYUTC":{"apy":0.8980605217846049,"weeklyFactor":0.00002449487369486051},"HbMbeaDH8xtB1a8WpwjNqcXBBGraKJjJ2xFkXEdAy1rY":{"apy":0.8980605217846049,"weeklyFactor":0.00002449487369486051},"4FkGNJMvKFk9PFwn8TBtk1ShUKege6D5Au87ezwLWiqk":{"apy":0.8980605217846049,"weeklyFactor":0.00002449487369486051},"FeKSMTD9Z22kdnMLeNWAfaTXydbhVixUPcfZDW3QS1X4":{"apy":0.8980605217846049,"weeklyFactor":0.00002449487369486051},"C7BLPzc1vzLL3Tm5udXELnHDRXeXkdd5f1oMKP8rwUNv":{"apy":0.8980605217846049,"weeklyFactor":0.00002449487369486051},"HYCzZYupXUyamfTQWNkULW1EFcNPCTA5urnEXCFXkLRh":{"apy":0.8980605217846049,"weeklyFactor":0.00002449487369486051},"AvNeVrKZy1FaEG9suboRXNPgmnMwomiU5EvkF6jGxGrX":{"apy":57293.99010055739,"weeklyFactor":0.017556512394821915},"DzCbrMZXNG3XpXuufhBp233LJXvV8Xq1C3q4ksrtbCPP":{"apy":0.8980605217846049,"weeklyFactor":0.00002449487369486051},"EWZW9aJmY2LX6ZyV5RU8waHWKF1aGaxzbuBuRQp6G4j":{"apy":0.8980605217846049,"weeklyFactor":0.00002449487369486051},"9bXJSJ3tGjkk8QVSykcGE6KnzdKznfjWP7YXicSRFTe8":{"apy":0.8980605217846049,"weeklyFactor":0.00002449487369486051},"AXSXYioiHGFvQ1XF4zCvXjnVAcMY68WQ4RH5r5nAdah5":{"apy":0.8980605217846049,"weeklyFactor":0.00002449487369486051},"GmBMZ8BNeNR6mRFqu2ZaFvpxvGPXmc9Aa4a1GWFaxWMv":{"apy":0.8980605217846049,"weeklyFactor":0.00002449487369486051},"2keDsfcMY6hLvfrmzDAfnMSudMqYczPVcb8MSkK59P9r":{"apy":0.8980605217846049,"weeklyFactor":0.00002449487369486051},"5dX3tkVDmbHBWMCQMerAHTmd9wsRvmtKLoQt6qv9fHy7":{"apy":7.7138367182686185,"weeklyFactor":0.00020360391503340997},"FejEVPJBH5TEbgcpupNuRyiMRoeaCQwPvtVU6w3i2xRc":{"apy":121.22976667525207,"weeklyFactor":0.0021777971235371033},"A5U2LbZhwc6GFZtYft6MtbGHFhYyZ1pzCRQkz7D2b2YS":{"apy":0.8980605217846049,"weeklyFactor":0.00002449487369486051},"9fY5jLin2yYMK9Eee5diWzJRZqLaYgEUupUNsKVYAMhi":{"apy":0.8980605217846049,"weeklyFactor":0.00002449487369486051},"B2Mq1fpJ2bZYxxtF4yz6nNvLJLaYzM3zQsHcs2oDqk3z":{"apy":0.8980605217846049,"weeklyFactor":0.00002449487369486051},"5yKHz86cvHocaQnxv4mPJjftA4w7BbJzQQr5rG9miyZ3":{"apy":0.8980605217846049,"weeklyFactor":0.00002449487369486051},"6rvpVhL9fxm2WLMefNRaLwv6aNdivZadMi56teWfSkuU":{"apy":3.8240525284240924e+75,"weeklyFactor":0.5907281104606578},"BGz6pBLvc4nuGNsbXYoAE7z466kSjZaoXKJMnEkZWkyD":{"apy":0.8980605217846049,"weeklyFactor":0.00002449487369486051}}