{"HbMbeaDH8xtB1a8WpwjNqcXBBGraKJjJ2xFkXEdAy1rY":{"apy":36.30343790170454,"weeklyFactor":0.000848889898995709},"4FkGNJMvKFk9PFwn8TBtk1ShUKege6D5Au87ezwLWiqk":{"apy":36.30343790170454,"weeklyFactor":0.000848889898995709},"7drJL7kEdJfgNzeaEYKDqTkfmiG2ain3nEPtGHDZc6i2":{"apy":36.30343790170454,"weeklyFactor":0.000848889898995709},"C7BLPzc1vzLL3Tm5udXELnHDRXeXkdd5f1oMKP8rwUNv":{"apy":36.30343790170454,"weeklyFactor":0.000848889898995709},"FeKSMTD9Z22kdnMLeNWAfaTXydbhVixUPcfZDW3QS1X4":{"apy":36.30343790170454,"weeklyFactor":0.000848889898995709},"AvNeVrKZy1FaEG9suboRXNPgmnMwomiU5EvkF6jGxGrX":{"apy":350.7670399346169,"weeklyFactor":0.004133947253239504},"HYCzZYupXUyamfTQWNkULW1EFcNPCTA5urnEXCFXkLRh":{"apy":36.30343790170454,"weeklyFactor":0.000848889898995709},"2SgUGxYDczrB6wUzXHPJH65pNhWkEzNMEx3km4xTYUTC":{"apy":36.30343790170454,"weeklyFactor":0.000848889898995709},"9bXJSJ3tGjkk8QVSykcGE6KnzdKznfjWP7YXicSRFTe8":{"apy":36.30343790170454,"weeklyFactor":0.000848889898995709},"FejEVPJBH5TEbgcpupNuRyiMRoeaCQwPvtVU6w3i2xRc":{"apy":63.56197084806246,"weeklyFactor":0.0013489137864168266},"EWZW9aJmY2LX6ZyV5RU8waHWKF1aGaxzbuBuRQp6G4j":{"apy":36.30343790170454,"weeklyFactor":0.000848889898995709},"GmBMZ8BNeNR6mRFqu2ZaFvpxvGPXmc9Aa4a1GWFaxWMv":{"apy":36.30343790170454,"weeklyFactor":0.000848889898995709},"2keDsfcMY6hLvfrmzDAfnMSudMqYczPVcb8MSkK59P9r":{"apy":36.30343790170454,"weeklyFactor":0.000848889898995709},"AXSXYioiHGFvQ1XF4zCvXjnVAcMY68WQ4RH5r5nAdah5":{"apy":36.30343790170454,"weeklyFactor":0.000848889898995709},"DzCbrMZXNG3XpXuufhBp233LJXvV8Xq1C3q4ksrtbCPP":{"apy":36.30343790170454,"weeklyFactor":0.000848889898995709},"5dX3tkVDmbHBWMCQMerAHTmd9wsRvmtKLoQt6qv9fHy7":{"apy":100.713351527684,"weeklyFactor":0.0019106108197179657},"A5U2LbZhwc6GFZtYft6MtbGHFhYyZ1pzCRQkz7D2b2YS":{"apy":36.30343790170454,"weeklyFactor":0.000848889898995709},"9fY5jLin2yYMK9Eee5diWzJRZqLaYgEUupUNsKVYAMhi":{"apy":36.30343790170454,"weeklyFactor":0.000848889898995709},"B2Mq1fpJ2bZYxxtF4yz6nNvLJLaYzM3zQsHcs2oDqk3z":{"apy":36.30343790170454,"weeklyFactor":0.000848889898995709},"5yKHz86cvHocaQnxv4mPJjftA4w7BbJzQQr5rG9miyZ3":{"apy":36.30343790170454,"weeklyFactor":0.000848889898995709},"6rvpVhL9fxm2WLMefNRaLwv6aNdivZadMi56teWfSkuU":{"apy":8.441462999778675e+142,"weeklyFactor":1.4327628464946998},"BGz6pBLvc4nuGNsbXYoAE7z466kSjZaoXKJMnEkZWkyD":{"apy":36.30343790170454,"weeklyFactor":0.000848889898995709}}