{"4FkGNJMvKFk9PFwn8TBtk1ShUKege6D5Au87ezwLWiqk":{"apy":0.4145054032826945,"weeklyFactor":0.000011332905209212552},"HbMbeaDH8xtB1a8WpwjNqcXBBGraKJjJ2xFkXEdAy1rY":{"apy":0.4145054032826945,"weeklyFactor":0.000011332905209212552},"C7BLPzc1vzLL3Tm5udXELnHDRXeXkdd5f1oMKP8rwUNv":{"apy":0.4145054032826945,"weeklyFactor":0.000011332905209212552},"2SgUGxYDczrB6wUzXHPJH65pNhWkEzNMEx3km4xTYUTC":{"apy":0.4145054032826945,"weeklyFactor":0.000011332905209212552},"HYCzZYupXUyamfTQWNkULW1EFcNPCTA5urnEXCFXkLRh":{"apy":0.4145054032826945,"weeklyFactor":0.000011332905209212552},"AvNeVrKZy1FaEG9suboRXNPgmnMwomiU5EvkF6jGxGrX":{"apy":189267.52970878305,"weeklyFactor":0.02088992820274019},"FeKSMTD9Z22kdnMLeNWAfaTXydbhVixUPcfZDW3QS1X4":{"apy":0.4145054032826945,"weeklyFactor":0.000011332905209212552},"7drJL7kEdJfgNzeaEYKDqTkfmiG2ain3nEPtGHDZc6i2":{"apy":0.4145054032826945,"weeklyFactor":0.000011332905209212552},"5dX3tkVDmbHBWMCQMerAHTmd9wsRvmtKLoQt6qv9fHy7":{"apy":3.497935689776366,"weeklyFactor":0.0000942002762717794},"GmBMZ8BNeNR6mRFqu2ZaFvpxvGPXmc9Aa4a1GWFaxWMv":{"apy":0.4145054032826945,"weeklyFactor":0.000011332905209212552},"DzCbrMZXNG3XpXuufhBp233LJXvV8Xq1C3q4ksrtbCPP":{"apy":0.4145054032826945,"weeklyFactor":0.000011332905209212552},"9bXJSJ3tGjkk8QVSykcGE6KnzdKznfjWP7YXicSRFTe8":{"apy":0.4145054032826945,"weeklyFactor":0.000011332905209212552},"EWZW9aJmY2LX6ZyV5RU8waHWKF1aGaxzbuBuRQp6G4j":{"apy":0.4145054032826945,"weeklyFactor":0.000011332905209212552},"FejEVPJBH5TEbgcpupNuRyiMRoeaCQwPvtVU6w3i2xRc":{"apy":160.77188291397238,"weeklyFactor":0.002629412026772475},"2keDsfcMY6hLvfrmzDAfnMSudMqYczPVcb8MSkK59P9r":{"apy":0.4145054032826945,"weeklyFactor":0.000011332905209212552},"AXSXYioiHGFvQ1XF4zCvXjnVAcMY68WQ4RH5r5nAdah5":{"apy":0.4145054032826945,"weeklyFactor":0.000011332905209212552},"9fY5jLin2yYMK9Eee5diWzJRZqLaYgEUupUNsKVYAMhi":{"apy":0.4145054032826945,"weeklyFactor":0.000011332905209212552},"A5U2LbZhwc6GFZtYft6MtbGHFhYyZ1pzCRQkz7D2b2YS":{"apy":0.4145054032826945,"weeklyFactor":0.000011332905209212552},"B2Mq1fpJ2bZYxxtF4yz6nNvLJLaYzM3zQsHcs2oDqk3z":{"apy":0.4145054032826945,"weeklyFactor":0.000011332905209212552},"6rvpVhL9fxm2WLMefNRaLwv6aNdivZadMi56teWfSkuU":{"apy":7.77529788309141e+52,"weeklyFactor":0.37856301259637953},"5yKHz86cvHocaQnxv4mPJjftA4w7BbJzQQr5rG9miyZ3":{"apy":0.4145054032826945,"weeklyFactor":0.000011332905209212552},"BGz6pBLvc4nuGNsbXYoAE7z466kSjZaoXKJMnEkZWkyD":{"apy":0.4145054032826945,"weeklyFactor":0.000011332905209212552}}