{"AvNeVrKZy1FaEG9suboRXNPgmnMwomiU5EvkF6jGxGrX":{"apy":2.60923545642171,"weeklyFactor":0.00007057168703057094},"FeKSMTD9Z22kdnMLeNWAfaTXydbhVixUPcfZDW3QS1X4":{"apy":0.000021480265433027057,"weeklyFactor":5.88500342446031e-10},"HbMbeaDH8xtB1a8WpwjNqcXBBGraKJjJ2xFkXEdAy1rY":{"apy":0.000021480265433027057,"weeklyFactor":5.88500342446031e-10},"7drJL7kEdJfgNzeaEYKDqTkfmiG2ain3nEPtGHDZc6i2":{"apy":0.000021480265433027057,"weeklyFactor":5.88500342446031e-10},"HYCzZYupXUyamfTQWNkULW1EFcNPCTA5urnEXCFXkLRh":{"apy":0.000021480265433027057,"weeklyFactor":5.88500342446031e-10},"2keDsfcMY6hLvfrmzDAfnMSudMqYczPVcb8MSkK59P9r":{"apy":0.000021480265433027057,"weeklyFactor":5.88500342446031e-10},"9bXJSJ3tGjkk8QVSykcGE6KnzdKznfjWP7YXicSRFTe8":{"apy":0.000021480265433027057,"weeklyFactor":5.88500342446031e-10},"DzCbrMZXNG3XpXuufhBp233LJXvV8Xq1C3q4ksrtbCPP":{"apy":0.000021480265433027057,"weeklyFactor":5.88500342446031e-10},"AXSXYioiHGFvQ1XF4zCvXjnVAcMY68WQ4RH5r5nAdah5":{"apy":0.000021480265433027057,"weeklyFactor":5.88500342446031e-10},"GmBMZ8BNeNR6mRFqu2ZaFvpxvGPXmc9Aa4a1GWFaxWMv":{"apy":0.000021480265433027057,"weeklyFactor":5.88500342446031e-10},"5dX3tkVDmbHBWMCQMerAHTmd9wsRvmtKLoQt6qv9fHy7":{"apy":34710.95767718351,"weeklyFactor":0.01616353310960594},"FejEVPJBH5TEbgcpupNuRyiMRoeaCQwPvtVU6w3i2xRc":{"apy":0.03044720715439375,"weeklyFactor":8.340434418912653e-7},"EWZW9aJmY2LX6ZyV5RU8waHWKF1aGaxzbuBuRQp6G4j":{"apy":0.000021480265433027057,"weeklyFactor":5.88500342446031e-10},"A5U2LbZhwc6GFZtYft6MtbGHFhYyZ1pzCRQkz7D2b2YS":{"apy":0.000021480265433027057,"weeklyFactor":5.88500342446031e-10},"9fY5jLin2yYMK9Eee5diWzJRZqLaYgEUupUNsKVYAMhi":{"apy":0.000021480265433027057,"weeklyFactor":5.88500342446031e-10},"B2Mq1fpJ2bZYxxtF4yz6nNvLJLaYzM3zQsHcs2oDqk3z":{"apy":0.000021480265433027057,"weeklyFactor":5.88500342446031e-10},"5yKHz86cvHocaQnxv4mPJjftA4w7BbJzQQr5rG9miyZ3":{"apy":0.000021480265433027057,"weeklyFactor":5.88500342446031e-10},"6rvpVhL9fxm2WLMefNRaLwv6aNdivZadMi56teWfSkuU":{"apy":11537354874613.44,"weeklyFactor":0.0722773698674998},"BGz6pBLvc4nuGNsbXYoAE7z466kSjZaoXKJMnEkZWkyD":{"apy":0.000021480265433027057,"weeklyFactor":5.88500342446031e-10},"2SgUGxYDczrB6wUzXHPJH65pNhWkEzNMEx3km4xTYUTC":{"apy":0.000021480265433027057,"weeklyFactor":5.88500342446031e-10},"4FkGNJMvKFk9PFwn8TBtk1ShUKege6D5Au87ezwLWiqk":{"apy":6.314987333924327,"weeklyFactor":0.00016778415729252222},"C7BLPzc1vzLL3Tm5udXELnHDRXeXkdd5f1oMKP8rwUNv":{"apy":0.000021480265433027057,"weeklyFactor":5.88500342446031e-10}}