{"4FkGNJMvKFk9PFwn8TBtk1ShUKege6D5Au87ezwLWiqk":{"apy":8.044263135534123,"weeklyFactor":0.00021199726556165007},"7drJL7kEdJfgNzeaEYKDqTkfmiG2ain3nEPtGHDZc6i2":{"apy":8.044263135534123,"weeklyFactor":0.00021199726556165007},"HYCzZYupXUyamfTQWNkULW1EFcNPCTA5urnEXCFXkLRh":{"apy":8.044263135534123,"weeklyFactor":0.00021199726556165007},"2SgUGxYDczrB6wUzXHPJH65pNhWkEzNMEx3km4xTYUTC":{"apy":8.044263135534123,"weeklyFactor":0.00021199726556165007},"AvNeVrKZy1FaEG9suboRXNPgmnMwomiU5EvkF6jGxGrX":{"apy":80.59197734946821,"weeklyFactor":0.0016206818377068042},"HbMbeaDH8xtB1a8WpwjNqcXBBGraKJjJ2xFkXEdAy1rY":{"apy":8.044263135534123,"weeklyFactor":0.00021199726556165007},"C7BLPzc1vzLL3Tm5udXELnHDRXeXkdd5f1oMKP8rwUNv":{"apy":8.044263135534123,"weeklyFactor":0.00021199726556165007},"FeKSMTD9Z22kdnMLeNWAfaTXydbhVixUPcfZDW3QS1X4":{"apy":8.044263135534123,"weeklyFactor":0.00021199726556165007},"DzCbrMZXNG3XpXuufhBp233LJXvV8Xq1C3q4ksrtbCPP":{"apy":8.044263135534123,"weeklyFactor":0.00021199726556165007},"GmBMZ8BNeNR6mRFqu2ZaFvpxvGPXmc9Aa4a1GWFaxWMv":{"apy":8.044263135534123,"weeklyFactor":0.00021199726556165007},"5dX3tkVDmbHBWMCQMerAHTmd9wsRvmtKLoQt6qv9fHy7":{"apy":47.24526126717228,"weeklyFactor":0.0010606427813445365},"9bXJSJ3tGjkk8QVSykcGE6KnzdKznfjWP7YXicSRFTe8":{"apy":8.044263135534123,"weeklyFactor":0.00021199726556165007},"2keDsfcMY6hLvfrmzDAfnMSudMqYczPVcb8MSkK59P9r":{"apy":8.044263135534123,"weeklyFactor":0.00021199726556165007},"AXSXYioiHGFvQ1XF4zCvXjnVAcMY68WQ4RH5r5nAdah5":{"apy":8.044263135534123,"weeklyFactor":0.00021199726556165007},"EWZW9aJmY2LX6ZyV5RU8waHWKF1aGaxzbuBuRQp6G4j":{"apy":8.044263135534123,"weeklyFactor":0.00021199726556165007},"FejEVPJBH5TEbgcpupNuRyiMRoeaCQwPvtVU6w3i2xRc":{"apy":13.081324147461348,"weeklyFactor":0.00033687058184706285},"A5U2LbZhwc6GFZtYft6MtbGHFhYyZ1pzCRQkz7D2b2YS":{"apy":8.044263135534123,"weeklyFactor":0.00021199726556165007},"9fY5jLin2yYMK9Eee5diWzJRZqLaYgEUupUNsKVYAMhi":{"apy":8.044263135534123,"weeklyFactor":0.00021199726556165007},"B2Mq1fpJ2bZYxxtF4yz6nNvLJLaYzM3zQsHcs2oDqk3z":{"apy":8.044263135534123,"weeklyFactor":0.00021199726556165007},"6rvpVhL9fxm2WLMefNRaLwv6aNdivZadMi56teWfSkuU":{"apy":7.812727052239531e+160,"weeklyFactor":1.7247254421481457},"5yKHz86cvHocaQnxv4mPJjftA4w7BbJzQQr5rG9miyZ3":{"apy":8.044263135534123,"weeklyFactor":0.00021199726556165007},"BGz6pBLvc4nuGNsbXYoAE7z466kSjZaoXKJMnEkZWkyD":{"apy":8.044263135534123,"weeklyFactor":0.00021199726556165007}}