{"CrMFwYDc3j4d9f9dogyDTx97raJJpAupntzVXm2bL8hH":{"apy":613.406273775741,"weeklyFactor":0.005397750937109537},"7cRPNt4EMSwvmwSrm379JhyG7s49CuCbCfnARzGykkzx":{"apy":613.406273775741,"weeklyFactor":0.005397750937109537},"AG4harXetHAJLmKfQRTvW8uBBhjGDqbSvMQGTAhik4eE":{"apy":613.406273775741,"weeklyFactor":0.005397750937109537},"71QzPrqM26vMDJdtanPqyNyQ7MzqVw3FqzUWTpdNxta2":{"apy":613.406273775741,"weeklyFactor":0.005397750937109537},"6SXW9UNVdiUWJhw4RvfmovbkTEBeb8tvBzPHc8EeVWi":{"apy":613.406273775741,"weeklyFactor":0.005397750937109537},"9gGUAz4psCE2t3NFr8p64hgvXAcQGADtLmrNDTKMJPpC":{"apy":613.406273775741,"weeklyFactor":0.005397750937109537},"7Pzoefg48HurAC8ewRfgJgJmvGSasMYi5zHgQ67cxGTS":{"apy":613.406273775741,"weeklyFactor":0.005397750937109537},"AgUfgteJ5mGWeuKZeUTedwvvu8jLaWGiRE2matEMoHEG":{"apy":613.406273775741,"weeklyFactor":0.005397750937109537},"Di5eqFCEonm8ABWfZph4fermaFbtrU5Jj2mrYdkKM1pT":{"apy":613.406273775741,"weeklyFactor":0.005397750937109537},"6nqWUFzjoJzuZ9FWF6iBjFwUpGX6mZrF25WaWsbwqekM":{"apy":613.406273775741,"weeklyFactor":0.005397750937109537},"BbuK8MkcZSJxx7VtRXB8Up8CqeURv3FRHzdzavPyKr1H":{"apy":613.406273775741,"weeklyFactor":0.005397750937109537},"4NkYxZtSpUzQc2oxktQoRYUSYC4awrtspuAGLq7Sx8A1":{"apy":613.406273775741,"weeklyFactor":0.005397750937109537},"8cQaC9iDd9pGQYcZfK61zgMitBvsW7218WzG55JhonsZ":{"apy":613.406273775741,"weeklyFactor":0.005397750937109537},"8qhdhHUPxCqXDqhYiXDjjDnLAHctt7pEettHU6bTSXFB":{"apy":613.406273775741,"weeklyFactor":0.005397750937109537},"FmV9BnyyAGqVWudkV2S4hq7TGkUfoa8ku6UhKK1UN9zn":{"apy":228.59919185274657,"weeklyFactor":0.0032646834272471855},"CqVgxaQprGDZkBnAFNxKnwgaB5929CT1nSFxYjgUJz4H":{"apy":613.406273775741,"weeklyFactor":0.005397750937109537},"27j5twe2g8Vqr6bGyEjX4dSPKA3s1hu4N1nm9u3gRsmc":{"apy":613.406273775741,"weeklyFactor":0.005397750937109537},"7WxatmehVQjfXYMXoyFXnrRMCpDnMKcShFhNDXUioDpb":{"apy":613.406273775741,"weeklyFactor":0.005397750937109537},"45t3M59UDEkeADxyGq1tJxwoUPQ5kUxeuLsusYBFkBah":{"apy":613.406273775741,"weeklyFactor":0.005397750937109537},"569xM2bZSTijhdB8u15G6e442PVq3PhcJUPFUZM9njvi":{"apy":613.406273775741,"weeklyFactor":0.005397750937109537},"D8W6t585rTrYfhtQQTxozyG6w2oCLpBwLCy7rMsS1rNF":{"apy":613.406273775741,"weeklyFactor":0.005397750937109537},"HUmPDU5amyLXjpZJGwMf6YAa6W9LW2srJjcrSM3FXgUA":{"apy":613.406273775741,"weeklyFactor":0.005397750937109537},"9z35ptatPpnzzfzCXB5k7aJ6jxg4Qyno5xXVMLC7oHAW":{"apy":613.406273775741,"weeklyFactor":0.005397750937109537},"GAd62dWPW36cxUPndsPwB52x1xjeRcJMuZ2SNdZTMzDR":{"apy":613.406273775741,"weeklyFactor":0.005397750937109537},"7w3qaYPMAnbHnyWKqDzHVZcTLfJaDXhB2JdDUkZXuMho":{"apy":613.406273775741,"weeklyFactor":0.005397750937109537},"GYXWHy8iakBiffXh6NinMnxkuJkmNrMPry6zCPQdeaJ2":{"apy":613.406273775741,"weeklyFactor":0.005397750937109537},"79RBFWfLKbJMNHzF6sqsAb7z9iXY1kyNFpuW6HJQQW4f":{"apy":613.406273775741,"weeklyFactor":0.005397750937109537},"FKh586sYqro7RsTYsr7Wwc6b95bdkWCLEDKRc8fmBruh":{"apy":613.406273775741,"weeklyFactor":0.005397750937109537},"6m8H4nKpm5fEQqKBaniRUYQfeaH7pjMkPPFiMnGXZEd8":{"apy":613.406273775741,"weeklyFactor":0.005397750937109537},"EKYai7Zh1qPtRtkkYJcCvdEPo2fXj3bfuTGoNUSJ4Z1m":{"apy":613.406273775741,"weeklyFactor":0.005397750937109537},"84GSk7hjwaUwX5wxmvnHiTtSnffPYP7dnmoP6ZJ5TnSR":{"apy":613.406273775741,"weeklyFactor":0.005397750937109537},"GBEo8NoJAg5woWXXWXKT5xaWVUmxsqYgLkvyLkFDEgzY":{"apy":613.406273775741,"weeklyFactor":0.005397750937109537},"EGLDBGNDaC1pr3iznmGDUSVLmFE8DGR1LruUHTwCFhhy":{"apy":613.406273775741,"weeklyFactor":0.005397750937109537},"BZSp8EvV8XTfNrsyBXrF2xGB3L7SbHSwhmJ7RD74zmAH":{"apy":613.406273775741,"weeklyFactor":0.005397750937109537},"xQob6CJEuPD23kbMENHWGWT7ho4Anwx4dpH7pBbX6MY":{"apy":613.406273775741,"weeklyFactor":0.005397750937109537},"2ShQGNv3YNqABBSEVGwSk9s1UCaDMGGehdbnjiJ1HmYn":{"apy":2.1159803119422382e+37,"weeklyFactor":0.24963224669214057},"6zPRRm2tjgUYPrnSboaxr2RvovB9y5vT9f4kYyzdbbri":{"apy":613.406273775741,"weeklyFactor":0.005397750937109537},"A7AwVVu1y1bzz86LQrLbVtgC43k7LES6Lesc8ao7MGFP":{"apy":613.406273775741,"weeklyFactor":0.005397750937109537},"51DNyWAJ7pa67DzkbHfipbZYW5hUSSRYsec5iHndtZ2W":{"apy":613.406273775741,"weeklyFactor":0.005397750937109537},"NvbSrT458e6LCeLq257rH73dZ7btcq1TPkQVsyL8ouT":{"apy":613.406273775741,"weeklyFactor":0.005397750937109537},"HZwUnXYy27TUWQucuuSM8dYJxxCgUMgfDf83vZNz7CKe":{"apy":613.406273775741,"weeklyFactor":0.005397750937109537},"A4maCv1LM7rjpUzzM7JP4wg61VchwCovKiRqo3fbXSgF":{"apy":613.406273775741,"weeklyFactor":0.005397750937109537},"6Cr9rtgY4c7H6DZzaCTgVpeFK8TpdcuhZXeZ2wqPhCD3":{"apy":613.406273775741,"weeklyFactor":0.005397750937109537},"GGAtxXgYGP5YzxbhhnuYCwZJV24idnSp31XK81Lqu6vi":{"apy":201.6749073360147,"weeklyFactor":0.0030297304822768972},"6fJ7t3uvmosPqXY51Qcwdc126miSnTF2bt7xgG5fyPgX":{"apy":613.406273775741,"weeklyFactor":0.005397750937109537},"BvPLZDd4cHfNeUy3F9tv8PQkJSWtwe5EyFpyTm81tQ9g":{"apy":613.406273775741,"weeklyFactor":0.005397750937109537},"6W6iaKmdBNqyFrXmJqB5yrebr3KowYDs4F9Nide4ARYL":{"apy":613.406273775741,"weeklyFactor":0.005397750937109537},"82g9tPxdE3UgLiSoA4KkV6S7hXKdN4RDjcbBiqTwWSWw":{"apy":613.406273775741,"weeklyFactor":0.005397750937109537},"5yjxDcJzH1yaKYA6AH7GEgxtC6rdqy2kSCifjMLcmh8b":{"apy":613.406273775741,"weeklyFactor":0.005397750937109537},"Hb2freG61xfMgmH6CUJDiyjG5zbbfcp9a6TQ2SJvs2Ur":{"apy":613.406273775741,"weeklyFactor":0.005397750937109537},"Hb3evEtCB4ykLYYKFGkGgVuaCyrWFbXwe3jtkMSkq6Ve":{"apy":613.406273775741,"weeklyFactor":0.005397750937109537},"F8fj2myqZcw5CZy8yaNZDJXS2rzB7FL79maFBJM16WPu":{"apy":613.406273775741,"weeklyFactor":0.005397750937109537},"93b5xNohGF24cbbGn7pw4QUKGLcrXdBVGw8gRsxTNcUx":{"apy":613.406273775741,"weeklyFactor":0.005397750937109537},"7SaJ5xEHTtWrFoJcNrNkJKb4pHJSDoMtzvcyHXJuhZRf":{"apy":613.406273775741,"weeklyFactor":0.005397750937109537},"3a3EdoS5MvDcw9K8GdAb2FD7A9cUK6TuAqboJX23DQNM":{"apy":613.406273775741,"weeklyFactor":0.005397750937109537},"Fb8rVemMjXE9r7FNK7DTmUdDhQDa3jFufkqrH2bsDYWX":{"apy":613.406273775741,"weeklyFactor":0.005397750937109537},"bfSBHwyL6PNjpeQEyrjsnbo7TzGRttbymvN74Y9czN3":{"apy":613.406273775741,"weeklyFactor":0.005397750937109537},"5Wc3GkVnPmfRMgumstAEtT1yWYR7nBeyjYEQonz91bpb":{"apy":613.406273775741,"weeklyFactor":0.005397750937109537},"hLZNVV8EbeLCjkXCxfBePjAcuPSwCryWtiStoV7E4cU":{"apy":613.406273775741,"weeklyFactor":0.005397750937109537},"CssW9uGzH22u9CUkft1xgqHgKCGCTrCL6Ma93wLY94dq":{"apy":613.406273775741,"weeklyFactor":0.005397750937109537},"As83NX9BsHUx5RBuRWGWzByzXsSEoThVzcTpHrNkvUFt":{"apy":613.406273775741,"weeklyFactor":0.005397750937109537},"8PhY9FH6ZQT74nnBuxxoVs4nYk9NUWwguFfWrZHGiAwK":{"apy":613.406273775741,"weeklyFactor":0.005397750937109537},"CHQ8Ti9L3z9aLfML1ULf78ZaGFwaTMA6GFcteBvMgmAG":{"apy":613.406273775741,"weeklyFactor":0.005397750937109537},"HbJhdrHeagEKTKLiajwXSvgETRs652U3vcMHpQS5y8qr":{"apy":613.406273775741,"weeklyFactor":0.005397750937109537},"ApkrPbiWzEmkRj92g8tpzMNNXGkTogRNMQfESaUQAykv":{"apy":613.406273775741,"weeklyFactor":0.005397750937109537},"DkFWVeEchx65Q9vymQjDjdfY472vV4JvkXompH5s4u6u":{"apy":613.406273775741,"weeklyFactor":0.005397750937109537},"91efQM48sjFp5YPLRPVVFwxoER2YiYzy9BfhPeAk8oNS":{"apy":613.406273775741,"weeklyFactor":0.005397750937109537},"74nxLDML7sZeFjeqLteu89kGxC18ZRdsSHsMP9q5BALP":{"apy":613.406273775741,"weeklyFactor":0.005397750937109537},"CC72FniNhUM41xSoA5h1idGxstrKXDqqhnYzfyBTSZDG":{"apy":8.354654205782282e+29,"weeklyFactor":0.19260996599970107},"8krGUkrubzsymUFmy5ncJHiE5RwyDEWazvwfahii7UW1":{"apy":613.406273775741,"weeklyFactor":0.005397750937109537},"HyXFTA4sq7NM4Bs49zPu25T1fzE5KXabafoiC4qAWjxR":{"apy":613.406273775741,"weeklyFactor":0.005397750937109537},"9chT2PBZvM3TLfPQeHWyWREMUY8eLVp2uK5NnkGh3upt":{"apy":613.406273775741,"weeklyFactor":0.005397750937109537},"7p9iJfB1ToLYv55JontFhAt1K5rA57oa9AWyrZRaRX4A":{"apy":613.406273775741,"weeklyFactor":0.005397750937109537},"2Ag3cXASMvi9aNTc3iPT2R31zVxQXeawhsx4Ukf2xTeH":{"apy":613.406273775741,