{"4FkGNJMvKFk9PFwn8TBtk1ShUKege6D5Au87ezwLWiqk":{"apy":0.5646086246704041,"weeklyFactor":0.000015425343201428196},"HbMbeaDH8xtB1a8WpwjNqcXBBGraKJjJ2xFkXEdAy1rY":{"apy":0.5646086246704041,"weeklyFactor":0.000015425343201428196},"FeKSMTD9Z22kdnMLeNWAfaTXydbhVixUPcfZDW3QS1X4":{"apy":0.5646086246704041,"weeklyFactor":0.000015425343201428196},"7drJL7kEdJfgNzeaEYKDqTkfmiG2ain3nEPtGHDZc6i2":{"apy":0.5646086246704041,"weeklyFactor":0.000015425343201428196},"HYCzZYupXUyamfTQWNkULW1EFcNPCTA5urnEXCFXkLRh":{"apy":0.5646086246704041,"weeklyFactor":0.000015425343201428196},"AvNeVrKZy1FaEG9suboRXNPgmnMwomiU5EvkF6jGxGrX":{"apy":130604.13243495436,"weeklyFactor":0.01985347248480923},"2SgUGxYDczrB6wUzXHPJH65pNhWkEzNMEx3km4xTYUTC":{"apy":0.5646086246704041,"weeklyFactor":0.000015425343201428196},"C7BLPzc1vzLL3Tm5udXELnHDRXeXkdd5f1oMKP8rwUNv":{"apy":0.5646086246704041,"weeklyFactor":0.000015425343201428196},"EWZW9aJmY2LX6ZyV5RU8waHWKF1aGaxzbuBuRQp6G4j":{"apy":0.5646086246704041,"weeklyFactor":0.000015425343201428196},"2keDsfcMY6hLvfrmzDAfnMSudMqYczPVcb8MSkK59P9r":{"apy":0.5646086246704041,"weeklyFactor":0.000015425343201428196},"9bXJSJ3tGjkk8QVSykcGE6KnzdKznfjWP7YXicSRFTe8":{"apy":0.5646086246704041,"weeklyFactor":0.000015425343201428196},"DzCbrMZXNG3XpXuufhBp233LJXvV8Xq1C3q4ksrtbCPP":{"apy":0.5646086246704041,"weeklyFactor":0.000015425343201428196},"AXSXYioiHGFvQ1XF4zCvXjnVAcMY68WQ4RH5r5nAdah5":{"apy":0.5646086246704041,"weeklyFactor":0.000015425343201428196},"5dX3tkVDmbHBWMCQMerAHTmd9wsRvmtKLoQt6qv9fHy7":{"apy":4.790844518119619,"weeklyFactor":0.0001282170427032553},"FejEVPJBH5TEbgcpupNuRyiMRoeaCQwPvtVU6w3i2xRc":{"apy":147.77559565860804,"weeklyFactor":0.0024889918464729597},"GmBMZ8BNeNR6mRFqu2ZaFvpxvGPXmc9Aa4a1GWFaxWMv":{"apy":0.5646086246704041,"weeklyFactor":0.000015425343201428196},"A5U2LbZhwc6GFZtYft6MtbGHFhYyZ1pzCRQkz7D2b2YS":{"apy":0.5646086246704041,"weeklyFactor":0.000015425343201428196},"9fY5jLin2yYMK9Eee5diWzJRZqLaYgEUupUNsKVYAMhi":{"apy":0.5646086246704041,"weeklyFactor":0.000015425343201428196},"B2Mq1fpJ2bZYxxtF4yz6nNvLJLaYzM3zQsHcs2oDqk3z":{"apy":0.5646086246704041,"weeklyFactor":0.000015425343201428196},"5yKHz86cvHocaQnxv4mPJjftA4w7BbJzQQr5rG9miyZ3":{"apy":0.5646086246704041,"weeklyFactor":0.000015425343201428196},"6rvpVhL9fxm2WLMefNRaLwv6aNdivZadMi56teWfSkuU":{"apy":1.9968205258295706e+60,"weeklyFactor":0.44453129903231053},"BGz6pBLvc4nuGNsbXYoAE7z466kSjZaoXKJMnEkZWkyD":{"apy":0.5646086246704041,"weeklyFactor":0.000015425343201428196}}