{"6W6iaKmdBNqyFrXmJqB5yrebr3KowYDs4F9Nide4ARYL":{"apy":8.044263135534123,"weeklyFactor":0.00021199726556165007},"569xM2bZSTijhdB8u15G6e442PVq3PhcJUPFUZM9njvi":{"apy":8.044263135534123,"weeklyFactor":0.00021199726556165007},"Di5eqFCEonm8ABWfZph4fermaFbtrU5Jj2mrYdkKM1pT":{"apy":8.044263135534123,"weeklyFactor":0.00021199726556165007},"xQob6CJEuPD23kbMENHWGWT7ho4Anwx4dpH7pBbX6MY":{"apy":8.044263135534123,"weeklyFactor":0.00021199726556165007},"7Pzoefg48HurAC8ewRfgJgJmvGSasMYi5zHgQ67cxGTS":{"apy":8.044263135534123,"weeklyFactor":0.00021199726556165007},"HUmPDU5amyLXjpZJGwMf6YAa6W9LW2srJjcrSM3FXgUA":{"apy":8.044263135534123,"weeklyFactor":0.00021199726556165007},"CqVgxaQprGDZkBnAFNxKnwgaB5929CT1nSFxYjgUJz4H":{"apy":8.044263135534123,"weeklyFactor":0.00021199726556165007},"BZSp8EvV8XTfNrsyBXrF2xGB3L7SbHSwhmJ7RD74zmAH":{"apy":8.044263135534123,"weeklyFactor":0.00021199726556165007},"FKh586sYqro7RsTYsr7Wwc6b95bdkWCLEDKRc8fmBruh":{"apy":8.044263135534123,"weeklyFactor":0.00021199726556165007},"GAd62dWPW36cxUPndsPwB52x1xjeRcJMuZ2SNdZTMzDR":{"apy":8.044263135534123,"weeklyFactor":0.00021199726556165007},"GGAtxXgYGP5YzxbhhnuYCwZJV24idnSp31XK81Lqu6vi":{"apy":255.95194251049426,"weeklyFactor":0.0034844828894996026},"2ShQGNv3YNqABBSEVGwSk9s1UCaDMGGehdbnjiJ1HmYn":{"apy":0,"weeklyFactor":11.58748571750875},"AgUfgteJ5mGWeuKZeUTedwvvu8jLaWGiRE2matEMoHEG":{"apy":8.044263135534123,"weeklyFactor":0.00021199726556165007},"51DNyWAJ7pa67DzkbHfipbZYW5hUSSRYsec5iHndtZ2W":{"apy":8.044263135534123,"weeklyFactor":0.00021199726556165007},"71QzPrqM26vMDJdtanPqyNyQ7MzqVw3FqzUWTpdNxta2":{"apy":8.044263135534123,"weeklyFactor":0.00021199726556165007},"EKYai7Zh1qPtRtkkYJcCvdEPo2fXj3bfuTGoNUSJ4Z1m":{"apy":8.044263135534123,"weeklyFactor":0.00021199726556165007},"EGLDBGNDaC1pr3iznmGDUSVLmFE8DGR1LruUHTwCFhhy":{"apy":8.044263135534123,"weeklyFactor":0.00021199726556165007},"GBEo8NoJAg5woWXXWXKT5xaWVUmxsqYgLkvyLkFDEgzY":{"apy":8.044263135534123,"weeklyFactor":0.00021199726556165007},"6fJ7t3uvmosPqXY51Qcwdc126miSnTF2bt7xgG5fyPgX":{"apy":8.044263135534123,"weeklyFactor":0.00021199726556165007},"6zPRRm2tjgUYPrnSboaxr2RvovB9y5vT9f4kYyzdbbri":{"apy":8.044263135534123,"weeklyFactor":0.00021199726556165007},"7cRPNt4EMSwvmwSrm379JhyG7s49CuCbCfnARzGykkzx":{"apy":8.044263135534123,"weeklyFactor":0.00021199726556165007},"8qhdhHUPxCqXDqhYiXDjjDnLAHctt7pEettHU6bTSXFB":{"apy":8.044263135534123,"weeklyFactor":0.00021199726556165007},"FmV9BnyyAGqVWudkV2S4hq7TGkUfoa8ku6UhKK1UN9zn":{"apy":48.618863557611334,"weeklyFactor":0.0010861096097174127},"5yjxDcJzH1yaKYA6AH7GEgxtC6rdqy2kSCifjMLcmh8b":{"apy":8.044263135534123,"weeklyFactor":0.00021199726556165007},"7WxatmehVQjfXYMXoyFXnrRMCpDnMKcShFhNDXUioDpb":{"apy":8.044263135534123,"weeklyFactor":0.00021199726556165007},"A4maCv1LM7rjpUzzM7JP4wg61VchwCovKiRqo3fbXSgF":{"apy":8.044263135534123,"weeklyFactor":0.00021199726556165007},"6m8H4nKpm5fEQqKBaniRUYQfeaH7pjMkPPFiMnGXZEd8":{"apy":8.044263135534123,"weeklyFactor":0.00021199726556165007},"6SXW9UNVdiUWJhw4RvfmovbkTEBeb8tvBzPHc8EeVWi":{"apy":8.044263135534123,"weeklyFactor":0.00021199726556165007},"GYXWHy8iakBiffXh6NinMnxkuJkmNrMPry6zCPQdeaJ2":{"apy":8.044263135534123,"weeklyFactor":0.00021199726556165007},"BbuK8MkcZSJxx7VtRXB8Up8CqeURv3FRHzdzavPyKr1H":{"apy":8.044263135534123,"weeklyFactor":0.00021199726556165007},"BvPLZDd4cHfNeUy3F9tv8PQkJSWtwe5EyFpyTm81tQ9g":{"apy":8.044263135534123,"weeklyFactor":0.00021199726556165007},"A7AwVVu1y1bzz86LQrLbVtgC43k7LES6Lesc8ao7MGFP":{"apy":8.044263135534123,"weeklyFactor":0.00021199726556165007},"D8W6t585rTrYfhtQQTxozyG6w2oCLpBwLCy7rMsS1rNF":{"apy":8.044263135534123,"weeklyFactor":0.00021199726556165007},"9z35ptatPpnzzfzCXB5k7aJ6jxg4Qyno5xXVMLC7oHAW":{"apy":8.044263135534123,"weeklyFactor":0.00021199726556165007},"CrMFwYDc3j4d9f9dogyDTx97raJJpAupntzVXm2bL8hH":{"apy":8.044263135534123,"weeklyFactor":0.00021199726556165007},"79RBFWfLKbJMNHzF6sqsAb7z9iXY1kyNFpuW6HJQQW4f":{"apy":8.044263135534123,"weeklyFactor":0.00021199726556165007},"27j5twe2g8Vqr6bGyEjX4dSPKA3s1hu4N1nm9u3gRsmc":{"apy":8.044263135534123,"weeklyFactor":0.00021199726556165007},"8cQaC9iDd9pGQYcZfK61zgMitBvsW7218WzG55JhonsZ":{"apy":8.044263135534123,"weeklyFactor":0.00021199726556165007},"AG4harXetHAJLmKfQRTvW8uBBhjGDqbSvMQGTAhik4eE":{"apy":8.044263135534123,"weeklyFactor":0.00021199726556165007},"9gGUAz4psCE2t3NFr8p64hgvXAcQGADtLmrNDTKMJPpC":{"apy":8.044263135534123,"weeklyFactor":0.00021199726556165007},"84GSk7hjwaUwX5wxmvnHiTtSnffPYP7dnmoP6ZJ5TnSR":{"apy":8.044263135534123,"weeklyFactor":0.00021199726556165007},"7w3qaYPMAnbHnyWKqDzHVZcTLfJaDXhB2JdDUkZXuMho":{"apy":8.044263135534123,"weeklyFactor":0.00021199726556165007},"NvbSrT458e6LCeLq257rH73dZ7btcq1TPkQVsyL8ouT":{"apy":8.044263135534123,"weeklyFactor":0.00021199726556165007},"45t3M59UDEkeADxyGq1tJxwoUPQ5kUxeuLsusYBFkBah":{"apy":8.044263135534123,"weeklyFactor":0.00021199726556165007},"6Cr9rtgY4c7H6DZzaCTgVpeFK8TpdcuhZXeZ2wqPhCD3":{"apy":8.044263135534123,"weeklyFactor":0.00021199726556165007},"HZwUnXYy27TUWQucuuSM8dYJxxCgUMgfDf83vZNz7CKe":{"apy":8.044263135534123,"weeklyFactor":0.00021199726556165007},"4NkYxZtSpUzQc2oxktQoRYUSYC4awrtspuAGLq7Sx8A1":{"apy":8.044263135534123,"weeklyFactor":0.00021199726556165007},"6nqWUFzjoJzuZ9FWF6iBjFwUpGX6mZrF25WaWsbwqekM":{"apy":8.044263135534123,"weeklyFactor":0.00021199726556165007},"82g9tPxdE3UgLiSoA4KkV6S7hXKdN4RDjcbBiqTwWSWw":{"apy":8.044263135534123,"weeklyFactor":0.00021199726556165007},"93b5xNohGF24cbbGn7pw4QUKGLcrXdBVGw8gRsxTNcUx":{"apy":8.044263135534123,"weeklyFactor":0.00021199726556165007},"F8fj2myqZcw5CZy8yaNZDJXS2rzB7FL79maFBJM16WPu":{"apy":8.044263135534123,"weeklyFactor":0.00021199726556165007},"CssW9uGzH22u9CUkft1xgqHgKCGCTrCL6Ma93wLY94dq":{"apy":8.044263135534123,"weeklyFactor":0.00021199726556165007},"ApkrPbiWzEmkRj92g8tpzMNNXGkTogRNMQfESaUQAykv":{"apy":8.044263135534123,"weeklyFactor":0.00021199726556165007},"DkFWVeEchx65Q9vymQjDjdfY472vV4JvkXompH5s4u6u":{"apy":8.044263135534123,"weeklyFactor":0.00021199726556165007},"As83NX9BsHUx5RBuRWGWzByzXsSEoThVzcTpHrNkvUFt":{"apy":8.044263135534123,"weeklyFactor":0.00021199726556165007},"Hb2freG61xfMgmH6CUJDiyjG5zbbfcp9a6TQ2SJvs2Ur":{"apy":8.044263135534123,"weeklyFactor":0.00021199726556165007},"hLZNVV8EbeLCjkXCxfBePjAcuPSwCryWtiStoV7E4cU":{"apy":8.044263135534123,"weeklyFactor":0.00021199726556165007},"bfSBHwyL6PNjpeQEyrjsnbo7TzGRttbymvN74Y9czN3":{"apy":8.044263135534123,"weeklyFactor":0.00021199726556165007},"CC72FniNhUM41xSoA5h1idGxstrKXDqqhnYzfyBTSZDG":{"apy":1625810564.711557,"weeklyFactor":0.0465412623100779},"8krGUkrubzsymUFmy5ncJHiE5RwyDEWazvwfahii7UW1":{"apy":8.044263135534123,"weeklyFactor":0.00021199726556165007},"91efQM48sjFp5YPLRPVVFwxoER2YiYzy9BfhPeAk8oNS":{"apy":8.044263135534123,"weeklyFactor":0.00021199726556165007},"7SaJ5xEHTtWrFoJcNrNkJKb4pHJSDoMtzvcyHXJuhZRf":{"apy":8.044263135534123,"weeklyFactor":0.00021199726556165007},"8PhY9FH6ZQT74nnBuxxoVs4nYk9NUWwguFfWrZHGiAwK":{"apy":8.044263135534123,"weeklyFactor":0.00021199726556165007},"HbJhdrHeagEKTKLiajwXSvgETRs652U3vcMHpQS5y8qr":{"apy":8.044263135534123,"weeklyFactor":0.00021199726556165007},"CHQ8Ti9L3z9aLfML1ULf78ZaGFwaTMA6GFcteBvMgmAG":{"apy":8.044263135534123,"weeklyFactor":0.00021199726556165007},"3a3EdoS5MvDcw9K8GdAb2FD7A9cUK6TuAqboJX23DQNM":{"apy":8.044263135534123,"weeklyFactor":0.00021199726556165007},"5Wc3GkVnPmfRMgumstAEtT1yWYR7nBeyjYEQonz91bpb":{"apy":8.044263135534123,"weeklyFactor":0.00021199726556165007},"74nxLDML7sZeFjeqLteu89kGxC18ZRdsSHsMP9q5BALP":{"apy":8.044263135534123,"weeklyFactor":0.00021199726556165007},"Hb3evEtCB4ykLYYKFGkGgVuaCyrWFbXwe3jtkMSkq6Ve":{"apy":8.044263135534123,"weeklyFactor":0.00021199726556165007},"Fb8rVemMjXE9r7FNK7DTmUdDhQDa3jFufkqrH2bsDYWX":{"apy":8.044263135534123,"weeklyFactor":0.00021199726556165007},"CmkfvxXTLihwp7eBm9HFtfGTvBHfK8cKPW99LEq1uR7c":{"apy":8.044263135534123,"weeklyFactor":0.00021199726556165007},"YkDo4ooVf3Sw79y84w3HCy7aGFd6UMfkGdgDMiHdprx":{"apy":8.044263135534123,"weeklyFactor":0.00021199726556165007},