{"HbMbeaDH8xtB1a8WpwjNqcXBBGraKJjJ2xFkXEdAy1rY":{"apy":0.0008684891899202185,"weeklyFactor":2.3794121288184723e-8},"C7BLPzc1vzLL3Tm5udXELnHDRXeXkdd5f1oMKP8rwUNv":{"apy":0.0008684891899202185,"weeklyFactor":2.3794121288184723e-8},"7drJL7kEdJfgNzeaEYKDqTkfmiG2ain3nEPtGHDZc6i2":{"apy":0.0008684891899202185,"weeklyFactor":2.3794121288184723e-8},"4FkGNJMvKFk9PFwn8TBtk1ShUKege6D5Au87ezwLWiqk":{"apy":0.0008684891899202185,"weeklyFactor":2.3794121288184723e-8},"HYCzZYupXUyamfTQWNkULW1EFcNPCTA5urnEXCFXkLRh":{"apy":0.0008684891899202185,"weeklyFactor":2.3794121288184723e-8},"2SgUGxYDczrB6wUzXHPJH65pNhWkEzNMEx3km4xTYUTC":{"apy":0.0008684891899202185,"weeklyFactor":2.3794121288184723e-8},"FeKSMTD9Z22kdnMLeNWAfaTXydbhVixUPcfZDW3QS1X4":{"apy":0.0008684891899202185,"weeklyFactor":2.3794121288184723e-8},"AvNeVrKZy1FaEG9suboRXNPgmnMwomiU5EvkF6jGxGrX":{"apy":46.8495416972458,"weeklyFactor":0.0010532621016569844},"2keDsfcMY6hLvfrmzDAfnMSudMqYczPVcb8MSkK59P9r":{"apy":0.0008684891899202185,"weeklyFactor":2.3794121288184723e-8},"5dX3tkVDmbHBWMCQMerAHTmd9wsRvmtKLoQt6qv9fHy7":{"apy":0.007219200249197755,"weeklyFactor":1.9777918879698877e-7},"DzCbrMZXNG3XpXuufhBp233LJXvV8Xq1C3q4ksrtbCPP":{"apy":0.0008684891899202185,"weeklyFactor":2.3794121288184723e-8},"GmBMZ8BNeNR6mRFqu2ZaFvpxvGPXmc9Aa4a1GWFaxWMv":{"apy":0.0008684891899202185,"weeklyFactor":2.3794121288184723e-8},"FejEVPJBH5TEbgcpupNuRyiMRoeaCQwPvtVU6w3i2xRc":{"apy":1.2384332798298425,"weeklyFactor":0.0000337218679151334},"9bXJSJ3tGjkk8QVSykcGE6KnzdKznfjWP7YXicSRFTe8":{"apy":0.0008684891899202185,"weeklyFactor":2.3794121288184723e-8},"AXSXYioiHGFvQ1XF4zCvXjnVAcMY68WQ4RH5r5nAdah5":{"apy":0.0008684891899202185,"weeklyFactor":2.3794121288184723e-8},"EWZW9aJmY2LX6ZyV5RU8waHWKF1aGaxzbuBuRQp6G4j":{"apy":0.0008684891899202185,"weeklyFactor":2.3794121288184723e-8},"9fY5jLin2yYMK9Eee5diWzJRZqLaYgEUupUNsKVYAMhi":{"apy":0.0008684891899202185,"weeklyFactor":2.3794121288184723e-8},"A5U2LbZhwc6GFZtYft6MtbGHFhYyZ1pzCRQkz7D2b2YS":{"apy":0.0008684891899202185,"weeklyFactor":2.3794121288184723e-8},"B2Mq1fpJ2bZYxxtF4yz6nNvLJLaYzM3zQsHcs2oDqk3z":{"apy":0.0008684891899202185,"weeklyFactor":2.3794121288184723e-8},"5yKHz86cvHocaQnxv4mPJjftA4w7BbJzQQr5rG9miyZ3":{"apy":0.0008684891899202185,"weeklyFactor":2.3794121288184723e-8},"6rvpVhL9fxm2WLMefNRaLwv6aNdivZadMi56teWfSkuU":{"apy":131.70482679618783,"weeklyFactor":0.002304827595226889},"BGz6pBLvc4nuGNsbXYoAE7z466kSjZaoXKJMnEkZWkyD":{"apy":0.0008684891899202185,"weeklyFactor":2.3794121288184723e-8}}