{"7drJL7kEdJfgNzeaEYKDqTkfmiG2ain3nEPtGHDZc6i2":{"apy":63.50784109192704,"weeklyFactor":0.0013480057192385565},"C7BLPzc1vzLL3Tm5udXELnHDRXeXkdd5f1oMKP8rwUNv":{"apy":63.50784109192704,"weeklyFactor":0.0013480057192385565},"HYCzZYupXUyamfTQWNkULW1EFcNPCTA5urnEXCFXkLRh":{"apy":63.50784109192704,"weeklyFactor":0.0013480057192385565},"2SgUGxYDczrB6wUzXHPJH65pNhWkEzNMEx3km4xTYUTC":{"apy":63.50784109192704,"weeklyFactor":0.0013480057192385565},"AvNeVrKZy1FaEG9suboRXNPgmnMwomiU5EvkF6jGxGrX":{"apy":2448.7377872003995,"weeklyFactor":0.008911205669781968},"FeKSMTD9Z22kdnMLeNWAfaTXydbhVixUPcfZDW3QS1X4":{"apy":63.50784109192704,"weeklyFactor":0.0013480057192385565},"4FkGNJMvKFk9PFwn8TBtk1ShUKege6D5Au87ezwLWiqk":{"apy":63.50784109192704,"weeklyFactor":0.0013480057192385565},"HbMbeaDH8xtB1a8WpwjNqcXBBGraKJjJ2xFkXEdAy1rY":{"apy":63.50784109192704,"weeklyFactor":0.0013480057192385565},"5dX3tkVDmbHBWMCQMerAHTmd9wsRvmtKLoQt6qv9fHy7":{"apy":217.56762343825918,"weeklyFactor":0.0031708263227958845},"FejEVPJBH5TEbgcpupNuRyiMRoeaCQwPvtVU6w3i2xRc":{"apy":325.05750817335286,"weeklyFactor":0.0039724014473986515},"EWZW9aJmY2LX6ZyV5RU8waHWKF1aGaxzbuBuRQp6G4j":{"apy":63.50784109192704,"weeklyFactor":0.0013480057192385565},"DzCbrMZXNG3XpXuufhBp233LJXvV8Xq1C3q4ksrtbCPP":{"apy":63.50784109192704,"weeklyFactor":0.0013480057192385565},"AXSXYioiHGFvQ1XF4zCvXjnVAcMY68WQ4RH5r5nAdah5":{"apy":63.50784109192704,"weeklyFactor":0.0013480057192385565},"GmBMZ8BNeNR6mRFqu2ZaFvpxvGPXmc9Aa4a1GWFaxWMv":{"apy":63.50784109192704,"weeklyFactor":0.0013480057192385565},"2keDsfcMY6hLvfrmzDAfnMSudMqYczPVcb8MSkK59P9r":{"apy":63.50784109192704,"weeklyFactor":0.0013480057192385565},"9bXJSJ3tGjkk8QVSykcGE6KnzdKznfjWP7YXicSRFTe8":{"apy":63.50784109192704,"weeklyFactor":0.0013480057192385565},"9fY5jLin2yYMK9Eee5diWzJRZqLaYgEUupUNsKVYAMhi":{"apy":63.50784109192704,"weeklyFactor":0.0013480057192385565},"A5U2LbZhwc6GFZtYft6MtbGHFhYyZ1pzCRQkz7D2b2YS":{"apy":63.50784109192704,"weeklyFactor":0.0013480057192385565},"B2Mq1fpJ2bZYxxtF4yz6nNvLJLaYzM3zQsHcs2oDqk3z":{"apy":63.50784109192704,"weeklyFactor":0.0013480057192385565},"6rvpVhL9fxm2WLMefNRaLwv6aNdivZadMi56teWfSkuU":{"apy":63.50784109192704,"weeklyFactor":0.0013480057192385565},"5yKHz86cvHocaQnxv4mPJjftA4w7BbJzQQr5rG9miyZ3":{"apy":63.50784109192704,"weeklyFactor":0.0013480057192385565},"BGz6pBLvc4nuGNsbXYoAE7z466kSjZaoXKJMnEkZWkyD":{"apy":63.50784109192704,"weeklyFactor":0.0013480057192385565}}