{"7drJL7kEdJfgNzeaEYKDqTkfmiG2ain3nEPtGHDZc6i2":{"apy":1.0485172855341451,"weeklyFactor":0.00002857735264400393},"2SgUGxYDczrB6wUzXHPJH65pNhWkEzNMEx3km4xTYUTC":{"apy":1.0485172855341451,"weeklyFactor":0.00002857735264400393},"HbMbeaDH8xtB1a8WpwjNqcXBBGraKJjJ2xFkXEdAy1rY":{"apy":1.0485172855341451,"weeklyFactor":0.00002857735264400393},"4FkGNJMvKFk9PFwn8TBtk1ShUKege6D5Au87ezwLWiqk":{"apy":1.0485172855341451,"weeklyFactor":0.00002857735264400393},"FeKSMTD9Z22kdnMLeNWAfaTXydbhVixUPcfZDW3QS1X4":{"apy":1.0485172855341451,"weeklyFactor":0.00002857735264400393},"C7BLPzc1vzLL3Tm5udXELnHDRXeXkdd5f1oMKP8rwUNv":{"apy":1.0485172855341451,"weeklyFactor":0.00002857735264400393},"HYCzZYupXUyamfTQWNkULW1EFcNPCTA5urnEXCFXkLRh":{"apy":1.0485172855341451,"weeklyFactor":0.00002857735264400393},"AvNeVrKZy1FaEG9suboRXNPgmnMwomiU5EvkF6jGxGrX":{"apy":39501.87986775656,"weeklyFactor":0.016522578915995605},"DzCbrMZXNG3XpXuufhBp233LJXvV8Xq1C3q4ksrtbCPP":{"apy":1.0485172855341451,"weeklyFactor":0.00002857735264400393},"EWZW9aJmY2LX6ZyV5RU8waHWKF1aGaxzbuBuRQp6G4j":{"apy":1.0485172855341451,"weeklyFactor":0.00002857735264400393},"9bXJSJ3tGjkk8QVSykcGE6KnzdKznfjWP7YXicSRFTe8":{"apy":1.0485172855341451,"weeklyFactor":0.00002857735264400393},"AXSXYioiHGFvQ1XF4zCvXjnVAcMY68WQ4RH5r5nAdah5":{"apy":1.0485172855341451,"weeklyFactor":0.00002857735264400393},"GmBMZ8BNeNR6mRFqu2ZaFvpxvGPXmc9Aa4a1GWFaxWMv":{"apy":1.0485172855341451,"weeklyFactor":0.00002857735264400393},"2keDsfcMY6hLvfrmzDAfnMSudMqYczPVcb8MSkK59P9r":{"apy":1.0485172855341451,"weeklyFactor":0.00002857735264400393},"5dX3tkVDmbHBWMCQMerAHTmd9wsRvmtKLoQt6qv9fHy7":{"apy":9.055968618450505,"weeklyFactor":0.0002375379008723116},"FejEVPJBH5TEbgcpupNuRyiMRoeaCQwPvtVU6w3i2xRc":{"apy":110.22549285683208,"weeklyFactor":0.002037718659013483},"A5U2LbZhwc6GFZtYft6MtbGHFhYyZ1pzCRQkz7D2b2YS":{"apy":1.0485172855341451,"weeklyFactor":0.00002857735264400393},"9fY5jLin2yYMK9Eee5diWzJRZqLaYgEUupUNsKVYAMhi":{"apy":1.0485172855341451,"weeklyFactor":0.00002857735264400393},"B2Mq1fpJ2bZYxxtF4yz6nNvLJLaYzM3zQsHcs2oDqk3z":{"apy":1.0485172855341451,"weeklyFactor":0.00002857735264400393},"5yKHz86cvHocaQnxv4mPJjftA4w7BbJzQQr5rG9miyZ3":{"apy":1.0485172855341451,"weeklyFactor":0.00002857735264400393},"6rvpVhL9fxm2WLMefNRaLwv6aNdivZadMi56teWfSkuU":{"apy":1.0193125806251902e+82,"weeklyFactor":0.6565358615366722},"BGz6pBLvc4nuGNsbXYoAE7z466kSjZaoXKJMnEkZWkyD":{"apy":1.0485172855341451,"weeklyFactor":0.00002857735264400393}}