{"4FkGNJMvKFk9PFwn8TBtk1ShUKege6D5Au87ezwLWiqk":{"apy":0.19156434500757769,"weeklyFactor":0.000005243331403988624},"HbMbeaDH8xtB1a8WpwjNqcXBBGraKJjJ2xFkXEdAy1rY":{"apy":0.19156434500757769,"weeklyFactor":0.000005243331403988624},"FeKSMTD9Z22kdnMLeNWAfaTXydbhVixUPcfZDW3QS1X4":{"apy":0.19156434500757769,"weeklyFactor":0.000005243331403988624},"7drJL7kEdJfgNzeaEYKDqTkfmiG2ain3nEPtGHDZc6i2":{"apy":0.19156434500757769,"weeklyFactor":0.000005243331403988624},"HYCzZYupXUyamfTQWNkULW1EFcNPCTA5urnEXCFXkLRh":{"apy":0.19156434500757769,"weeklyFactor":0.000005243331403988624},"AvNeVrKZy1FaEG9suboRXNPgmnMwomiU5EvkF6jGxGrX":{"apy":288646.59938783356,"weeklyFactor":0.02207053465089902},"2SgUGxYDczrB6wUzXHPJH65pNhWkEzNMEx3km4xTYUTC":{"apy":0.19156434500757769,"weeklyFactor":0.000005243331403988624},"C7BLPzc1vzLL3Tm5udXELnHDRXeXkdd5f1oMKP8rwUNv":{"apy":0.19156434500757769,"weeklyFactor":0.000005243331403988624},"EWZW9aJmY2LX6ZyV5RU8waHWKF1aGaxzbuBuRQp6G4j":{"apy":0.19156434500757769,"weeklyFactor":0.000005243331403988624},"2keDsfcMY6hLvfrmzDAfnMSudMqYczPVcb8MSkK59P9r":{"apy":0.19156434500757769,"weeklyFactor":0.000005243331403988624},"9bXJSJ3tGjkk8QVSykcGE6KnzdKznfjWP7YXicSRFTe8":{"apy":0.19156434500757769,"weeklyFactor":0.000005243331403988624},"DzCbrMZXNG3XpXuufhBp233LJXvV8Xq1C3q4ksrtbCPP":{"apy":0.19156434500757769,"weeklyFactor":0.000005243331403988624},"AXSXYioiHGFvQ1XF4zCvXjnVAcMY68WQ4RH5r5nAdah5":{"apy":0.19156434500757769,"weeklyFactor":0.000005243331403988624},"5dX3tkVDmbHBWMCQMerAHTmd9wsRvmtKLoQt6qv9fHy7":{"apy":1.6034686577563795,"weeklyFactor":0.00004358311110188354},"FejEVPJBH5TEbgcpupNuRyiMRoeaCQwPvtVU6w3i2xRc":{"apy":181.37925358791605,"weeklyFactor":0.002838358149671163},"GmBMZ8BNeNR6mRFqu2ZaFvpxvGPXmc9Aa4a1GWFaxWMv":{"apy":0.19156434500757769,"weeklyFactor":0.000005243331403988624},"A5U2LbZhwc6GFZtYft6MtbGHFhYyZ1pzCRQkz7D2b2YS":{"apy":0.19156434500757769,"weeklyFactor":0.000005243331403988624},"9fY5jLin2yYMK9Eee5diWzJRZqLaYgEUupUNsKVYAMhi":{"apy":0.19156434500757769,"weeklyFactor":0.000005243331403988624},"B2Mq1fpJ2bZYxxtF4yz6nNvLJLaYzM3zQsHcs2oDqk3z":{"apy":0.19156434500757769,"weeklyFactor":0.000005243331403988624},"5yKHz86cvHocaQnxv4mPJjftA4w7BbJzQQr5rG9miyZ3":{"apy":0.19156434500757769,"weeklyFactor":0.000005243331403988624},"6rvpVhL9fxm2WLMefNRaLwv6aNdivZadMi56teWfSkuU":{"apy":1.5184081507594873e+41,"weeklyFactor":0.2804017820976213},"BGz6pBLvc4nuGNsbXYoAE7z466kSjZaoXKJMnEkZWkyD":{"apy":0.19156434500757769,"weeklyFactor":0.000005243331403988624}}