{"7drJL7kEdJfgNzeaEYKDqTkfmiG2ain3nEPtGHDZc6i2":{"apy":439.1536340460252,"weeklyFactor":0.004626643660379604},"C7BLPzc1vzLL3Tm5udXELnHDRXeXkdd5f1oMKP8rwUNv":{"apy":439.1536340460252,"weeklyFactor":0.004626643660379604},"HYCzZYupXUyamfTQWNkULW1EFcNPCTA5urnEXCFXkLRh":{"apy":439.1536340460252,"weeklyFactor":0.004626643660379604},"2SgUGxYDczrB6wUzXHPJH65pNhWkEzNMEx3km4xTYUTC":{"apy":439.1536340460252,"weeklyFactor":0.004626643660379604},"AvNeVrKZy1FaEG9suboRXNPgmnMwomiU5EvkF6jGxGrX":{"apy":2724.326477416443,"weeklyFactor":0.009195044488063091},"FeKSMTD9Z22kdnMLeNWAfaTXydbhVixUPcfZDW3QS1X4":{"apy":439.1536340460252,"weeklyFactor":0.004626643660379604},"4FkGNJMvKFk9PFwn8TBtk1ShUKege6D5Au87ezwLWiqk":{"apy":439.1536340460252,"weeklyFactor":0.004626643660379604},"HbMbeaDH8xtB1a8WpwjNqcXBBGraKJjJ2xFkXEdAy1rY":{"apy":439.1536340460252,"weeklyFactor":0.004626643660379604},"5dX3tkVDmbHBWMCQMerAHTmd9wsRvmtKLoQt6qv9fHy7":{"apy":709.2166693968469,"weeklyFactor":0.0057449227512456616},"FejEVPJBH5TEbgcpupNuRyiMRoeaCQwPvtVU6w3i2xRc":{"apy":874.2728690444086,"weeklyFactor":0.006256535332284484},"EWZW9aJmY2LX6ZyV5RU8waHWKF1aGaxzbuBuRQp6G4j":{"apy":439.1536340460252,"weeklyFactor":0.004626643660379604},"DzCbrMZXNG3XpXuufhBp233LJXvV8Xq1C3q4ksrtbCPP":{"apy":439.1536340460252,"weeklyFactor":0.004626643660379604},"AXSXYioiHGFvQ1XF4zCvXjnVAcMY68WQ4RH5r5nAdah5":{"apy":439.1536340460252,"weeklyFactor":0.004626643660379604},"GmBMZ8BNeNR6mRFqu2ZaFvpxvGPXmc9Aa4a1GWFaxWMv":{"apy":439.1536340460252,"weeklyFactor":0.004626643660379604},"2keDsfcMY6hLvfrmzDAfnMSudMqYczPVcb8MSkK59P9r":{"apy":439.1536340460252,"weeklyFactor":0.004626643660379604},"9bXJSJ3tGjkk8QVSykcGE6KnzdKznfjWP7YXicSRFTe8":{"apy":439.1536340460252,"weeklyFactor":0.004626643660379604},"9fY5jLin2yYMK9Eee5diWzJRZqLaYgEUupUNsKVYAMhi":{"apy":439.1536340460252,"weeklyFactor":0.004626643660379604},"A5U2LbZhwc6GFZtYft6MtbGHFhYyZ1pzCRQkz7D2b2YS":{"apy":439.1536340460252,"weeklyFactor":0.004626643660379604},"B2Mq1fpJ2bZYxxtF4yz6nNvLJLaYzM3zQsHcs2oDqk3z":{"apy":439.1536340460252,"weeklyFactor":0.004626643660379604},"6rvpVhL9fxm2WLMefNRaLwv6aNdivZadMi56teWfSkuU":{"apy":439.1536340460252,"weeklyFactor":0.004626643660379604},"5yKHz86cvHocaQnxv4mPJjftA4w7BbJzQQr5rG9miyZ3":{"apy":439.1536340460252,"weeklyFactor":0.004626643660379604},"BGz6pBLvc4nuGNsbXYoAE7z466kSjZaoXKJMnEkZWkyD":{"apy":439.1536340460252,"weeklyFactor":0.004626643660379604}}