{"HbMbeaDH8xtB1a8WpwjNqcXBBGraKJjJ2xFkXEdAy1rY":{"apy":5.849221006520056,"weeklyFactor":0.0001557530930657021},"FeKSMTD9Z22kdnMLeNWAfaTXydbhVixUPcfZDW3QS1X4":{"apy":5.849221006520056,"weeklyFactor":0.0001557530930657021},"C7BLPzc1vzLL3Tm5udXELnHDRXeXkdd5f1oMKP8rwUNv":{"apy":5.849221006520056,"weeklyFactor":0.0001557530930657021},"2SgUGxYDczrB6wUzXHPJH65pNhWkEzNMEx3km4xTYUTC":{"apy":5.849221006520056,"weeklyFactor":0.0001557530930657021},"AvNeVrKZy1FaEG9suboRXNPgmnMwomiU5EvkF6jGxGrX":{"apy":66.58658397565861,"weeklyFactor":0.0013991834577892972},"7drJL7kEdJfgNzeaEYKDqTkfmiG2ain3nEPtGHDZc6i2":{"apy":5.849221006520056,"weeklyFactor":0.0001557530930657021},"HYCzZYupXUyamfTQWNkULW1EFcNPCTA5urnEXCFXkLRh":{"apy":5.849221006520056,"weeklyFactor":0.0001557530930657021},"4FkGNJMvKFk9PFwn8TBtk1ShUKege6D5Au87ezwLWiqk":{"apy":5.849221006520056,"weeklyFactor":0.0001557530930657021},"AXSXYioiHGFvQ1XF4zCvXjnVAcMY68WQ4RH5r5nAdah5":{"apy":5.849221006520056,"weeklyFactor":0.0001557530930657021},"DzCbrMZXNG3XpXuufhBp233LJXvV8Xq1C3q4ksrtbCPP":{"apy":5.849221006520056,"weeklyFactor":0.0001557530930657021},"2keDsfcMY6hLvfrmzDAfnMSudMqYczPVcb8MSkK59P9r":{"apy":5.849221006520056,"weeklyFactor":0.0001557530930657021},"9bXJSJ3tGjkk8QVSykcGE6KnzdKznfjWP7YXicSRFTe8":{"apy":5.849221006520056,"weeklyFactor":0.0001557530930657021},"GmBMZ8BNeNR6mRFqu2ZaFvpxvGPXmc9Aa4a1GWFaxWMv":{"apy":5.849221006520056,"weeklyFactor":0.0001557530930657021},"5dX3tkVDmbHBWMCQMerAHTmd9wsRvmtKLoQt6qv9fHy7":{"apy":39.85273513983585,"weeklyFactor":0.0009193807034589854},"FejEVPJBH5TEbgcpupNuRyiMRoeaCQwPvtVU6w3i2xRc":{"apy":9.453009927840839,"weeklyFactor":0.000247496754010087},"EWZW9aJmY2LX6ZyV5RU8waHWKF1aGaxzbuBuRQp6G4j":{"apy":5.849221006520056,"weeklyFactor":0.0001557530930657021},"A5U2LbZhwc6GFZtYft6MtbGHFhYyZ1pzCRQkz7D2b2YS":{"apy":5.849221006520056,"weeklyFactor":0.0001557530930657021},"9fY5jLin2yYMK9Eee5diWzJRZqLaYgEUupUNsKVYAMhi":{"apy":5.849221006520056,"weeklyFactor":0.0001557530930657021},"B2Mq1fpJ2bZYxxtF4yz6nNvLJLaYzM3zQsHcs2oDqk3z":{"apy":5.849221006520056,"weeklyFactor":0.0001557530930657021},"5yKHz86cvHocaQnxv4mPJjftA4w7BbJzQQr5rG9miyZ3":{"apy":5.849221006520056,"weeklyFactor":0.0001557530930657021},"6rvpVhL9fxm2WLMefNRaLwv6aNdivZadMi56teWfSkuU":{"apy":2.43083727107361e+162,"weeklyFactor":1.7505087433362214},"BGz6pBLvc4nuGNsbXYoAE7z466kSjZaoXKJMnEkZWkyD":{"apy":5.849221006520056,"weeklyFactor":0.0001557530930657021}}