{"HbMbeaDH8xtB1a8WpwjNqcXBBGraKJjJ2xFkXEdAy1rY":{"apy":21.53945988684942,"weeklyFactor":0.0005345778955774727},"FeKSMTD9Z22kdnMLeNWAfaTXydbhVixUPcfZDW3QS1X4":{"apy":21.53945988684942,"weeklyFactor":0.0005345778955774727},"C7BLPzc1vzLL3Tm5udXELnHDRXeXkdd5f1oMKP8rwUNv":{"apy":21.53945988684942,"weeklyFactor":0.0005345778955774727},"2SgUGxYDczrB6wUzXHPJH65pNhWkEzNMEx3km4xTYUTC":{"apy":21.53945988684942,"weeklyFactor":0.0005345778955774727},"AvNeVrKZy1FaEG9suboRXNPgmnMwomiU5EvkF6jGxGrX":{"apy":186.99303241295593,"weeklyFactor":0.002892635213803275},"7drJL7kEdJfgNzeaEYKDqTkfmiG2ain3nEPtGHDZc6i2":{"apy":21.53945988684942,"weeklyFactor":0.0005345778955774727},"HYCzZYupXUyamfTQWNkULW1EFcNPCTA5urnEXCFXkLRh":{"apy":21.53945988684942,"weeklyFactor":0.0005345778955774727},"4FkGNJMvKFk9PFwn8TBtk1ShUKege6D5Au87ezwLWiqk":{"apy":21.53945988684942,"weeklyFactor":0.0005345778955774727},"AXSXYioiHGFvQ1XF4zCvXjnVAcMY68WQ4RH5r5nAdah5":{"apy":21.53945988684942,"weeklyFactor":0.0005345778955774727},"DzCbrMZXNG3XpXuufhBp233LJXvV8Xq1C3q4ksrtbCPP":{"apy":21.53945988684942,"weeklyFactor":0.0005345778955774727},"2keDsfcMY6hLvfrmzDAfnMSudMqYczPVcb8MSkK59P9r":{"apy":21.53945988684942,"weeklyFactor":0.0005345778955774727},"9bXJSJ3tGjkk8QVSykcGE6KnzdKznfjWP7YXicSRFTe8":{"apy":21.53945988684942,"weeklyFactor":0.0005345778955774727},"GmBMZ8BNeNR6mRFqu2ZaFvpxvGPXmc9Aa4a1GWFaxWMv":{"apy":21.53945988684942,"weeklyFactor":0.0005345778955774727},"5dX3tkVDmbHBWMCQMerAHTmd9wsRvmtKLoQt6qv9fHy7":{"apy":74.05722699680486,"weeklyFactor":0.001519547727818885},"FejEVPJBH5TEbgcpupNuRyiMRoeaCQwPvtVU6w3i2xRc":{"apy":36.331866400977454,"weeklyFactor":0.0008494617430496633},"EWZW9aJmY2LX6ZyV5RU8waHWKF1aGaxzbuBuRQp6G4j":{"apy":21.53945988684942,"weeklyFactor":0.0005345778955774727},"A5U2LbZhwc6GFZtYft6MtbGHFhYyZ1pzCRQkz7D2b2YS":{"apy":21.53945988684942,"weeklyFactor":0.0005345778955774727},"9fY5jLin2yYMK9Eee5diWzJRZqLaYgEUupUNsKVYAMhi":{"apy":21.53945988684942,"weeklyFactor":0.0005345778955774727},"B2Mq1fpJ2bZYxxtF4yz6nNvLJLaYzM3zQsHcs2oDqk3z":{"apy":21.53945988684942,"weeklyFactor":0.0005345778955774727},"5yKHz86cvHocaQnxv4mPJjftA4w7BbJzQQr5rG9miyZ3":{"apy":21.53945988684942,"weeklyFactor":0.0005345778955774727},"6rvpVhL9fxm2WLMefNRaLwv6aNdivZadMi56teWfSkuU":{"apy":1.1154964583182116e+152,"weeklyFactor":1.5768489036189954},"BGz6pBLvc4nuGNsbXYoAE7z466kSjZaoXKJMnEkZWkyD":{"apy":21.53945988684942,"weeklyFactor":0.0005345778955774727}}