{"C7BLPzc1vzLL3Tm5udXELnHDRXeXkdd5f1oMKP8rwUNv":{"apy":0.04780601796123829,"weeklyFactor":0.0000013094418032234524},"7drJL7kEdJfgNzeaEYKDqTkfmiG2ain3nEPtGHDZc6i2":{"apy":0.04780601796123829,"weeklyFactor":0.0000013094418032234524},"AvNeVrKZy1FaEG9suboRXNPgmnMwomiU5EvkF6jGxGrX":{"apy":10213.202401865148,"weeklyFactor":0.012782402475938995},"4FkGNJMvKFk9PFwn8TBtk1ShUKege6D5Au87ezwLWiqk":{"apy":0.04780601796123829,"weeklyFactor":0.0000013094418032234524},"HYCzZYupXUyamfTQWNkULW1EFcNPCTA5urnEXCFXkLRh":{"apy":0.04780601796123829,"weeklyFactor":0.0000013094418032234524},"FeKSMTD9Z22kdnMLeNWAfaTXydbhVixUPcfZDW3QS1X4":{"apy":0.04780601796123829,"weeklyFactor":0.0000013094418032234524},"HbMbeaDH8xtB1a8WpwjNqcXBBGraKJjJ2xFkXEdAy1rY":{"apy":0.04780601796123829,"weeklyFactor":0.0000013094418032234524},"2SgUGxYDczrB6wUzXHPJH65pNhWkEzNMEx3km4xTYUTC":{"apy":0.04780601796123829,"weeklyFactor":0.0000013094418032234524},"FejEVPJBH5TEbgcpupNuRyiMRoeaCQwPvtVU6w3i2xRc":{"apy":96.74426472134434,"weeklyFactor":0.0018557871079182087},"AXSXYioiHGFvQ1XF4zCvXjnVAcMY68WQ4RH5r5nAdah5":{"apy":0.04780601796123829,"weeklyFactor":0.0000013094418032234524},"GmBMZ8BNeNR6mRFqu2ZaFvpxvGPXmc9Aa4a1GWFaxWMv":{"apy":0.04780601796123829,"weeklyFactor":0.0000013094418032234524},"2keDsfcMY6hLvfrmzDAfnMSudMqYczPVcb8MSkK59P9r":{"apy":0.04780601796123829,"weeklyFactor":0.0000013094418032234524},"EWZW9aJmY2LX6ZyV5RU8waHWKF1aGaxzbuBuRQp6G4j":{"apy":0.04780601796123829,"weeklyFactor":0.0000013094418032234524},"DzCbrMZXNG3XpXuufhBp233LJXvV8Xq1C3q4ksrtbCPP":{"apy":0.04780601796123829,"weeklyFactor":0.0000013094418032234524},"9bXJSJ3tGjkk8QVSykcGE6KnzdKznfjWP7YXicSRFTe8":{"apy":0.04780601796123829,"weeklyFactor":0.0000013094418032234524},"5dX3tkVDmbHBWMCQMerAHTmd9wsRvmtKLoQt6qv9fHy7":{"apy":0.39806186440460856,"weeklyFactor":0.000010884215242989491},"A5U2LbZhwc6GFZtYft6MtbGHFhYyZ1pzCRQkz7D2b2YS":{"apy":0.04780601796123829,"weeklyFactor":0.0000013094418032234524},"9fY5jLin2yYMK9Eee5diWzJRZqLaYgEUupUNsKVYAMhi":{"apy":0.04780601796123829,"weeklyFactor":0.0000013094418032234524},"B2Mq1fpJ2bZYxxtF4yz6nNvLJLaYzM3zQsHcs2oDqk3z":{"apy":0.04780601796123829,"weeklyFactor":0.0000013094418032234524},"6rvpVhL9fxm2WLMefNRaLwv6aNdivZadMi56teWfSkuU":{"apy":850494238137052700000,"weeklyFactor":0.1268396326075601},"5yKHz86cvHocaQnxv4mPJjftA4w7BbJzQQr5rG9miyZ3":{"apy":0.04780601796123829,"weeklyFactor":0.0000013094418032234524},"BGz6pBLvc4nuGNsbXYoAE7z466kSjZaoXKJMnEkZWkyD":{"apy":0.04780601796123829,"weeklyFactor":0.0000013094418032234524}}