{"4FkGNJMvKFk9PFwn8TBtk1ShUKege6D5Au87ezwLWiqk":{"apy":0.2608302593628098,"weeklyFactor":0.000007136756633206738},"HbMbeaDH8xtB1a8WpwjNqcXBBGraKJjJ2xFkXEdAy1rY":{"apy":0.2608302593628098,"weeklyFactor":0.000007136756633206738},"HYCzZYupXUyamfTQWNkULW1EFcNPCTA5urnEXCFXkLRh":{"apy":0.2608302593628098,"weeklyFactor":0.000007136756633206738},"2SgUGxYDczrB6wUzXHPJH65pNhWkEzNMEx3km4xTYUTC":{"apy":0.2608302593628098,"weeklyFactor":0.000007136756633206738},"AvNeVrKZy1FaEG9suboRXNPgmnMwomiU5EvkF6jGxGrX":{"apy":256875.46042315708,"weeklyFactor":0.021744171352420703},"7drJL7kEdJfgNzeaEYKDqTkfmiG2ain3nEPtGHDZc6i2":{"apy":0.2608302593628098,"weeklyFactor":0.000007136756633206738},"FeKSMTD9Z22kdnMLeNWAfaTXydbhVixUPcfZDW3QS1X4":{"apy":0.2608302593628098,"weeklyFactor":0.000007136756633206738},"C7BLPzc1vzLL3Tm5udXELnHDRXeXkdd5f1oMKP8rwUNv":{"apy":0.2608302593628098,"weeklyFactor":0.000007136756633206738},"FejEVPJBH5TEbgcpupNuRyiMRoeaCQwPvtVU6w3i2xRc":{"apy":174.80359983072697,"weeklyFactor":0.002773390735973952},"9bXJSJ3tGjkk8QVSykcGE6KnzdKznfjWP7YXicSRFTe8":{"apy":0.2608302593628098,"weeklyFactor":0.000007136756633206738},"DzCbrMZXNG3XpXuufhBp233LJXvV8Xq1C3q4ksrtbCPP":{"apy":0.2608302593628098,"weeklyFactor":0.000007136756633206738},"5dX3tkVDmbHBWMCQMerAHTmd9wsRvmtKLoQt6qv9fHy7":{"apy":2.1887788254832508,"weeklyFactor":0.000059321456777563714},"2keDsfcMY6hLvfrmzDAfnMSudMqYczPVcb8MSkK59P9r":{"apy":0.2608302593628098,"weeklyFactor":0.000007136756633206738},"GmBMZ8BNeNR6mRFqu2ZaFvpxvGPXmc9Aa4a1GWFaxWMv":{"apy":0.2608302593628098,"weeklyFactor":0.000007136756633206738},"EWZW9aJmY2LX6ZyV5RU8waHWKF1aGaxzbuBuRQp6G4j":{"apy":0.2608302593628098,"weeklyFactor":0.000007136756633206738},"AXSXYioiHGFvQ1XF4zCvXjnVAcMY68WQ4RH5r5nAdah5":{"apy":0.2608302593628098,"weeklyFactor":0.000007136756633206738},"A5U2LbZhwc6GFZtYft6MtbGHFhYyZ1pzCRQkz7D2b2YS":{"apy":0.2608302593628098,"weeklyFactor":0.000007136756633206738},"9fY5jLin2yYMK9Eee5diWzJRZqLaYgEUupUNsKVYAMhi":{"apy":0.2608302593628098,"weeklyFactor":0.000007136756633206738},"B2Mq1fpJ2bZYxxtF4yz6nNvLJLaYzM3zQsHcs2oDqk3z":{"apy":0.2608302593628098,"weeklyFactor":0.000007136756633206738},"6rvpVhL9fxm2WLMefNRaLwv6aNdivZadMi56teWfSkuU":{"apy":8.235059168052814e+44,"weeklyFactor":0.31092295752011195},"5yKHz86cvHocaQnxv4mPJjftA4w7BbJzQQr5rG9miyZ3":{"apy":0.2608302593628098,"weeklyFactor":0.000007136756633206738},"BGz6pBLvc4nuGNsbXYoAE7z466kSjZaoXKJMnEkZWkyD":{"apy":0.2608302593628098,"weeklyFactor":0.000007136756633206738}}