{"7drJL7kEdJfgNzeaEYKDqTkfmiG2ain3nEPtGHDZc6i2":{"apy":13.071967582722,"weeklyFactor":0.0003366438059613239},"HbMbeaDH8xtB1a8WpwjNqcXBBGraKJjJ2xFkXEdAy1rY":{"apy":13.071967582722,"weeklyFactor":0.0003366438059613239},"4FkGNJMvKFk9PFwn8TBtk1ShUKege6D5Au87ezwLWiqk":{"apy":13.071967582722,"weeklyFactor":0.0003366438059613239},"FeKSMTD9Z22kdnMLeNWAfaTXydbhVixUPcfZDW3QS1X4":{"apy":13.071967582722,"weeklyFactor":0.0003366438059613239},"HYCzZYupXUyamfTQWNkULW1EFcNPCTA5urnEXCFXkLRh":{"apy":13.071967582722,"weeklyFactor":0.0003366438059613239},"AvNeVrKZy1FaEG9suboRXNPgmnMwomiU5EvkF6jGxGrX":{"apy":115.95646359565173,"weeklyFactor":0.0021115594795254105},"2SgUGxYDczrB6wUzXHPJH65pNhWkEzNMEx3km4xTYUTC":{"apy":13.071967582722,"weeklyFactor":0.0003366438059613239},"C7BLPzc1vzLL3Tm5udXELnHDRXeXkdd5f1oMKP8rwUNv":{"apy":13.071967582722,"weeklyFactor":0.0003366438059613239},"GmBMZ8BNeNR6mRFqu2ZaFvpxvGPXmc9Aa4a1GWFaxWMv":{"apy":13.071967582722,"weeklyFactor":0.0003366438059613239},"FejEVPJBH5TEbgcpupNuRyiMRoeaCQwPvtVU6w3i2xRc":{"apy":21.555427637940628,"weeklyFactor":0.0005349380072849193},"5dX3tkVDmbHBWMCQMerAHTmd9wsRvmtKLoQt6qv9fHy7":{"apy":59.11416696273051,"weeklyFactor":0.0012732805912293766},"DzCbrMZXNG3XpXuufhBp233LJXvV8Xq1C3q4ksrtbCPP":{"apy":13.071967582722,"weeklyFactor":0.0003366438059613239},"9bXJSJ3tGjkk8QVSykcGE6KnzdKznfjWP7YXicSRFTe8":{"apy":13.071967582722,"weeklyFactor":0.0003366438059613239},"AXSXYioiHGFvQ1XF4zCvXjnVAcMY68WQ4RH5r5nAdah5":{"apy":13.071967582722,"weeklyFactor":0.0003366438059613239},"2keDsfcMY6hLvfrmzDAfnMSudMqYczPVcb8MSkK59P9r":{"apy":13.071967582722,"weeklyFactor":0.0003366438059613239},"EWZW9aJmY2LX6ZyV5RU8waHWKF1aGaxzbuBuRQp6G4j":{"apy":13.071967582722,"weeklyFactor":0.0003366438059613239},"A5U2LbZhwc6GFZtYft6MtbGHFhYyZ1pzCRQkz7D2b2YS":{"apy":13.071967582722,"weeklyFactor":0.0003366438059613239},"9fY5jLin2yYMK9Eee5diWzJRZqLaYgEUupUNsKVYAMhi":{"apy":13.071967582722,"weeklyFactor":0.0003366438059613239},"B2Mq1fpJ2bZYxxtF4yz6nNvLJLaYzM3zQsHcs2oDqk3z":{"apy":13.071967582722,"weeklyFactor":0.0003366438059613239},"6rvpVhL9fxm2WLMefNRaLwv6aNdivZadMi56teWfSkuU":{"apy":3.413390119628485e+157,"weeklyFactor":1.6675853127701554},"5yKHz86cvHocaQnxv4mPJjftA4w7BbJzQQr5rG9miyZ3":{"apy":13.071967582722,"weeklyFactor":0.0003366438059613239},"BGz6pBLvc4nuGNsbXYoAE7z466kSjZaoXKJMnEkZWkyD":{"apy":13.071967582722,"weeklyFactor":0.0003366438059613239}}