{"HbMbeaDH8xtB1a8WpwjNqcXBBGraKJjJ2xFkXEdAy1rY":{"apy":0.000011594514015556001,"weeklyFactor":3.176578274927348e-10},"AvNeVrKZy1FaEG9suboRXNPgmnMwomiU5EvkF6jGxGrX":{"apy":3.481309477358785,"weeklyFactor":0.00009376008191446485},"7drJL7kEdJfgNzeaEYKDqTkfmiG2ain3nEPtGHDZc6i2":{"apy":0.000011594514015556001,"weeklyFactor":3.176578274927348e-10},"2SgUGxYDczrB6wUzXHPJH65pNhWkEzNMEx3km4xTYUTC":{"apy":0.000011594514015556001,"weeklyFactor":3.176578274927348e-10},"HYCzZYupXUyamfTQWNkULW1EFcNPCTA5urnEXCFXkLRh":{"apy":0.000011594514015556001,"weeklyFactor":3.176578274927348e-10},"C7BLPzc1vzLL3Tm5udXELnHDRXeXkdd5f1oMKP8rwUNv":{"apy":0.000011594514015556001,"weeklyFactor":3.176578274927348e-10},"FeKSMTD9Z22kdnMLeNWAfaTXydbhVixUPcfZDW3QS1X4":{"apy":0.000011594514015556001,"weeklyFactor":3.176578274927348e-10},"4FkGNJMvKFk9PFwn8TBtk1ShUKege6D5Au87ezwLWiqk":{"apy":6.875536684602035,"weeklyFactor":0.00018219402782721742},"2keDsfcMY6hLvfrmzDAfnMSudMqYczPVcb8MSkK59P9r":{"apy":0.000011594514015556001,"weeklyFactor":3.176578274927348e-10},"DzCbrMZXNG3XpXuufhBp233LJXvV8Xq1C3q4ksrtbCPP":{"apy":0.000011594514015556001,"weeklyFactor":3.176578274927348e-10},"9bXJSJ3tGjkk8QVSykcGE6KnzdKznfjWP7YXicSRFTe8":{"apy":0.000011594514015556001,"weeklyFactor":3.176578274927348e-10},"AXSXYioiHGFvQ1XF4zCvXjnVAcMY68WQ4RH5r5nAdah5":{"apy":0.000011594514015556001,"weeklyFactor":3.176578274927348e-10},"FejEVPJBH5TEbgcpupNuRyiMRoeaCQwPvtVU6w3i2xRc":{"apy":0.01643349596349708,"weeklyFactor":4.501958770058641e-7},"5dX3tkVDmbHBWMCQMerAHTmd9wsRvmtKLoQt6qv9fHy7":{"apy":50363.547120712756,"weeklyFactor":0.01719781486975823},"EWZW9aJmY2LX6ZyV5RU8waHWKF1aGaxzbuBuRQp6G4j":{"apy":0.000011594514015556001,"weeklyFactor":3.176578274927348e-10},"GmBMZ8BNeNR6mRFqu2ZaFvpxvGPXmc9Aa4a1GWFaxWMv":{"apy":0.000011594514015556001,"weeklyFactor":3.176578274927348e-10},"A5U2LbZhwc6GFZtYft6MtbGHFhYyZ1pzCRQkz7D2b2YS":{"apy":0.000011594514015556001,"weeklyFactor":3.176578274927348e-10},"9fY5jLin2yYMK9Eee5diWzJRZqLaYgEUupUNsKVYAMhi":{"apy":0.000011594514015556001,"weeklyFactor":3.176578274927348e-10},"B2Mq1fpJ2bZYxxtF4yz6nNvLJLaYzM3zQsHcs2oDqk3z":{"apy":0.000011594514015556001,"weeklyFactor":3.176578274927348e-10},"5yKHz86cvHocaQnxv4mPJjftA4w7BbJzQQr5rG9miyZ3":{"apy":0.000011594514015556001,"weeklyFactor":3.176578274927348e-10},"6rvpVhL9fxm2WLMefNRaLwv6aNdivZadMi56teWfSkuU":{"apy":93878086220410.62,"weeklyFactor":0.07845380193844895},"BGz6pBLvc4nuGNsbXYoAE7z466kSjZaoXKJMnEkZWkyD":{"apy":0.000011594514015556001,"weeklyFactor":3.176578274927348e-10}}