{"C7BLPzc1vzLL3Tm5udXELnHDRXeXkdd5f1oMKP8rwUNv":{"apy":0.12059264443975426,"weeklyFactor":0.000003301922983269804},"7drJL7kEdJfgNzeaEYKDqTkfmiG2ain3nEPtGHDZc6i2":{"apy":0.12059264443975426,"weeklyFactor":0.000003301922983269804},"AvNeVrKZy1FaEG9suboRXNPgmnMwomiU5EvkF6jGxGrX":{"apy":325293.0448738049,"weeklyFactor":0.022405168649697604},"4FkGNJMvKFk9PFwn8TBtk1ShUKege6D5Au87ezwLWiqk":{"apy":0.12059264443975426,"weeklyFactor":0.000003301922983269804},"HYCzZYupXUyamfTQWNkULW1EFcNPCTA5urnEXCFXkLRh":{"apy":0.12059264443975426,"weeklyFactor":0.000003301922983269804},"FeKSMTD9Z22kdnMLeNWAfaTXydbhVixUPcfZDW3QS1X4":{"apy":0.12059264443975426,"weeklyFactor":0.000003301922983269804},"HbMbeaDH8xtB1a8WpwjNqcXBBGraKJjJ2xFkXEdAy1rY":{"apy":0.12059264443975426,"weeklyFactor":0.000003301922983269804},"2SgUGxYDczrB6wUzXHPJH65pNhWkEzNMEx3km4xTYUTC":{"apy":0.12059264443975426,"weeklyFactor":0.000003301922983269804},"FejEVPJBH5TEbgcpupNuRyiMRoeaCQwPvtVU6w3i2xRc":{"apy":188.28449951066003,"weeklyFactor":0.002904971967886828},"AXSXYioiHGFvQ1XF4zCvXjnVAcMY68WQ4RH5r5nAdah5":{"apy":0.12059264443975426,"weeklyFactor":0.000003301922983269804},"GmBMZ8BNeNR6mRFqu2ZaFvpxvGPXmc9Aa4a1GWFaxWMv":{"apy":0.12059264443975426,"weeklyFactor":0.000003301922983269804},"2keDsfcMY6hLvfrmzDAfnMSudMqYczPVcb8MSkK59P9r":{"apy":0.12059264443975426,"weeklyFactor":0.000003301922983269804},"EWZW9aJmY2LX6ZyV5RU8waHWKF1aGaxzbuBuRQp6G4j":{"apy":0.12059264443975426,"weeklyFactor":0.000003301922983269804},"DzCbrMZXNG3XpXuufhBp233LJXvV8Xq1C3q4ksrtbCPP":{"apy":0.12059264443975426,"weeklyFactor":0.000003301922983269804},"9bXJSJ3tGjkk8QVSykcGE6KnzdKznfjWP7YXicSRFTe8":{"apy":0.12059264443975426,"weeklyFactor":0.000003301922983269804},"5dX3tkVDmbHBWMCQMerAHTmd9wsRvmtKLoQt6qv9fHy7":{"apy":1.0067969233219731,"weeklyFactor":0.00002744592419243979},"A5U2LbZhwc6GFZtYft6MtbGHFhYyZ1pzCRQkz7D2b2YS":{"apy":0.12059264443975426,"weeklyFactor":0.000003301922983269804},"9fY5jLin2yYMK9Eee5diWzJRZqLaYgEUupUNsKVYAMhi":{"apy":0.12059264443975426,"weeklyFactor":0.000003301922983269804},"B2Mq1fpJ2bZYxxtF4yz6nNvLJLaYzM3zQsHcs2oDqk3z":{"apy":0.12059264443975426,"weeklyFactor":0.000003301922983269804},"6rvpVhL9fxm2WLMefNRaLwv6aNdivZadMi56teWfSkuU":{"apy":1.8150433929290191e+37,"weeklyFactor":0.24910713889698735},"5yKHz86cvHocaQnxv4mPJjftA4w7BbJzQQr5rG9miyZ3":{"apy":0.12059264443975426,"weeklyFactor":0.000003301922983269804},"BGz6pBLvc4nuGNsbXYoAE7z466kSjZaoXKJMnEkZWkyD":{"apy":0.12059264443975426,"weeklyFactor":0.000003301922983269804}}