{"HYCzZYupXUyamfTQWNkULW1EFcNPCTA5urnEXCFXkLRh":{"apy":0.000018411658109229734,"weeklyFactor":5.044288649537408e-10},"2SgUGxYDczrB6wUzXHPJH65pNhWkEzNMEx3km4xTYUTC":{"apy":0.000018411658109229734,"weeklyFactor":5.044288649537408e-10},"7drJL7kEdJfgNzeaEYKDqTkfmiG2ain3nEPtGHDZc6i2":{"apy":0.000018411658109229734,"weeklyFactor":5.044288649537408e-10},"AvNeVrKZy1FaEG9suboRXNPgmnMwomiU5EvkF6jGxGrX":{"apy":2.23237154288356,"weeklyFactor":0.00006049001745477509},"C7BLPzc1vzLL3Tm5udXELnHDRXeXkdd5f1oMKP8rwUNv":{"apy":0.000018411658109229734,"weeklyFactor":5.044288649537408e-10},"HbMbeaDH8xtB1a8WpwjNqcXBBGraKJjJ2xFkXEdAy1rY":{"apy":0.000018411658109229734,"weeklyFactor":5.044288649537408e-10},"4FkGNJMvKFk9PFwn8TBtk1ShUKege6D5Au87ezwLWiqk":{"apy":6.488671389337264,"weeklyFactor":0.00017225708543134615},"FeKSMTD9Z22kdnMLeNWAfaTXydbhVixUPcfZDW3QS1X4":{"apy":0.000018411658109229734,"weeklyFactor":5.044288649537408e-10},"9bXJSJ3tGjkk8QVSykcGE6KnzdKznfjWP7YXicSRFTe8":{"apy":0.000018411658109229734,"weeklyFactor":5.044288649537408e-10},"GmBMZ8BNeNR6mRFqu2ZaFvpxvGPXmc9Aa4a1GWFaxWMv":{"apy":0.000018411658109229734,"weeklyFactor":5.044288649537408e-10},"EWZW9aJmY2LX6ZyV5RU8waHWKF1aGaxzbuBuRQp6G4j":{"apy":0.000018411658109229734,"weeklyFactor":5.044288649537408e-10},"FejEVPJBH5TEbgcpupNuRyiMRoeaCQwPvtVU6w3i2xRc":{"apy":0.026097040184525078,"weeklyFactor":7.148943787639417e-7},"AXSXYioiHGFvQ1XF4zCvXjnVAcMY68WQ4RH5r5nAdah5":{"apy":0.000018411658109229734,"weeklyFactor":5.044288649537408e-10},"5dX3tkVDmbHBWMCQMerAHTmd9wsRvmtKLoQt6qv9fHy7":{"apy":38965.22795241113,"weeklyFactor":0.016484581655969954},"DzCbrMZXNG3XpXuufhBp233LJXvV8Xq1C3q4ksrtbCPP":{"apy":0.000018411658109229734,"weeklyFactor":5.044288649537408e-10},"2keDsfcMY6hLvfrmzDAfnMSudMqYczPVcb8MSkK59P9r":{"apy":0.000018411658109229734,"weeklyFactor":5.044288649537408e-10},"9fY5jLin2yYMK9Eee5diWzJRZqLaYgEUupUNsKVYAMhi":{"apy":0.000018411658109229734,"weeklyFactor":5.044288649537408e-10},"A5U2LbZhwc6GFZtYft6MtbGHFhYyZ1pzCRQkz7D2b2YS":{"apy":0.000018411658109229734,"weeklyFactor":5.044288649537408e-10},"B2Mq1fpJ2bZYxxtF4yz6nNvLJLaYzM3zQsHcs2oDqk3z":{"apy":0.000018411658109229734,"weeklyFactor":5.044288649537408e-10},"6rvpVhL9fxm2WLMefNRaLwv6aNdivZadMi56teWfSkuU":{"apy":22145173190179.227,"weeklyFactor":0.0741945790985727},"5yKHz86cvHocaQnxv4mPJjftA4w7BbJzQQr5rG9miyZ3":{"apy":0.000018411658109229734,"weeklyFactor":5.044288649537408e-10},"BGz6pBLvc4nuGNsbXYoAE7z466kSjZaoXKJMnEkZWkyD":{"apy":0.000018411658109229734,"weeklyFactor":5.044288649537408e-10}}