{"7drJL7kEdJfgNzeaEYKDqTkfmiG2ain3nEPtGHDZc6i2":{"apy":0.7692754105707467,"weeklyFactor":0.000020995606024166154},"HYCzZYupXUyamfTQWNkULW1EFcNPCTA5urnEXCFXkLRh":{"apy":0.7692754105707467,"weeklyFactor":0.000020995606024166154},"HbMbeaDH8xtB1a8WpwjNqcXBBGraKJjJ2xFkXEdAy1rY":{"apy":0.7692754105707467,"weeklyFactor":0.000020995606024166154},"AvNeVrKZy1FaEG9suboRXNPgmnMwomiU5EvkF6jGxGrX":{"apy":78761.53839298493,"weeklyFactor":0.018442741090958753},"C7BLPzc1vzLL3Tm5udXELnHDRXeXkdd5f1oMKP8rwUNv":{"apy":0.7692754105707467,"weeklyFactor":0.000020995606024166154},"FeKSMTD9Z22kdnMLeNWAfaTXydbhVixUPcfZDW3QS1X4":{"apy":0.7692754105707467,"weeklyFactor":0.000020995606024166154},"4FkGNJMvKFk9PFwn8TBtk1ShUKege6D5Au87ezwLWiqk":{"apy":0.7692754105707467,"weeklyFactor":0.000020995606024166154},"2SgUGxYDczrB6wUzXHPJH65pNhWkEzNMEx3km4xTYUTC":{"apy":0.7692754105707467,"weeklyFactor":0.000020995606024166154},"FejEVPJBH5TEbgcpupNuRyiMRoeaCQwPvtVU6w3i2xRc":{"apy":131.11802827484414,"weeklyFactor":0.002297864378843064},"EWZW9aJmY2LX6ZyV5RU8waHWKF1aGaxzbuBuRQp6G4j":{"apy":0.7692754105707467,"weeklyFactor":0.000020995606024166154},"AXSXYioiHGFvQ1XF4zCvXjnVAcMY68WQ4RH5r5nAdah5":{"apy":0.7692754105707467,"weeklyFactor":0.000020995606024166154},"GmBMZ8BNeNR6mRFqu2ZaFvpxvGPXmc9Aa4a1GWFaxWMv":{"apy":0.7692754105707467,"weeklyFactor":0.000020995606024166154},"5dX3tkVDmbHBWMCQMerAHTmd9wsRvmtKLoQt6qv9fHy7":{"apy":6.576556520160404,"weeklyFactor":0.00017451764145720857},"DzCbrMZXNG3XpXuufhBp233LJXvV8Xq1C3q4ksrtbCPP":{"apy":0.7692754105707467,"weeklyFactor":0.000020995606024166154},"9bXJSJ3tGjkk8QVSykcGE6KnzdKznfjWP7YXicSRFTe8":{"apy":0.7692754105707467,"weeklyFactor":0.000020995606024166154},"2keDsfcMY6hLvfrmzDAfnMSudMqYczPVcb8MSkK59P9r":{"apy":0.7692754105707467,"weeklyFactor":0.000020995606024166154},"9fY5jLin2yYMK9Eee5diWzJRZqLaYgEUupUNsKVYAMhi":{"apy":0.7692754105707467,"weeklyFactor":0.000020995606024166154},"A5U2LbZhwc6GFZtYft6MtbGHFhYyZ1pzCRQkz7D2b2YS":{"apy":0.7692754105707467,"weeklyFactor":0.000020995606024166154},"B2Mq1fpJ2bZYxxtF4yz6nNvLJLaYzM3zQsHcs2oDqk3z":{"apy":0.7692754105707467,"weeklyFactor":0.000020995606024166154},"5yKHz86cvHocaQnxv4mPJjftA4w7BbJzQQr5rG9miyZ3":{"apy":0.7692754105707467,"weeklyFactor":0.000020995606024166154},"6rvpVhL9fxm2WLMefNRaLwv6aNdivZadMi56teWfSkuU":{"apy":7.235555388984955e+69,"weeklyFactor":0.5343214666812167},"BGz6pBLvc4nuGNsbXYoAE7z466kSjZaoXKJMnEkZWkyD":{"apy":0.7692754105707467,"weeklyFactor":0.000020995606024166154}}