{"AvNeVrKZy1FaEG9suboRXNPgmnMwomiU5EvkF6jGxGrX":{"apy":937.832450608025,"weeklyFactor":0.0064307795113294755},"2SgUGxYDczrB6wUzXHPJH65pNhWkEzNMEx3km4xTYUTC":{"apy":0.022115308633097186,"weeklyFactor":6.058320617519824e-7},"C7BLPzc1vzLL3Tm5udXELnHDRXeXkdd5f1oMKP8rwUNv":{"apy":0.022115308633097186,"weeklyFactor":6.058320617519824e-7},"HbMbeaDH8xtB1a8WpwjNqcXBBGraKJjJ2xFkXEdAy1rY":{"apy":0.022115308633097186,"weeklyFactor":6.058320617519824e-7},"4FkGNJMvKFk9PFwn8TBtk1ShUKege6D5Au87ezwLWiqk":{"apy":0.022115308633097186,"weeklyFactor":6.058320617519824e-7},"FeKSMTD9Z22kdnMLeNWAfaTXydbhVixUPcfZDW3QS1X4":{"apy":0.022115308633097186,"weeklyFactor":6.058320617519824e-7},"HYCzZYupXUyamfTQWNkULW1EFcNPCTA5urnEXCFXkLRh":{"apy":0.022115308633097186,"weeklyFactor":6.058320617519824e-7},"7drJL7kEdJfgNzeaEYKDqTkfmiG2ain3nEPtGHDZc6i2":{"apy":0.022115308633097186,"weeklyFactor":6.058320617519824e-7},"GmBMZ8BNeNR6mRFqu2ZaFvpxvGPXmc9Aa4a1GWFaxWMv":{"apy":0.022115308633097186,"weeklyFactor":6.058320617519824e-7},"FejEVPJBH5TEbgcpupNuRyiMRoeaCQwPvtVU6w3i2xRc":{"apy":36.78729382882029,"weeklyFactor":0.000858606565786398},"2keDsfcMY6hLvfrmzDAfnMSudMqYczPVcb8MSkK59P9r":{"apy":0.022115308633097186,"weeklyFactor":6.058320617519824e-7},"AXSXYioiHGFvQ1XF4zCvXjnVAcMY68WQ4RH5r5nAdah5":{"apy":0.022115308633097186,"weeklyFactor":6.058320617519824e-7},"DzCbrMZXNG3XpXuufhBp233LJXvV8Xq1C3q4ksrtbCPP":{"apy":0.022115308633097186,"weeklyFactor":6.058320617519824e-7},"5dX3tkVDmbHBWMCQMerAHTmd9wsRvmtKLoQt6qv9fHy7":{"apy":0.18397301719066395,"weeklyFactor":0.000005035738545218439},"EWZW9aJmY2LX6ZyV5RU8waHWKF1aGaxzbuBuRQp6G4j":{"apy":0.022115308633097186,"weeklyFactor":6.058320617519824e-7},"9bXJSJ3tGjkk8QVSykcGE6KnzdKznfjWP7YXicSRFTe8":{"apy":0.022115308633097186,"weeklyFactor":6.058320617519824e-7},"A5U2LbZhwc6GFZtYft6MtbGHFhYyZ1pzCRQkz7D2b2YS":{"apy":0.022115308633097186,"weeklyFactor":6.058320617519824e-7},"9fY5jLin2yYMK9Eee5diWzJRZqLaYgEUupUNsKVYAMhi":{"apy":0.022115308633097186,"weeklyFactor":6.058320617519824e-7},"B2Mq1fpJ2bZYxxtF4yz6nNvLJLaYzM3zQsHcs2oDqk3z":{"apy":0.022115308633097186,"weeklyFactor":6.058320617519824e-7},"5yKHz86cvHocaQnxv4mPJjftA4w7BbJzQQr5rG9miyZ3":{"apy":0.022115308633097186,"weeklyFactor":6.058320617519824e-7},"6rvpVhL9fxm2WLMefNRaLwv6aNdivZadMi56teWfSkuU":{"apy":109583277137.25739,"weeklyFactor":0.05868417820886459},"BGz6pBLvc4nuGNsbXYoAE7z466kSjZaoXKJMnEkZWkyD":{"apy":0.022115308633097186,"weeklyFactor":6.058320617519824e-7}}