{"C7BLPzc1vzLL3Tm5udXELnHDRXeXkdd5f1oMKP8rwUNv":{"apy":0.000006258426421545948,"weeklyFactor":1.7146378360290885e-10},"HYCzZYupXUyamfTQWNkULW1EFcNPCTA5urnEXCFXkLRh":{"apy":0.000006258426421545948,"weeklyFactor":1.7146378360290885e-10},"2SgUGxYDczrB6wUzXHPJH65pNhWkEzNMEx3km4xTYUTC":{"apy":0.000006258426421545948,"weeklyFactor":1.7146378360290885e-10},"AvNeVrKZy1FaEG9suboRXNPgmnMwomiU5EvkF6jGxGrX":{"apy":8.754239388770468,"weeklyFactor":0.00022994551864105397},"4FkGNJMvKFk9PFwn8TBtk1ShUKege6D5Au87ezwLWiqk":{"apy":7.179331108917064,"weeklyFactor":0.00018997211704544523},"HbMbeaDH8xtB1a8WpwjNqcXBBGraKJjJ2xFkXEdAy1rY":{"apy":0.000006258426421545948,"weeklyFactor":1.7146378360290885e-10},"7drJL7kEdJfgNzeaEYKDqTkfmiG2ain3nEPtGHDZc6i2":{"apy":0.000006258426421545948,"weeklyFactor":1.7146378360290885e-10},"FeKSMTD9Z22kdnMLeNWAfaTXydbhVixUPcfZDW3QS1X4":{"apy":0.000006258426421545948,"weeklyFactor":1.7146378360290885e-10},"EWZW9aJmY2LX6ZyV5RU8waHWKF1aGaxzbuBuRQp6G4j":{"apy":0.000006258426421545948,"weeklyFactor":1.7146378360290885e-10},"AXSXYioiHGFvQ1XF4zCvXjnVAcMY68WQ4RH5r5nAdah5":{"apy":0.000006258426421545948,"weeklyFactor":1.7146378360290885e-10},"9bXJSJ3tGjkk8QVSykcGE6KnzdKznfjWP7YXicSRFTe8":{"apy":0.000006258426421545948,"weeklyFactor":1.7146378360290885e-10},"2keDsfcMY6hLvfrmzDAfnMSudMqYczPVcb8MSkK59P9r":{"apy":0.000006258426421545948,"weeklyFactor":1.7146378360290885e-10},"DzCbrMZXNG3XpXuufhBp233LJXvV8Xq1C3q4ksrtbCPP":{"apy":0.000006258426421545948,"weeklyFactor":1.7146378360290885e-10},"5dX3tkVDmbHBWMCQMerAHTmd9wsRvmtKLoQt6qv9fHy7":{"apy":48504.01245328858,"weeklyFactor":0.017093187805306383},"GmBMZ8BNeNR6mRFqu2ZaFvpxvGPXmc9Aa4a1GWFaxWMv":{"apy":0.000006258426421545948,"weeklyFactor":1.7146378360290885e-10},"FejEVPJBH5TEbgcpupNuRyiMRoeaCQwPvtVU6w3i2xRc":{"apy":1.2526356137999572,"weeklyFactor":0.000034106199173949105},"9fY5jLin2yYMK9Eee5diWzJRZqLaYgEUupUNsKVYAMhi":{"apy":12.898523917774863,"weeklyFactor":0.0003324366443723719},"A5U2LbZhwc6GFZtYft6MtbGHFhYyZ1pzCRQkz7D2b2YS":{"apy":0.000006258426421545948,"weeklyFactor":1.7146378360290885e-10},"B2Mq1fpJ2bZYxxtF4yz6nNvLJLaYzM3zQsHcs2oDqk3z":{"apy":0.000006258426421545948,"weeklyFactor":1.7146378360290885e-10},"6rvpVhL9fxm2WLMefNRaLwv6aNdivZadMi56teWfSkuU":{"apy":289629148948956,"weeklyFactor":0.08178768613834486},"5yKHz86cvHocaQnxv4mPJjftA4w7BbJzQQr5rG9miyZ3":{"apy":0.000006258426421545948,"weeklyFactor":1.7146378360290885e-10},"BGz6pBLvc4nuGNsbXYoAE7z466kSjZaoXKJMnEkZWkyD":{"apy":0.000006258426421545948,"weeklyFactor":1.7146378360290885e-10}}