{"A7AwVVu1y1bzz86LQrLbVtgC43k7LES6Lesc8ao7MGFP":{"apy":1.9511621750317953,"weeklyFactor":0.00005294307384124494},"AG4harXetHAJLmKfQRTvW8uBBhjGDqbSvMQGTAhik4eE":{"apy":1.9511621750317953,"weeklyFactor":0.00005294307384124494},"BZSp8EvV8XTfNrsyBXrF2xGB3L7SbHSwhmJ7RD74zmAH":{"apy":1.9511621750317953,"weeklyFactor":0.00005294307384124494},"GGAtxXgYGP5YzxbhhnuYCwZJV24idnSp31XK81Lqu6vi":{"apy":286.090944734354,"weeklyFactor":0.003707961003557241},"9z35ptatPpnzzfzCXB5k7aJ6jxg4Qyno5xXVMLC7oHAW":{"apy":1.9511621750317953,"weeklyFactor":0.00005294307384124494},"8cQaC9iDd9pGQYcZfK61zgMitBvsW7218WzG55JhonsZ":{"apy":1.9511621750317953,"weeklyFactor":0.00005294307384124494},"7w3qaYPMAnbHnyWKqDzHVZcTLfJaDXhB2JdDUkZXuMho":{"apy":1.9511621750317953,"weeklyFactor":0.00005294307384124494},"xQob6CJEuPD23kbMENHWGWT7ho4Anwx4dpH7pBbX6MY":{"apy":1.9511621750317953,"weeklyFactor":0.00005294307384124494},"45t3M59UDEkeADxyGq1tJxwoUPQ5kUxeuLsusYBFkBah":{"apy":1.9511621750317953,"weeklyFactor":0.00005294307384124494},"EGLDBGNDaC1pr3iznmGDUSVLmFE8DGR1LruUHTwCFhhy":{"apy":1.9511621750317953,"weeklyFactor":0.00005294307384124494},"HUmPDU5amyLXjpZJGwMf6YAa6W9LW2srJjcrSM3FXgUA":{"apy":1.9511621750317953,"weeklyFactor":0.00005294307384124494},"NvbSrT458e6LCeLq257rH73dZ7btcq1TPkQVsyL8ouT":{"apy":1.9511621750317953,"weeklyFactor":0.00005294307384124494},"5yjxDcJzH1yaKYA6AH7GEgxtC6rdqy2kSCifjMLcmh8b":{"apy":1.9511621750317953,"weeklyFactor":0.00005294307384124494},"AgUfgteJ5mGWeuKZeUTedwvvu8jLaWGiRE2matEMoHEG":{"apy":1.9511621750317953,"weeklyFactor":0.00005294307384124494},"6W6iaKmdBNqyFrXmJqB5yrebr3KowYDs4F9Nide4ARYL":{"apy":1.9511621750317953,"weeklyFactor":0.00005294307384124494},"6m8H4nKpm5fEQqKBaniRUYQfeaH7pjMkPPFiMnGXZEd8":{"apy":1.9511621750317953,"weeklyFactor":0.00005294307384124494},"CrMFwYDc3j4d9f9dogyDTx97raJJpAupntzVXm2bL8hH":{"apy":1.9511621750317953,"weeklyFactor":0.00005294307384124494},"7Pzoefg48HurAC8ewRfgJgJmvGSasMYi5zHgQ67cxGTS":{"apy":1.9511621750317953,"weeklyFactor":0.00005294307384124494},"6fJ7t3uvmosPqXY51Qcwdc126miSnTF2bt7xgG5fyPgX":{"apy":1.9511621750317953,"weeklyFactor":0.00005294307384124494},"GBEo8NoJAg5woWXXWXKT5xaWVUmxsqYgLkvyLkFDEgzY":{"apy":1.9511621750317953,"weeklyFactor":0.00005294307384124494},"CqVgxaQprGDZkBnAFNxKnwgaB5929CT1nSFxYjgUJz4H":{"apy":1.9511621750317953,"weeklyFactor":0.00005294307384124494},"Di5eqFCEonm8ABWfZph4fermaFbtrU5Jj2mrYdkKM1pT":{"apy":1.9511621750317953,"weeklyFactor":0.00005294307384124494},"79RBFWfLKbJMNHzF6sqsAb7z9iXY1kyNFpuW6HJQQW4f":{"apy":1.9511621750317953,"weeklyFactor":0.00005294307384124494},"4NkYxZtSpUzQc2oxktQoRYUSYC4awrtspuAGLq7Sx8A1":{"apy":1.9511621750317953,"weeklyFactor":0.00005294307384124494},"EKYai7Zh1qPtRtkkYJcCvdEPo2fXj3bfuTGoNUSJ4Z1m":{"apy":1.9511621750317953,"weeklyFactor":0.00005294307384124494},"7cRPNt4EMSwvmwSrm379JhyG7s49CuCbCfnARzGykkzx":{"apy":1.9511621750317953,"weeklyFactor":0.00005294307384124494},"FmV9BnyyAGqVWudkV2S4hq7TGkUfoa8ku6UhKK1UN9zn":{"apy":11.376635883456988,"weeklyFactor":0.0002952418979481089},"BvPLZDd4cHfNeUy3F9tv8PQkJSWtwe5EyFpyTm81tQ9g":{"apy":1.9511621750317953,"weeklyFactor":0.00005294307384124494},"27j5twe2g8Vqr6bGyEjX4dSPKA3s1hu4N1nm9u3gRsmc":{"apy":1.9511621750317953,"weeklyFactor":0.00005294307384124494},"84GSk7hjwaUwX5wxmvnHiTtSnffPYP7dnmoP6ZJ5TnSR":{"apy":1.9511621750317953,"weeklyFactor":0.00005294307384124494},"6SXW9UNVdiUWJhw4RvfmovbkTEBeb8tvBzPHc8EeVWi":{"apy":1.9511621750317953,"weeklyFactor":0.00005294307384124494},"82g9tPxdE3UgLiSoA4KkV6S7hXKdN4RDjcbBiqTwWSWw":{"apy":1.9511621750317953,"weeklyFactor":0.00005294307384124494},"A4maCv1LM7rjpUzzM7JP4wg61VchwCovKiRqo3fbXSgF":{"apy":1.9511621750317953,"weeklyFactor":0.00005294307384124494},"6Cr9rtgY4c7H6DZzaCTgVpeFK8TpdcuhZXeZ2wqPhCD3":{"apy":1.9511621750317953,"weeklyFactor":0.00005294307384124494},"7WxatmehVQjfXYMXoyFXnrRMCpDnMKcShFhNDXUioDpb":{"apy":1.9511621750317953,"weeklyFactor":0.00005294307384124494},"GYXWHy8iakBiffXh6NinMnxkuJkmNrMPry6zCPQdeaJ2":{"apy":1.9511621750317953,"weeklyFactor":0.00005294307384124494},"569xM2bZSTijhdB8u15G6e442PVq3PhcJUPFUZM9njvi":{"apy":1.9511621750317953,"weeklyFactor":0.00005294307384124494},"9gGUAz4psCE2t3NFr8p64hgvXAcQGADtLmrNDTKMJPpC":{"apy":1.9511621750317953,"weeklyFactor":0.00005294307384124494},"BbuK8MkcZSJxx7VtRXB8Up8CqeURv3FRHzdzavPyKr1H":{"apy":1.9511621750317953,"weeklyFactor":0.00005294307384124494},"D8W6t585rTrYfhtQQTxozyG6w2oCLpBwLCy7rMsS1rNF":{"apy":1.9511621750317953,"weeklyFactor":0.00005294307384124494},"FKh586sYqro7RsTYsr7Wwc6b95bdkWCLEDKRc8fmBruh":{"apy":1.9511621750317953,"weeklyFactor":0.00005294307384124494},"6zPRRm2tjgUYPrnSboaxr2RvovB9y5vT9f4kYyzdbbri":{"apy":1.9511621750317953,"weeklyFactor":0.00005294307384124494},"GAd62dWPW36cxUPndsPwB52x1xjeRcJMuZ2SNdZTMzDR":{"apy":1.9511621750317953,"weeklyFactor":0.00005294307384124494},"8qhdhHUPxCqXDqhYiXDjjDnLAHctt7pEettHU6bTSXFB":{"apy":1.9511621750317953,"weeklyFactor":0.00005294307384124494},"71QzPrqM26vMDJdtanPqyNyQ7MzqVw3FqzUWTpdNxta2":{"apy":1.9511621750317953,"weeklyFactor":0.00005294307384124494},"6nqWUFzjoJzuZ9FWF6iBjFwUpGX6mZrF25WaWsbwqekM":{"apy":1.9511621750317953,"weeklyFactor":0.00005294307384124494},"51DNyWAJ7pa67DzkbHfipbZYW5hUSSRYsec5iHndtZ2W":{"apy":1.9511621750317953,"weeklyFactor":0.00005294307384124494},"2ShQGNv3YNqABBSEVGwSk9s1UCaDMGGehdbnjiJ1HmYn":{"apy":0,"weeklyFactor":12.905983800853633},"HZwUnXYy27TUWQucuuSM8dYJxxCgUMgfDf83vZNz7CKe":{"apy":1.9511621750317953,"weeklyFactor":0.00005294307384124494},"bfSBHwyL6PNjpeQEyrjsnbo7TzGRttbymvN74Y9czN3":{"apy":1.9511621750317953,"weeklyFactor":0.00005294307384124494},"Hb2freG61xfMgmH6CUJDiyjG5zbbfcp9a6TQ2SJvs2Ur":{"apy":1.9511621750317953,"weeklyFactor":0.00005294307384124494},"CssW9uGzH22u9CUkft1xgqHgKCGCTrCL6Ma93wLY94dq":{"apy":1.9511621750317953,"weeklyFactor":0.00005294307384124494},"HbJhdrHeagEKTKLiajwXSvgETRs652U3vcMHpQS5y8qr":{"apy":1.9511621750317953,"weeklyFactor":0.00005294307384124494},"8krGUkrubzsymUFmy5ncJHiE5RwyDEWazvwfahii7UW1":{"apy":1.9511621750317953,"weeklyFactor":0.00005294307384124494},"DkFWVeEchx65Q9vymQjDjdfY472vV4JvkXompH5s4u6u":{"apy":1.9511621750317953,"weeklyFactor":0.00005294307384124494},"91efQM48sjFp5YPLRPVVFwxoER2YiYzy9BfhPeAk8oNS":{"apy":1.9511621750317953,"weeklyFactor":0.00005294307384124494},"74nxLDML7sZeFjeqLteu89kGxC18ZRdsSHsMP9q5BALP":{"apy":6.820952521780521,"weeklyFactor":0.00018079416583577541},"3a3EdoS5MvDcw9K8GdAb2FD7A9cUK6TuAqboJX23DQNM":{"apy":1.9511621750317953,"weeklyFactor":0.00005294307384124494},"Hb3evEtCB4ykLYYKFGkGgVuaCyrWFbXwe3jtkMSkq6Ve":{"apy":1.9511621750317953,"weeklyFactor":0.00005294307384124494},"CHQ8Ti9L3z9aLfML1ULf78ZaGFwaTMA6GFcteBvMgmAG":{"apy":1.9511621750317953,"weeklyFactor":0.00005294307384124494},"93b5xNohGF24cbbGn7pw4QUKGLcrXdBVGw8gRsxTNcUx":{"apy":1.9511621750317953,"weeklyFactor":0.00005294307384124494},"F8fj2myqZcw5CZy8yaNZDJXS2rzB7FL79maFBJM16WPu":{"apy":1.9511621750317953,"weeklyFactor":0.00005294307384124494},"hLZNVV8EbeLCjkXCxfBePjAcuPSwCryWtiStoV7E4cU":{"apy":1.9511621750317953,"weeklyFactor":0.00005294307384124494},"CC72FniNhUM41xSoA5h1idGxstrKXDqqhnYzfyBTSZDG":{"apy":223605.15163117088,"weeklyFactor":0.02135611748778777},"ApkrPbiWzEmkRj92g8tpzMNNXGkTogRNMQfESaUQAykv":{"apy":1.9511621750317953,"weeklyFactor":0.00005294307384124494},"Fb8rVemMjXE9r7FNK7DTmUdDhQDa3jFufkqrH2bsDYWX":{"apy":1.9511621750317953,"weeklyFactor":0.00005294307384124494},"7SaJ5xEHTtWrFoJcNrNkJKb4pHJSDoMtzvcyHXJuhZRf":{"apy":1.9511621750317953,"weeklyFactor":0.00005294307384124494},"5Wc3GkVnPmfRMgumstAEtT1yWYR7nBeyjYEQonz91bpb":{"apy":1.9511621750317953,"weeklyFactor":0.00005294307384124494},"8PhY9FH6ZQT74nnBuxxoVs4nYk9NUWwguFfWrZHGiAwK":{"apy":1.9511621750317953,"weeklyFactor":0.00005294307384124494},"As83NX9BsHUx5RBuRWGWzByzXsSEoThVzcTpHrNkvUFt":{"apy":1.9511621750317953,"weeklyFactor":0.00005294307384124494},"YkDo4ooVf3Sw79y84w3HCy7aGFd6UMfkGdgDMiHdprx":{"apy":1.9511621750317953,"weeklyFactor":0.00005294307384124494},"Ee7EsMJ6bYN99FKVTc9SEpX9HucyHg4AGuQpRuP9Ac4c":{"apy":1.9511621750317953,