{"7drJL7kEdJfgNzeaEYKDqTkfmiG2ain3nEPtGHDZc6i2":{"apy":1346.641480616549,"weeklyFactor":0.007346938775510205},"HbMbeaDH8xtB1a8WpwjNqcXBBGraKJjJ2xFkXEdAy1rY":{"apy":1346.641480616549,"weeklyFactor":0.007346938775510205},"4FkGNJMvKFk9PFwn8TBtk1ShUKege6D5Au87ezwLWiqk":{"apy":1346.641480616549,"weeklyFactor":0.007346938775510205},"FeKSMTD9Z22kdnMLeNWAfaTXydbhVixUPcfZDW3QS1X4":{"apy":1346.641480616549,"weeklyFactor":0.007346938775510205},"HYCzZYupXUyamfTQWNkULW1EFcNPCTA5urnEXCFXkLRh":{"apy":1346.641480616549,"weeklyFactor":0.007346938775510205},"AvNeVrKZy1FaEG9suboRXNPgmnMwomiU5EvkF6jGxGrX":{"apy":3172.7396730061455,"weeklyFactor":0.009602558229683682},"2SgUGxYDczrB6wUzXHPJH65pNhWkEzNMEx3km4xTYUTC":{"apy":1346.641480616549,"weeklyFactor":0.007346938775510205},"C7BLPzc1vzLL3Tm5udXELnHDRXeXkdd5f1oMKP8rwUNv":{"apy":1346.641480616549,"weeklyFactor":0.007346938775510205},"GmBMZ8BNeNR6mRFqu2ZaFvpxvGPXmc9Aa4a1GWFaxWMv":{"apy":1346.641480616549,"weeklyFactor":0.007346938775510205},"FejEVPJBH5TEbgcpupNuRyiMRoeaCQwPvtVU6w3i2xRc":{"apy":1836.1844757445783,"weeklyFactor":0.008151687636657792},"5dX3tkVDmbHBWMCQMerAHTmd9wsRvmtKLoQt6qv9fHy7":{"apy":1666.945433017003,"weeklyFactor":0.007899082111372429},"DzCbrMZXNG3XpXuufhBp233LJXvV8Xq1C3q4ksrtbCPP":{"apy":1346.641480616549,"weeklyFactor":0.007346938775510205},"9bXJSJ3tGjkk8QVSykcGE6KnzdKznfjWP7YXicSRFTe8":{"apy":1346.641480616549,"weeklyFactor":0.007346938775510205},"AXSXYioiHGFvQ1XF4zCvXjnVAcMY68WQ4RH5r5nAdah5":{"apy":1346.641480616549,"weeklyFactor":0.007346938775510205},"2keDsfcMY6hLvfrmzDAfnMSudMqYczPVcb8MSkK59P9r":{"apy":1346.641480616549,"weeklyFactor":0.007346938775510205},"EWZW9aJmY2LX6ZyV5RU8waHWKF1aGaxzbuBuRQp6G4j":{"apy":1346.641480616549,"weeklyFactor":0.007346938775510205},"A5U2LbZhwc6GFZtYft6MtbGHFhYyZ1pzCRQkz7D2b2YS":{"apy":1346.641480616549,"weeklyFactor":0.007346938775510205},"9fY5jLin2yYMK9Eee5diWzJRZqLaYgEUupUNsKVYAMhi":{"apy":1346.641480616549,"weeklyFactor":0.007346938775510205},"B2Mq1fpJ2bZYxxtF4yz6nNvLJLaYzM3zQsHcs2oDqk3z":{"apy":1346.641480616549,"weeklyFactor":0.007346938775510205},"6rvpVhL9fxm2WLMefNRaLwv6aNdivZadMi56teWfSkuU":{"apy":1346.641480616549,"weeklyFactor":0.007346938775510205},"5yKHz86cvHocaQnxv4mPJjftA4w7BbJzQQr5rG9miyZ3":{"apy":1346.641480616549,"weeklyFactor":0.007346938775510205},"BGz6pBLvc4nuGNsbXYoAE7z466kSjZaoXKJMnEkZWkyD":{"apy":1346.641480616549,"weeklyFactor":0.007346938775510205}}