{"4FkGNJMvKFk9PFwn8TBtk1ShUKege6D5Au87ezwLWiqk":{"apy":148.530489607535,"weeklyFactor":0.0024973470153485905},"HbMbeaDH8xtB1a8WpwjNqcXBBGraKJjJ2xFkXEdAy1rY":{"apy":148.530489607535,"weeklyFactor":0.0024973470153485905},"FeKSMTD9Z22kdnMLeNWAfaTXydbhVixUPcfZDW3QS1X4":{"apy":148.530489607535,"weeklyFactor":0.0024973470153485905},"7drJL7kEdJfgNzeaEYKDqTkfmiG2ain3nEPtGHDZc6i2":{"apy":148.530489607535,"weeklyFactor":0.0024973470153485905},"HYCzZYupXUyamfTQWNkULW1EFcNPCTA5urnEXCFXkLRh":{"apy":148.530489607535,"weeklyFactor":0.0024973470153485905},"AvNeVrKZy1FaEG9suboRXNPgmnMwomiU5EvkF6jGxGrX":{"apy":2416.5403144133475,"weeklyFactor":0.008876065257460347},"2SgUGxYDczrB6wUzXHPJH65pNhWkEzNMEx3km4xTYUTC":{"apy":148.530489607535,"weeklyFactor":0.0024973470153485905},"C7BLPzc1vzLL3Tm5udXELnHDRXeXkdd5f1oMKP8rwUNv":{"apy":148.530489607535,"weeklyFactor":0.0024973470153485905},"EWZW9aJmY2LX6ZyV5RU8waHWKF1aGaxzbuBuRQp6G4j":{"apy":148.530489607535,"weeklyFactor":0.0024973470153485905},"2keDsfcMY6hLvfrmzDAfnMSudMqYczPVcb8MSkK59P9r":{"apy":148.530489607535,"weeklyFactor":0.0024973470153485905},"9bXJSJ3tGjkk8QVSykcGE6KnzdKznfjWP7YXicSRFTe8":{"apy":148.530489607535,"weeklyFactor":0.0024973470153485905},"DzCbrMZXNG3XpXuufhBp233LJXvV8Xq1C3q4ksrtbCPP":{"apy":148.530489607535,"weeklyFactor":0.0024973470153485905},"AXSXYioiHGFvQ1XF4zCvXjnVAcMY68WQ4RH5r5nAdah5":{"apy":148.530489607535,"weeklyFactor":0.0024973470153485905},"5dX3tkVDmbHBWMCQMerAHTmd9wsRvmtKLoQt6qv9fHy7":{"apy":338.6147276694694,"weeklyFactor":0.004058765880666615},"FejEVPJBH5TEbgcpupNuRyiMRoeaCQwPvtVU6w3i2xRc":{"apy":468.6200535475141,"weeklyFactor":0.004773114867688627},"GmBMZ8BNeNR6mRFqu2ZaFvpxvGPXmc9Aa4a1GWFaxWMv":{"apy":148.530489607535,"weeklyFactor":0.0024973470153485905},"A5U2LbZhwc6GFZtYft6MtbGHFhYyZ1pzCRQkz7D2b2YS":{"apy":148.530489607535,"weeklyFactor":0.0024973470153485905},"9fY5jLin2yYMK9Eee5diWzJRZqLaYgEUupUNsKVYAMhi":{"apy":148.530489607535,"weeklyFactor":0.0024973470153485905},"B2Mq1fpJ2bZYxxtF4yz6nNvLJLaYzM3zQsHcs2oDqk3z":{"apy":148.530489607535,"weeklyFactor":0.0024973470153485905},"5yKHz86cvHocaQnxv4mPJjftA4w7BbJzQQr5rG9miyZ3":{"apy":148.530489607535,"weeklyFactor":0.0024973470153485905},"6rvpVhL9fxm2WLMefNRaLwv6aNdivZadMi56teWfSkuU":{"apy":148.530489607535,"weeklyFactor":0.0024973470153485905},"BGz6pBLvc4nuGNsbXYoAE7z466kSjZaoXKJMnEkZWkyD":{"apy":148.530489607535,"weeklyFactor":0.0024973470153485905}}