{"AvNeVrKZy1FaEG9suboRXNPgmnMwomiU5EvkF6jGxGrX":{"apy":72.91067263700614,"weeklyFactor":0.001501413479289685},"2SgUGxYDczrB6wUzXHPJH65pNhWkEzNMEx3km4xTYUTC":{"apy":6.8567357948821295,"weeklyFactor":0.00018171194190998578},"C7BLPzc1vzLL3Tm5udXELnHDRXeXkdd5f1oMKP8rwUNv":{"apy":6.8567357948821295,"weeklyFactor":0.00018171194190998578},"HbMbeaDH8xtB1a8WpwjNqcXBBGraKJjJ2xFkXEdAy1rY":{"apy":6.8567357948821295,"weeklyFactor":0.00018171194190998578},"4FkGNJMvKFk9PFwn8TBtk1ShUKege6D5Au87ezwLWiqk":{"apy":6.8567357948821295,"weeklyFactor":0.00018171194190998578},"FeKSMTD9Z22kdnMLeNWAfaTXydbhVixUPcfZDW3QS1X4":{"apy":6.8567357948821295,"weeklyFactor":0.00018171194190998578},"HYCzZYupXUyamfTQWNkULW1EFcNPCTA5urnEXCFXkLRh":{"apy":6.8567357948821295,"weeklyFactor":0.00018171194190998578},"7drJL7kEdJfgNzeaEYKDqTkfmiG2ain3nEPtGHDZc6i2":{"apy":6.8567357948821295,"weeklyFactor":0.00018171194190998578},"GmBMZ8BNeNR6mRFqu2ZaFvpxvGPXmc9Aa4a1GWFaxWMv":{"apy":6.8567357948821295,"weeklyFactor":0.00018171194190998578},"FejEVPJBH5TEbgcpupNuRyiMRoeaCQwPvtVU6w3i2xRc":{"apy":11.112959926078325,"weeklyFactor":0.00028874621301176815},"2keDsfcMY6hLvfrmzDAfnMSudMqYczPVcb8MSkK59P9r":{"apy":6.8567357948821295,"weeklyFactor":0.00018171194190998578},"AXSXYioiHGFvQ1XF4zCvXjnVAcMY68WQ4RH5r5nAdah5":{"apy":6.8567357948821295,"weeklyFactor":0.00018171194190998578},"DzCbrMZXNG3XpXuufhBp233LJXvV8Xq1C3q4ksrtbCPP":{"apy":6.8567357948821295,"weeklyFactor":0.00018171194190998578},"5dX3tkVDmbHBWMCQMerAHTmd9wsRvmtKLoQt6qv9fHy7":{"apy":43.21751681463917,"weeklyFactor":0.000984578585560009},"EWZW9aJmY2LX6ZyV5RU8waHWKF1aGaxzbuBuRQp6G4j":{"apy":6.8567357948821295,"weeklyFactor":0.00018171194190998578},"9bXJSJ3tGjkk8QVSykcGE6KnzdKznfjWP7YXicSRFTe8":{"apy":6.8567357948821295,"weeklyFactor":0.00018171194190998578},"A5U2LbZhwc6GFZtYft6MtbGHFhYyZ1pzCRQkz7D2b2YS":{"apy":6.8567357948821295,"weeklyFactor":0.00018171194190998578},"9fY5jLin2yYMK9Eee5diWzJRZqLaYgEUupUNsKVYAMhi":{"apy":6.8567357948821295,"weeklyFactor":0.00018171194190998578},"B2Mq1fpJ2bZYxxtF4yz6nNvLJLaYzM3zQsHcs2oDqk3z":{"apy":6.8567357948821295,"weeklyFactor":0.00018171194190998578},"5yKHz86cvHocaQnxv4mPJjftA4w7BbJzQQr5rG9miyZ3":{"apy":6.8567357948821295,"weeklyFactor":0.00018171194190998578},"6rvpVhL9fxm2WLMefNRaLwv6aNdivZadMi56teWfSkuU":{"apy":4.993986225802357e+161,"weeklyFactor":1.7386087581724943},"BGz6pBLvc4nuGNsbXYoAE7z466kSjZaoXKJMnEkZWkyD":{"apy":6.8567357948821295,"weeklyFactor":0.00018171194190998578}}