{"HYCzZYupXUyamfTQWNkULW1EFcNPCTA5urnEXCFXkLRh":{"apy":95.2446312895773,"weeklyFactor":0.0018347855622969239},"2SgUGxYDczrB6wUzXHPJH65pNhWkEzNMEx3km4xTYUTC":{"apy":95.2446312895773,"weeklyFactor":0.0018347855622969239},"HbMbeaDH8xtB1a8WpwjNqcXBBGraKJjJ2xFkXEdAy1rY":{"apy":95.2446312895773,"weeklyFactor":0.0018347855622969239},"7drJL7kEdJfgNzeaEYKDqTkfmiG2ain3nEPtGHDZc6i2":{"apy":95.2446312895773,"weeklyFactor":0.0018347855622969239},"4FkGNJMvKFk9PFwn8TBtk1ShUKege6D5Au87ezwLWiqk":{"apy":95.2446312895773,"weeklyFactor":0.0018347855622969239},"C7BLPzc1vzLL3Tm5udXELnHDRXeXkdd5f1oMKP8rwUNv":{"apy":95.2446312895773,"weeklyFactor":0.0018347855622969239},"FeKSMTD9Z22kdnMLeNWAfaTXydbhVixUPcfZDW3QS1X4":{"apy":95.2446312895773,"weeklyFactor":0.0018347855622969239},"AvNeVrKZy1FaEG9suboRXNPgmnMwomiU5EvkF6jGxGrX":{"apy":2327.7719860293937,"weeklyFactor":0.008776810255572916},"9bXJSJ3tGjkk8QVSykcGE6KnzdKznfjWP7YXicSRFTe8":{"apy":95.2446312895773,"weeklyFactor":0.0018347855622969239},"AXSXYioiHGFvQ1XF4zCvXjnVAcMY68WQ4RH5r5nAdah5":{"apy":95.2446312895773,"weeklyFactor":0.0018347855622969239},"DzCbrMZXNG3XpXuufhBp233LJXvV8Xq1C3q4ksrtbCPP":{"apy":95.2446312895773,"weeklyFactor":0.0018347855622969239},"GmBMZ8BNeNR6mRFqu2ZaFvpxvGPXmc9Aa4a1GWFaxWMv":{"apy":95.2446312895773,"weeklyFactor":0.0018347855622969239},"FejEVPJBH5TEbgcpupNuRyiMRoeaCQwPvtVU6w3i2xRc":{"apy":380.82085973719035,"weeklyFactor":0.004311527131286171},"EWZW9aJmY2LX6ZyV5RU8waHWKF1aGaxzbuBuRQp6G4j":{"apy":95.2446312895773,"weeklyFactor":0.0018347855622969239},"2keDsfcMY6hLvfrmzDAfnMSudMqYczPVcb8MSkK59P9r":{"apy":95.2446312895773,"weeklyFactor":0.0018347855622969239},"5dX3tkVDmbHBWMCQMerAHTmd9wsRvmtKLoQt6qv9fHy7":{"apy":262.43327178216987,"weeklyFactor":0.0035340937788009624},"9fY5jLin2yYMK9Eee5diWzJRZqLaYgEUupUNsKVYAMhi":{"apy":95.2446312895773,"weeklyFactor":0.0018347855622969239},"A5U2LbZhwc6GFZtYft6MtbGHFhYyZ1pzCRQkz7D2b2YS":{"apy":95.2446312895773,"weeklyFactor":0.0018347855622969239},"B2Mq1fpJ2bZYxxtF4yz6nNvLJLaYzM3zQsHcs2oDqk3z":{"apy":95.2446312895773,"weeklyFactor":0.0018347855622969239},"6rvpVhL9fxm2WLMefNRaLwv6aNdivZadMi56teWfSkuU":{"apy":95.2446312895773,"weeklyFactor":0.0018347855622969239},"5yKHz86cvHocaQnxv4mPJjftA4w7BbJzQQr5rG9miyZ3":{"apy":95.2446312895773,"weeklyFactor":0.0018347855622969239},"BGz6pBLvc4nuGNsbXYoAE7z466kSjZaoXKJMnEkZWkyD":{"apy":95.2446312895773,"weeklyFactor":0.0018347855622969239}}