{"HbMbeaDH8xtB1a8WpwjNqcXBBGraKJjJ2xFkXEdAy1rY":{"apy":0.30436788273824344,"weeklyFactor":0.000008326216072074527},"FeKSMTD9Z22kdnMLeNWAfaTXydbhVixUPcfZDW3QS1X4":{"apy":0.30436788273824344,"weeklyFactor":0.000008326216072074527},"7drJL7kEdJfgNzeaEYKDqTkfmiG2ain3nEPtGHDZc6i2":{"apy":0.30436788273824344,"weeklyFactor":0.000008326216072074527},"4FkGNJMvKFk9PFwn8TBtk1ShUKege6D5Au87ezwLWiqk":{"apy":0.30436788273824344,"weeklyFactor":0.000008326216072074527},"HYCzZYupXUyamfTQWNkULW1EFcNPCTA5urnEXCFXkLRh":{"apy":0.30436788273824344,"weeklyFactor":0.000008326216072074527},"AvNeVrKZy1FaEG9suboRXNPgmnMwomiU5EvkF6jGxGrX":{"apy":238725.3132250679,"weeklyFactor":0.021539148254658684},"C7BLPzc1vzLL3Tm5udXELnHDRXeXkdd5f1oMKP8rwUNv":{"apy":0.30436788273824344,"weeklyFactor":0.000008326216072074527},"2SgUGxYDczrB6wUzXHPJH65pNhWkEzNMEx3km4xTYUTC":{"apy":0.30436788273824344,"weeklyFactor":0.000008326216072074527},"EWZW9aJmY2LX6ZyV5RU8waHWKF1aGaxzbuBuRQp6G4j":{"apy":0.30436788273824344,"weeklyFactor":0.000008326216072074527},"9bXJSJ3tGjkk8QVSykcGE6KnzdKznfjWP7YXicSRFTe8":{"apy":0.30436788273824344,"weeklyFactor":0.000008326216072074527},"FejEVPJBH5TEbgcpupNuRyiMRoeaCQwPvtVU6w3i2xRc":{"apy":170.75134757523082,"weeklyFactor":0.0027325778735231396},"2keDsfcMY6hLvfrmzDAfnMSudMqYczPVcb8MSkK59P9r":{"apy":0.30436788273824344,"weeklyFactor":0.000008326216072074527},"5dX3tkVDmbHBWMCQMerAHTmd9wsRvmtKLoQt6qv9fHy7":{"apy":2.558192128841963,"weeklyFactor":0.000069208366240491},"GmBMZ8BNeNR6mRFqu2ZaFvpxvGPXmc9Aa4a1GWFaxWMv":{"apy":0.30436788273824344,"weeklyFactor":0.000008326216072074527},"AXSXYioiHGFvQ1XF4zCvXjnVAcMY68WQ4RH5r5nAdah5":{"apy":0.30436788273824344,"weeklyFactor":0.000008326216072074527},"DzCbrMZXNG3XpXuufhBp233LJXvV8Xq1C3q4ksrtbCPP":{"apy":0.30436788273824344,"weeklyFactor":0.000008326216072074527},"A5U2LbZhwc6GFZtYft6MtbGHFhYyZ1pzCRQkz7D2b2YS":{"apy":0.30436788273824344,"weeklyFactor":0.000008326216072074527},"9fY5jLin2yYMK9Eee5diWzJRZqLaYgEUupUNsKVYAMhi":{"apy":0.30436788273824344,"weeklyFactor":0.000008326216072074527},"B2Mq1fpJ2bZYxxtF4yz6nNvLJLaYzM3zQsHcs2oDqk3z":{"apy":0.30436788273824344,"weeklyFactor":0.000008326216072074527},"6rvpVhL9fxm2WLMefNRaLwv6aNdivZadMi56teWfSkuU":{"apy":1.6494986013760358e+47,"weeklyFactor":0.33009651643936894},"5yKHz86cvHocaQnxv4mPJjftA4w7BbJzQQr5rG9miyZ3":{"apy":0.30436788273824344,"weeklyFactor":0.000008326216072074527},"BGz6pBLvc4nuGNsbXYoAE7z466kSjZaoXKJMnEkZWkyD":{"apy":0.30436788273824344,"weeklyFactor":0.000008326216072074527}}