{"HYCzZYupXUyamfTQWNkULW1EFcNPCTA5urnEXCFXkLRh":{"apy":0.08858455045250846,"weeklyFactor":0.0000024259025999533247},"C7BLPzc1vzLL3Tm5udXELnHDRXeXkdd5f1oMKP8rwUNv":{"apy":0.08858455045250846,"weeklyFactor":0.0000024259025999533247},"FeKSMTD9Z22kdnMLeNWAfaTXydbhVixUPcfZDW3QS1X4":{"apy":0.08858455045250846,"weeklyFactor":0.0000024259025999533247},"7drJL7kEdJfgNzeaEYKDqTkfmiG2ain3nEPtGHDZc6i2":{"apy":0.08858455045250846,"weeklyFactor":0.0000024259025999533247},"HbMbeaDH8xtB1a8WpwjNqcXBBGraKJjJ2xFkXEdAy1rY":{"apy":0.08858455045250846,"weeklyFactor":0.0000024259025999533247},"4FkGNJMvKFk9PFwn8TBtk1ShUKege6D5Au87ezwLWiqk":{"apy":0.08858455045250846,"weeklyFactor":0.0000024259025999533247},"2SgUGxYDczrB6wUzXHPJH65pNhWkEzNMEx3km4xTYUTC":{"apy":0.08858455045250846,"weeklyFactor":0.0000024259025999533247},"AvNeVrKZy1FaEG9suboRXNPgmnMwomiU5EvkF6jGxGrX":{"apy":343313.70280842547,"weeklyFactor":0.022556165318286133},"9bXJSJ3tGjkk8QVSykcGE6KnzdKznfjWP7YXicSRFTe8":{"apy":0.08858455045250846,"weeklyFactor":0.0000024259025999533247},"2keDsfcMY6hLvfrmzDAfnMSudMqYczPVcb8MSkK59P9r":{"apy":0.08858455045250846,"weeklyFactor":0.0000024259025999533247},"GmBMZ8BNeNR6mRFqu2ZaFvpxvGPXmc9Aa4a1GWFaxWMv":{"apy":0.08858455045250846,"weeklyFactor":0.0000024259025999533247},"EWZW9aJmY2LX6ZyV5RU8waHWKF1aGaxzbuBuRQp6G4j":{"apy":0.08858455045250846,"weeklyFactor":0.0000024259025999533247},"5dX3tkVDmbHBWMCQMerAHTmd9wsRvmtKLoQt6qv9fHy7":{"apy":0.7387065185609387,"weeklyFactor":0.000020164352467914947},"FejEVPJBH5TEbgcpupNuRyiMRoeaCQwPvtVU6w3i2xRc":{"apy":191.45543269460018,"weeklyFactor":0.002935030075158174},"DzCbrMZXNG3XpXuufhBp233LJXvV8Xq1C3q4ksrtbCPP":{"apy":0.08858455045250846,"weeklyFactor":0.0000024259025999533247},"AXSXYioiHGFvQ1XF4zCvXjnVAcMY68WQ4RH5r5nAdah5":{"apy":0.08858455045250846,"weeklyFactor":0.0000024259025999533247},"9fY5jLin2yYMK9Eee5diWzJRZqLaYgEUupUNsKVYAMhi":{"apy":0.08858455045250846,"weeklyFactor":0.0000024259025999533247},"A5U2LbZhwc6GFZtYft6MtbGHFhYyZ1pzCRQkz7D2b2YS":{"apy":0.08858455045250846,"weeklyFactor":0.0000024259025999533247},"B2Mq1fpJ2bZYxxtF4yz6nNvLJLaYzM3zQsHcs2oDqk3z":{"apy":0.08858455045250846,"weeklyFactor":0.0000024259025999533247},"6rvpVhL9fxm2WLMefNRaLwv6aNdivZadMi56teWfSkuU":{"apy":2.8618880691517658e+35,"weeklyFactor":0.23498607861940732},"5yKHz86cvHocaQnxv4mPJjftA4w7BbJzQQr5rG9miyZ3":{"apy":0.08858455045250846,"weeklyFactor":0.0000024259025999533247},"BGz6pBLvc4nuGNsbXYoAE7z466kSjZaoXKJMnEkZWkyD":{"apy":0.08858455045250846,"weeklyFactor":0.0000024259025999533247}}