{"7drJL7kEdJfgNzeaEYKDqTkfmiG2ain3nEPtGHDZc6i2":{"apy":77.459967797077,"weeklyFactor":0.001572673339111649},"HbMbeaDH8xtB1a8WpwjNqcXBBGraKJjJ2xFkXEdAy1rY":{"apy":77.459967797077,"weeklyFactor":0.001572673339111649},"4FkGNJMvKFk9PFwn8TBtk1ShUKege6D5Au87ezwLWiqk":{"apy":77.459967797077,"weeklyFactor":0.001572673339111649},"FeKSMTD9Z22kdnMLeNWAfaTXydbhVixUPcfZDW3QS1X4":{"apy":77.459967797077,"weeklyFactor":0.001572673339111649},"HYCzZYupXUyamfTQWNkULW1EFcNPCTA5urnEXCFXkLRh":{"apy":77.459967797077,"weeklyFactor":0.001572673339111649},"AvNeVrKZy1FaEG9suboRXNPgmnMwomiU5EvkF6jGxGrX":{"apy":1172.2074352410132,"weeklyFactor":0.006992384374283797},"2SgUGxYDczrB6wUzXHPJH65pNhWkEzNMEx3km4xTYUTC":{"apy":77.459967797077,"weeklyFactor":0.001572673339111649},"C7BLPzc1vzLL3Tm5udXELnHDRXeXkdd5f1oMKP8rwUNv":{"apy":77.459967797077,"weeklyFactor":0.001572673339111649},"GmBMZ8BNeNR6mRFqu2ZaFvpxvGPXmc9Aa4a1GWFaxWMv":{"apy":77.459967797077,"weeklyFactor":0.001572673339111649},"FejEVPJBH5TEbgcpupNuRyiMRoeaCQwPvtVU6w3i2xRc":{"apy":148.68276407611467,"weeklyFactor":0.0024990293219033957},"5dX3tkVDmbHBWMCQMerAHTmd9wsRvmtKLoQt6qv9fHy7":{"apy":178.60480169865696,"weeklyFactor":0.002811133188825394},"DzCbrMZXNG3XpXuufhBp233LJXvV8Xq1C3q4ksrtbCPP":{"apy":77.459967797077,"weeklyFactor":0.001572673339111649},"9bXJSJ3tGjkk8QVSykcGE6KnzdKznfjWP7YXicSRFTe8":{"apy":77.459967797077,"weeklyFactor":0.001572673339111649},"AXSXYioiHGFvQ1XF4zCvXjnVAcMY68WQ4RH5r5nAdah5":{"apy":77.459967797077,"weeklyFactor":0.001572673339111649},"2keDsfcMY6hLvfrmzDAfnMSudMqYczPVcb8MSkK59P9r":{"apy":77.459967797077,"weeklyFactor":0.001572673339111649},"EWZW9aJmY2LX6ZyV5RU8waHWKF1aGaxzbuBuRQp6G4j":{"apy":77.459967797077,"weeklyFactor":0.001572673339111649},"A5U2LbZhwc6GFZtYft6MtbGHFhYyZ1pzCRQkz7D2b2YS":{"apy":77.459967797077,"weeklyFactor":0.001572673339111649},"9fY5jLin2yYMK9Eee5diWzJRZqLaYgEUupUNsKVYAMhi":{"apy":77.459967797077,"weeklyFactor":0.001572673339111649},"B2Mq1fpJ2bZYxxtF4yz6nNvLJLaYzM3zQsHcs2oDqk3z":{"apy":77.459967797077,"weeklyFactor":0.001572673339111649},"6rvpVhL9fxm2WLMefNRaLwv6aNdivZadMi56teWfSkuU":{"apy":4.820531815556947e+119,"weeklyFactor":1.1009680026325128},"5yKHz86cvHocaQnxv4mPJjftA4w7BbJzQQr5rG9miyZ3":{"apy":77.459967797077,"weeklyFactor":0.001572673339111649},"BGz6pBLvc4nuGNsbXYoAE7z466kSjZaoXKJMnEkZWkyD":{"apy":77.459967797077,"weeklyFactor":0.001572673339111649}}