{"4FkGNJMvKFk9PFwn8TBtk1ShUKege6D5Au87ezwLWiqk":{"apy":0.0001859067003895376,"weeklyFactor":5.093329524162042e-9},"HbMbeaDH8xtB1a8WpwjNqcXBBGraKJjJ2xFkXEdAy1rY":{"apy":0.0001859067003895376,"weeklyFactor":5.093329524162042e-9},"FeKSMTD9Z22kdnMLeNWAfaTXydbhVixUPcfZDW3QS1X4":{"apy":0.0001859067003895376,"weeklyFactor":5.093329524162042e-9},"7drJL7kEdJfgNzeaEYKDqTkfmiG2ain3nEPtGHDZc6i2":{"apy":0.0001859067003895376,"weeklyFactor":5.093329524162042e-9},"HYCzZYupXUyamfTQWNkULW1EFcNPCTA5urnEXCFXkLRh":{"apy":0.0001859067003895376,"weeklyFactor":5.093329524162042e-9},"AvNeVrKZy1FaEG9suboRXNPgmnMwomiU5EvkF6jGxGrX":{"apy":24.965439454465297,"weeklyFactor":0.0006107810500648834},"2SgUGxYDczrB6wUzXHPJH65pNhWkEzNMEx3km4xTYUTC":{"apy":0.0001859067003895376,"weeklyFactor":5.093329524162042e-9},"C7BLPzc1vzLL3Tm5udXELnHDRXeXkdd5f1oMKP8rwUNv":{"apy":0.0001859067003895376,"weeklyFactor":5.093329524162042e-9},"EWZW9aJmY2LX6ZyV5RU8waHWKF1aGaxzbuBuRQp6G4j":{"apy":0.0001859067003895376,"weeklyFactor":5.093329524162042e-9},"2keDsfcMY6hLvfrmzDAfnMSudMqYczPVcb8MSkK59P9r":{"apy":0.0001859067003895376,"weeklyFactor":5.093329524162042e-9},"9bXJSJ3tGjkk8QVSykcGE6KnzdKznfjWP7YXicSRFTe8":{"apy":0.0001859067003895376,"weeklyFactor":5.093329524162042e-9},"DzCbrMZXNG3XpXuufhBp233LJXvV8Xq1C3q4ksrtbCPP":{"apy":0.0001859067003895376,"weeklyFactor":5.093329524162042e-9},"AXSXYioiHGFvQ1XF4zCvXjnVAcMY68WQ4RH5r5nAdah5":{"apy":0.0001859067003895376,"weeklyFactor":5.093329524162042e-9},"5dX3tkVDmbHBWMCQMerAHTmd9wsRvmtKLoQt6qv9fHy7":{"apy":282.8633826939053,"weeklyFactor":0.003684876735435739},"FejEVPJBH5TEbgcpupNuRyiMRoeaCQwPvtVU6w3i2xRc":{"apy":0.26381973039366624,"weeklyFactor":0.00000721844624484324},"GmBMZ8BNeNR6mRFqu2ZaFvpxvGPXmc9Aa4a1GWFaxWMv":{"apy":0.0001859067003895376,"weeklyFactor":5.093329524162042e-9},"A5U2LbZhwc6GFZtYft6MtbGHFhYyZ1pzCRQkz7D2b2YS":{"apy":0.0001859067003895376,"weeklyFactor":5.093329524162042e-9},"9fY5jLin2yYMK9Eee5diWzJRZqLaYgEUupUNsKVYAMhi":{"apy":0.0001859067003895376,"weeklyFactor":5.093329524162042e-9},"B2Mq1fpJ2bZYxxtF4yz6nNvLJLaYzM3zQsHcs2oDqk3z":{"apy":0.0001859067003895376,"weeklyFactor":5.093329524162042e-9},"5yKHz86cvHocaQnxv4mPJjftA4w7BbJzQQr5rG9miyZ3":{"apy":0.0001859067003895376,"weeklyFactor":5.093329524162042e-9},"6rvpVhL9fxm2WLMefNRaLwv6aNdivZadMi56teWfSkuU":{"apy":19.725894819928858,"weeklyFactor":0.0004933675127856807},"BGz6pBLvc4nuGNsbXYoAE7z466kSjZaoXKJMnEkZWkyD":{"apy":0.0001859067003895376,"weeklyFactor":5.093329524162042e-9}}